[
    {
        "wordCn": "美人鱼遮阳帽",
        "wordFr": "bob mermaid"
    },
    {
        "wordCn": "水瓶",
        "wordFr": "bouteille"
    },
    {
        "wordCn": "剪裁款腰带",
        "wordFr": "ceinture à découpes"
    },
    {
        "wordCn": "牛仔帽",
        "wordFr": "chapeau de cowboy"
    },
    {
        "wordCn": "勾针帽",
        "wordFr": "chapeau en crochet"
    },
    {
        "wordCn": "仙人掌饰件",
        "wordFr": "charm cactus"
    },
    {
        "wordCn": "渐变饰件",
        "wordFr": "charm dégradé"
    },
    {
        "wordCn": "棕榈沙滩巾",
        "wordFr": "serviette de plage palm"
    },
    {
        "wordCn": "零钱包、卡夹",
        "wordFr": " porte-monnaie et porte-cartes"
    },
    {
        "wordCn": "扇子",
        "wordFr": "éventail"
    },
    {
        "wordCn": "手提包配饰",
        "wordFr": "accessoire de sac"
    },
    {
        "wordCn": "姓名牌",
        "wordFr": "badge porte-nom"
    },
    {
        "wordCn": "戒指",
        "wordFr": "bague"
    },
    {
        "wordCn": "沙丘戒指",
        "wordFr": "bague dune"
    },
    {
        "wordCn": "我的最爱戒指",
        "wordFr": "bague ma preference"
    },
    {
        "wordCn": "彩虹戒指",
        "wordFr": "bague rainbow"
    },
    {
        "wordCn": "滑雪面罩",
        "wordFr": "balaclava"
    },
    {
        "wordCn": "头巾",
        "wordFr": "bandana"
    },
    {
        "wordCn": "格纹轻薄嘎巴甸班丹纳围巾",
        "wordFr": "bandana en gabardine tropicale check"
    },
    {
        "wordCn": "束带",
        "wordFr": "bandeau"
    },
    {
        "wordCn": "人造皮草头巾",
        "wordFr": "bandeau imitation fourrure"
    },
    {
        "wordCn": "发夹",
        "wordFr": "barette à cheveux"
    },
    {
        "wordCn": "发夹",
        "wordFr": "barrette"
    },
    {
        "wordCn": "标识印花牛皮革、铁合金和人造革发夹",
        "wordFr": "barrette à cheveux celine toile triomphe cuir de veau, acier et toile"
    },
    {
        "wordCn": "提花品牌标识软帽",
        "wordFr": "beanie à logo jacquard"
    },
    {
        "wordCn": "贝雷帽",
        "wordFr": "beret"
    },
    {
        "wordCn": "包饰",
        "wordFr": "bijou de sac"
    },
    {
        "wordCn": "包饰与钥匙扣",
        "wordFr": "bijou de sac et porte-clés"
    },
    {
        "wordCn": "金属牌包饰",
        "wordFr": "bijou de sac plaque"
    },
    {
        "wordCn": "遮阳帽",
        "wordFr": "bob"
    },
    {
        "wordCn": "再生牛仔渔夫帽",
        "wordFr": "bob en denim regenerated"
    },
    {
        "wordCn": "双面渔夫帽",
        "wordFr": "bob réversible"
    },
    {
        "wordCn": "双面窄檐桶帽",
        "wordFr": "bob réversible à petit bord"
    },
    {
        "wordCn": "窄檐桶帽",
        "wordFr": "bob à petit bord"
    },
    {
        "wordCn": "绒帽",
        "wordFr": "bonnet"
    },
    {
        "wordCn": "无缝山羊绒钟形帽",
        "wordFr": "bonnet cachemire seamless"
    },
    {
        "wordCn": "大象图案无边便帽",
        "wordFr": "bonnet de marque elephant"
    },
    {
        "wordCn": "羊驼软帽",
        "wordFr": "bonnet en alpaga"
    },
    {
        "wordCn": "反光羊绒软帽",
        "wordFr": "bonnet en cachemire réfléchissant"
    },
    {
        "wordCn": "标识羊毛帽",
        "wordFr": "bonnet en laine avec logo"
    },
    {
        "wordCn": "镂空针织软帽",
        "wordFr": "bonnet en maille pointelle"
    },
    {
        "wordCn": "格纹马海毛混纺针织帽",
        "wordFr": "bonnet en mohair et soie mélangés check"
    },
    {
        "wordCn": "贴片软帽",
        "wordFr": "bonnet patch"
    },
    {
        "wordCn": "纯山羊绒软帽",
        "wordFr": "bonnet pur cachemire"
    },
    {
        "wordCn": "品牌标识绒帽",
        "wordFr": "bonnet à logo"
    },
    {
        "wordCn": "宝石耳环",
        "wordFr": "boucle d'oreilles pierres precieuses"
    },
    {
        "wordCn": "귀걸이",
        "wordFr": "boucles d'oreilles"
    },
    {
        "wordCn": "手链",
        "wordFr": "bracelet"
    },
    {
        "wordCn": "双圈手镯",
        "wordFr": "bracelet double tour"
    },
    {
        "wordCn": "徽标网眼颈带",
        "wordFr": "cache-col avec logo en grille"
    },
    {
        "wordCn": "大象图案颈带",
        "wordFr": "cache-col de marque elephant"
    },
    {
        "wordCn": "羊绒",
        "wordFr": "cachemire"
    },
    {
        "wordCn": "方巾",
        "wordFr": "carré"
    },
    {
        "wordCn": "方巾",
        "wordFr": "carré dior oblique"
    },
    {
        "wordCn": "方形太阳镜",
        "wordFr": "carré lunettes de soleil"
    },
    {
        "wordCn": "方巾",
        "wordFr": "carré mizza"
    },
    {
        "wordCn": "印花真丝斜纹方巾",
        "wordFr": "carré twill soie imprimé"
    },
    {
        "wordCn": "印花方巾",
        "wordFr": "carré zodiac"
    },
    {
        "wordCn": "棒球帽",
        "wordFr": "casquette"
    },
    {
        "wordCn": "双色棒球帽",
        "wordFr": "casquette bicolore"
    },
    {
        "wordCn": "刺绣棒球帽",
        "wordFr": "casquette brodée"
    },
    {
        "wordCn": "人造羊毛棒球帽",
        "wordFr": "casquette de baseball en faux shearling"
    },
    {
        "wordCn": "仿皮草棒球帽",
        "wordFr": "casquette de baseball imitation fourrure"
    },
    {
        "wordCn": "再生尼龙棒球帽",
        "wordFr": "casquette en"
    },
    {
        "wordCn": "éé光感面料棒球帽",
        "wordFr": "casquette en vinyle"
    },
    {
        "wordCn": "大号刺绣棒球帽",
        "wordFr": "casquette large brodé"
    },
    {
        "wordCn": "制造棒球帽",
        "wordFr": "casquette manufacture"
    },
    {
        "wordCn": "双面帽子",
        "wordFr": "casquette réversible"
    },
    {
        "wordCn": "标识棒球帽",
        "wordFr": "casquette à logo"
    },
    {
        "wordCn": "腰带",
        "wordFr": "ceinture"
    },
    {
        "wordCn": "颠倒字母带扣腰带",
        "wordFr": "ceinture anagram"
    },
    {
        "wordCn": "厘米宽颠倒字母带扣腰带",
        "wordFr": "ceinture anagram 4cm"
    },
    {
        "wordCn": "酒椰效果带搭扣腰带",
        "wordFr": "ceinture avec boucle effet raphia"
    },
    {
        "wordCn": "皮革腰带",
        "wordFr": "ceinture cuir lisse"
    },
    {
        "wordCn": "双面皮革双绕腰带",
        "wordFr": "ceinture double tour en cuir réversible"
    },
    {
        "wordCn": "皮革腰带",
        "wordFr": "ceinture en cuir"
    },
    {
        "wordCn": "双扣皮革腰带鳄鱼",
        "wordFr": "ceinture en cuir croco à double fermoir"
    },
    {
        "wordCn": "粒面皮革腰带",
        "wordFr": "ceinture en cuir de veau grainé"
    },
    {
        "wordCn": "光面皮腰带",
        "wordFr": "ceinture en cuir lisse"
    },
    {
        "wordCn": "黑色皮革刺绣腰带",
        "wordFr": "ceinture en cuir noire avec broderies"
    },
    {
        "wordCn": "交织字母图案双面皮革腰带",
        "wordFr": "ceinture en cuir réversible monogram"
    },
    {
        "wordCn": "提花腰带",
        "wordFr": "ceinture en jacquard"
    },
    {
        "wordCn": "小牛皮腰带",
        "wordFr": "ceinture en veau"
    },
    {
        "wordCn": "光滑小牛皮腰带",
        "wordFr": "ceinture en veau lisse"
    },
    {
        "wordCn": "植鞣小牛皮腰带",
        "wordFr": "ceinture en veau végétal"
    },
    {
        "wordCn": "酒椰效果弹力腰带",
        "wordFr": "ceinture en élastique effet raphia"
    },
    {
        "wordCn": "腰带（厘米）",
        "wordFr": "ceinture h. 2 cm"
    },
    {
        "wordCn": "腰带（厘米）",
        "wordFr": "ceinture h. 4 cm"
    },
    {
        "wordCn": "腰带（厘米）",
        "wordFr": "ceinture h. 70"
    },
    {
        "wordCn": "大号皮带",
        "wordFr": "ceinture large"
    },
    {
        "wordCn": "大号椭圆扣腰带",
        "wordFr": "ceinture large en cuir"
    },
    {
        "wordCn": "酒椰纤维宽腰带",
        "wordFr": "ceinture large en raphia"
    },
    {
        "wordCn": "锁扣腰带",
        "wordFr": "ceinture lock"
    },
    {
        "wordCn": "标识腰带",
        "wordFr": "ceinture logo"
    },
    {
        "wordCn": "毫米双面腰带",
        "wordFr": "ceinture mm réversible"
    },
    {
        "wordCn": "中号光滑牛皮革腰带",
        "wordFr": "ceinture moyen modèle veau lisse"
    },
    {
        "wordCn": "双面腰带",
        "wordFr": "ceinture réversible"
    },
    {
        "wordCn": "皮革双面腰带",
        "wordFr": "ceinture réversible en cuir"
    },
    {
        "wordCn": "弹力腰带",
        "wordFr": "ceinture stretch"
    },
    {
        "wordCn": "编织款腰带",
        "wordFr": "ceinture tressée"
    },
    {
        "wordCn": "三角搭扣腰带",
        "wordFr": "ceinture triangle"
    },
    {
        "wordCn": "双面腰带（厘米）",
        "wordFr": "ceinture vlogo réversible h. 7 cm"
    },
    {
        "wordCn": "椭圆扣腰带",
        "wordFr": "ceinture à boucle ovale"
    },
    {
        "wordCn": "标识腰带",
        "wordFr": "ceinture à logo"
    },
    {
        "wordCn": "刺绣黄铜链",
        "wordFr": "chaine brodée en laiton"
    },
    {
        "wordCn": "女帽",
        "wordFr": "chapeau"
    },
    {
        "wordCn": "羊毛贝雷帽",
        "wordFr": "chapeau basque en laine"
    },
    {
        "wordCn": "格子渔夫帽",
        "wordFr": "chapeau bob en vichy"
    },
    {
        "wordCn": "宽檐帽",
        "wordFr": "chapeau capeline"
    },
    {
        "wordCn": "不对称帽檐钟形帽",
        "wordFr": "chapeau cloche asymétrique"
    },
    {
        "wordCn": "丝绒钟形帽",
        "wordFr": "chapeau cloche en velours"
    },
    {
        "wordCn": "钩针帽",
        "wordFr": "chapeau crchet"
    },
    {
        "wordCn": "毡帽",
        "wordFr": "chapeau en feutre"
    },
    {
        "wordCn": "磨毛毡帽",
        "wordFr": "chapeau en feutre brossé"
    },
    {
        "wordCn": "新艺术风格中等宽度帽檐毡帽",
        "wordFr": "chapeau en feutre à bord moyen art nouveau"
    },
    {
        "wordCn": "棒球帽",
        "wordFr": "chapeau en maille"
    },
    {
        "wordCn": "优质女帽",
        "wordFr": "chapeau folar de qualité supérieure"
    },
    {
        "wordCn": "菱格纹帽",
        "wordFr": "chapeau matelassé"
    },
    {
        "wordCn": "巴拿马帽",
        "wordFr": "chapeau panama"
    },
    {
        "wordCn": "半钩针巴拿马帽",
        "wordFr": "chapeau panama semicrochet"
    },
    {
        "wordCn": "条纹帽",
        "wordFr": "chapeau stripe de"
    },
    {
        "wordCn": "编织酒椰帽",
        "wordFr": "chapeau traissé raphia"
    },
    {
        "wordCn": "宽檐帽",
        "wordFr": "chapeau à long bord"
    },
    {
        "wordCn": "窄檐帽",
        "wordFr": "chapeau à petit bord"
    },
    {
        "wordCn": "袜子",
        "wordFr": "chaussettes"
    },
    {
        "wordCn": "色块袜",
        "wordFr": "chaussettes color block"
    },
    {
        "wordCn": "条纹短袜",
        "wordFr": "chaussettes courtes rayées"
    },
    {
        "wordCn": "针织袜",
        "wordFr": "chaussettes en maille"
    },
    {
        "wordCn": "网眼长袜",
        "wordFr": "chaussettes hautes avec grille"
    },
    {
        "wordCn": "徽标袜子",
        "wordFr": "chaussettes à logo"
    },
    {
        "wordCn": "披肩",
        "wordFr": "châle"
    },
    {
        "wordCn": "披肩",
        "wordFr": "châle denim"
    },
    {
        "wordCn": "印花披肩",
        "wordFr": "châle oblique"
    },
    {
        "wordCn": "印花披肩",
        "wordFr": "châle oblique denim"
    },
    {
        "wordCn": "钥匙扣",
        "wordFr": "cloche-clé"
    },
    {
        "wordCn": "传奇“夫人”系列套装",
        "wordFr": "coffret \"my lady\" legende black white 90"
    },
    {
        "wordCn": "天堂鸟“夫人”系列套装",
        "wordFr": "coffret \"my lady\" oiseaux du paradis"
    },
    {
        "wordCn": "午夜歌剧院“夫人”系列套装",
        "wordFr": "coffret \"my lady\" théâtre de nuit 90"
    },
    {
        "wordCn": "舞曲粉红“母女”系列套装",
        "wordFr": "coffret \"mère fille\" la danse pink"
    },
    {
        "wordCn": "午夜歌剧院“母女”系列套装",
        "wordFr": "coffret \"mère fille\" théâtre de nuit"
    },
    {
        "wordCn": "小鸟图案束带件套装",
        "wordFr": "coffret 3 fétiches à nouer oiseaux"
    },
    {
        "wordCn": "天堂图案束带件套装",
        "wordFr": "coffret 3 fétiches à nouer paradisiaque"
    },
    {
        "wordCn": "零钱包",
        "wordFr": "coin case"
    },
    {
        "wordCn": "衣领",
        "wordFr": "col"
    },
    {
        "wordCn": "心灵捕手项链",
        "wordFr": "collier attrape coeur"
    },
    {
        "wordCn": "链项链",
        "wordFr": "collier chain"
    },
    {
        "wordCn": "宝石项链",
        "wordFr": "collier pierres precieuses"
    },
    {
        "wordCn": "链带长款皮夹",
        "wordFr": "continental with chain"
    },
    {
        "wordCn": "手机套",
        "wordFr": "coque case"
    },
    {
        "wordCn": "智能手机壳",
        "wordFr": "coque smartphone"
    },
    {
        "wordCn": "毛毯",
        "wordFr": "couverture"
    },
    {
        "wordCn": "花卉图案钥匙扣",
        "wordFr": "couvre-clef en cuir à motifs fleuris"
    },
    {
        "wordCn": "双面领带",
        "wordFr": "cravate twin double bee"
    },
    {
        "wordCn": "钩针手套",
        "wordFr": "crochet glove"
    },
    {
        "wordCn": "丝巾",
        "wordFr": "dior oblique"
    },
    {
        "wordCn": "羊驼衬里",
        "wordFr": "doublure alpaga"
    },
    {
        "wordCn": "羊驼呢内衬手套",
        "wordFr": "doublure en alpaga"
    },
    {
        "wordCn": "兔毛衬里",
        "wordFr": "doublure en lapin"
    },
    {
        "wordCn": "丝绸内衬手套",
        "wordFr": "doublure en soie"
    },
    {
        "wordCn": "围巾",
        "wordFr": "echarpe"
    },
    {
        "wordCn": "格纹围巾",
        "wordFr": "echarpe check"
    },
    {
        "wordCn": "山羊绒围巾",
        "wordFr": "echarpe en cachemire"
    },
    {
        "wordCn": "山羊绒、真丝围巾",
        "wordFr": "echarpe en cachemire et soie"
    },
    {
        "wordCn": "超大格纹山羊绒围巾",
        "wordFr": "echarpe en cachemire giant check"
    },
    {
        "wordCn": "骆驼毛围巾",
        "wordFr": "echarpe en laine de chameau"
    },
    {
        "wordCn": "混纺超大尺寸羊毛围巾",
        "wordFr": "echarpe en laine mélangée oversize"
    },
    {
        "wordCn": "超大尺寸羊毛围巾",
        "wordFr": "echarpe en laine oversize"
    },
    {
        "wordCn": "围巾休闲",
        "wordFr": "echarpe leisure"
    },
    {
        "wordCn": "字母花押羊毛围巾",
        "wordFr": "echarpe monogramme en laine"
    },
    {
        "wordCn": "超大尺寸格纹围巾",
        "wordFr": "echarpe oversize check"
    },
    {
        "wordCn": "马海毛条纹围巾",
        "wordFr": "echarpe rayée en mohair"
    },
    {
        "wordCn": "签名款围巾",
        "wordFr": "echarpe signature"
    },
    {
        "wordCn": "军装印花围巾",
        "wordFr": "echarpe à imprimé militaire"
    },
    {
        "wordCn": "头绳",
        "wordFr": "elastique à cheveux"
    },
    {
        "wordCn": "羊绒皮手套",
        "wordFr": "en peau lainée"
    },
    {
        "wordCn": "名片夹",
        "wordFr": "etui pour cartes"
    },
    {
        "wordCn": "手机壳",
        "wordFr": "etui pour téléphone"
    },
    {
        "wordCn": "棒球帽",
        "wordFr": "fedora en raphia"
    },
    {
        "wordCn": "发夹",
        "wordFr": "fermoir"
    },
    {
        "wordCn": "方巾",
        "wordFr": "foulard"
    },
    {
        "wordCn": "大象图案围巾",
        "wordFr": "foulard de marque elephant"
    },
    {
        "wordCn": "签名款花押字母丝绸围巾",
        "wordFr": "foulard en soie monogramme signature"
    },
    {
        "wordCn": "印花围巾",
        "wordFr": "foulard imprimé"
    },
    {
        "wordCn": "花押字母丝绸方巾",
        "wordFr": "foulard monogram en soie"
    },
    {
        "wordCn": "时装秀围巾",
        "wordFr": "foulard show"
    },
    {
        "wordCn": "编织棉质沙滩巾",
        "wordFr": "fouta de plage coton tissé"
    },
    {
        "wordCn": "系带款吉祥饰带",
        "wordFr": "fétiche à nouer"
    },
    {
        "wordCn": "绿松石白鹦束带",
        "wordFr": "fétiche à nouer cacatoès turquoise"
    },
    {
        "wordCn": "经典蓝束带",
        "wordFr": "fétiche à nouer classic blue"
    },
    {
        "wordCn": "暮光粉系带款吉祥饰带",
        "wordFr": "fétiche à nouer crepuscule pink"
    },
    {
        "wordCn": "蓝、木槿花系带款吉祥饰带",
        "wordFr": "fétiche à nouer hibiscus blue & green"
    },
    {
        "wordCn": "霓虹木槿系带款吉祥饰带",
        "wordFr": "fétiche à nouer hibiscus néon"
    },
    {
        "wordCn": "红色木槿束带",
        "wordFr": "fétiche à nouer hibiscus red"
    },
    {
        "wordCn": "软蜡泻湖系袋款吉祥饰带",
        "wordFr": "fétiche à nouer soft wax lagon"
    },
    {
        "wordCn": "手套",
        "wordFr": "gants"
    },
    {
        "wordCn": "手套",
        "wordFr": "gants bb"
    },
    {
        "wordCn": "真丝内衬手套",
        "wordFr": "gants doublure soie"
    },
    {
        "wordCn": "羊绒手套",
        "wordFr": "gants en cachemire"
    },
    {
        "wordCn": "带标识羊毛手套",
        "wordFr": "gants en laines avec logo"
    },
    {
        "wordCn": "丝绸内衬触屏手套",
        "wordFr": "gants tactile doublure soie"
    },
    {
        "wordCn": "经典条纹大方巾",
        "wordFr": "grand carré avec rayures iconiques"
    },
    {
        "wordCn": "大号皮革钱包",
        "wordFr": "grand portefeuille en cuir"
    },
    {
        "wordCn": "大号压花光滑牛皮革拉链钱包",
        "wordFr": "grand portefeuille veau naturel embossé"
    },
    {
        "wordCn": "大号压花小牛皮拉链钱包",
        "wordFr": "grand portefeuille zippé en veau naturel embossé"
    },
    {
        "wordCn": "大号粒面牛皮革翻盖钱包",
        "wordFr": "grand portefeuille à rabat veau grainé"
    },
    {
        "wordCn": "大号手拿包",
        "wordFr": "grande pochette plate"
    },
    {
        "wordCn": "大围巾",
        "wordFr": "grande écharpe"
    },
    {
        "wordCn": "不规则太阳镜",
        "wordFr": "irregular lunettes de soleil"
    },
    {
        "wordCn": "杰克太阳镜",
        "wordFr": "jack lunettes de soleil"
    },
    {
        "wordCn": "手镯",
        "wordFr": "jonc"
    },
    {
        "wordCn": "套装靠枕和眼罩",
        "wordFr": "kit coussin et masque"
    },
    {
        "wordCn": "棒球帽",
        "wordFr": "la casquette"
    },
    {
        "wordCn": "方形腰带",
        "wordFr": "la ceinture carrée"
    },
    {
        "wordCn": "羊毛、真丝",
        "wordFr": "laine soie"
    },
    {
        "wordCn": "遮阳帽",
        "wordFr": "le bob"
    },
    {
        "wordCn": "光面毡帽",
        "wordFr": "le chapeau en feutre doux"
    },
    {
        "wordCn": "钥匙环",
        "wordFr": "le porte cle"
    },
    {
        "wordCn": "老虎",
        "wordFr": "le tigre"
    },
    {
        "wordCn": "真皮腰带",
        "wordFr": "leather"
    },
    {
        "wordCn": "细镜腿眼镜",
        "wordFr": "lunettes branches fines"
    },
    {
        "wordCn": "太阳眼镜",
        "wordFr": "lunettes de soleil"
    },
    {
        "wordCn": "太阳镜",
        "wordFr": "lunettes de soleil  mitre"
    },
    {
        "wordCn": "醋酸酯太阳眼镜",
        "wordFr": "lunettes de soleil 06"
    },
    {
        "wordCn": "飞行员太阳眼镜",
        "wordFr": "lunettes de soleil aviateur"
    },
    {
        "wordCn": "醋酸酯黑色边框太阳眼镜",
        "wordFr": "lunettes de soleil black frame 04 acétate"
    },
    {
        "wordCn": "醋酸酯镜框太阳眼镜配偏光镜片",
        "wordFr": "lunettes de soleil black frame 04 acétate avec verres polarisés"
    },
    {
        "wordCn": "黑框醋酸纤维和金属太阳眼镜",
        "wordFr": "lunettes de soleil black frame en acétate et métal"
    },
    {
        "wordCn": "太阳眼镜",
        "wordFr": "lunettes de soleil bolt"
    },
    {
        "wordCn": "醋酸酯正方形太阳眼镜配偏光镜片",
        "wordFr": "lunettes de soleil carré s130 acétate"
    },
    {
        "wordCn": "太阳镜",
        "wordFr": "lunettes de soleil classic"
    },
    {
        "wordCn": "醋酸纤维太阳眼镜",
        "wordFr": "lunettes de soleil en acétate"
    },
    {
        "wordCn": "醋酸酯太阳眼镜",
        "wordFr": "lunettes de soleil graphic s219 acétate"
    },
    {
        "wordCn": "六边形太阳镜",
        "wordFr": "lunettes de soleil hexagonales"
    },
    {
        "wordCn": "太阳眼镜",
        "wordFr": "lunettes de soleil masque"
    },
    {
        "wordCn": "金属框太阳镜",
        "wordFr": "lunettes de soleil metal frame"
    },
    {
        "wordCn": "金属镜框太阳眼镜配偏光镜片",
        "wordFr": "lunettes de soleil metal frame 01 verres polarisés"
    },
    {
        "wordCn": "金属镜框太阳眼镜",
        "wordFr": "lunettes de soleil metal frame 06"
    },
    {
        "wordCn": "金属镜框太阳眼镜配无机玻璃镜片",
        "wordFr": "lunettes de soleil metal frame 06 verres minéraux"
    },
    {
        "wordCn": "金属框太阳镜",
        "wordFr": "lunettes de soleil metal frame 09"
    },
    {
        "wordCn": "金属镜框太阳眼镜",
        "wordFr": "lunettes de soleil monture métallique"
    },
    {
        "wordCn": "金属镜架太阳镜",
        "wordFr": "lunettes de soleil monture métallique 00"
    },
    {
        "wordCn": "醋酸酯猫眼形太阳眼镜配无机玻璃镜片",
        "wordFr": "lunettes de soleil oeil de chat s003 acétate avec verres minéraux"
    },
    {
        "wordCn": "醋酸酯猫眼形太阳眼镜配偏光镜片",
        "wordFr": "lunettes de soleil oeil de chat s004  acétate"
    },
    {
        "wordCn": "醋酸酯超大号太阳眼镜",
        "wordFr": "lunettes de soleil oversized s002 acétate"
    },
    {
        "wordCn": "醋酸酯超大号太阳眼镜配偏光镜片",
        "wordFr": "lunettes de soleil oversized s002 acétate avec verres polarisés"
    },
    {
        "wordCn": "醋酸酯蝴蝶形太阳眼镜",
        "wordFr": "lunettes de soleil papillon s005 acétate"
    },
    {
        "wordCn": "圆形太阳镜",
        "wordFr": "lunettes de soleil rondes"
    },
    {
        "wordCn": "圆形太阳眼镜",
        "wordFr": "lunettes de soleil round"
    },
    {
        "wordCn": "太阳眼镜",
        "wordFr": "lunettes de soleil slant"
    },
    {
        "wordCn": "太阳镜",
        "wordFr": "lunettes de soleil underline"
    },
    {
        "wordCn": "太阳镜",
        "wordFr": "lunettes de soleil wing"
    },
    {
        "wordCn": "细镜腿太阳镜",
        "wordFr": "lunettes de soleil à branches fines"
    },
    {
        "wordCn": "铰链太阳镜",
        "wordFr": "lunettes de soleil à charnière"
    },
    {
        "wordCn": "醋酸纤维太阳眼镜",
        "wordFr": "lunettes soleil en acétate"
    },
    {
        "wordCn": "睡眠眼罩与收纳袋",
        "wordFr": "masque de nuit et pochette"
    },
    {
        "wordCn": "滑雪面罩",
        "wordFr": "masque de ski"
    },
    {
        "wordCn": "人造毛皮面罩",
        "wordFr": "masque imitation fourrure"
    },
    {
        "wordCn": "迷你钱包",
        "wordFr": "mini portefeuille"
    },
    {
        "wordCn": "迷你手袋",
        "wordFr": "mini sac"
    },
    {
        "wordCn": "拉链迷你钱包",
        "wordFr": "mini zippy"
    },
    {
        "wordCn": "短款迷你钱包",
        "wordFr": "mini-portefeuille compact"
    },
    {
        "wordCn": "迷你三折钱包",
        "wordFr": "mini-portefeuille pliant"
    },
    {
        "wordCn": "多用钱包",
        "wordFr": "multi-portefeuille"
    },
    {
        "wordCn": "中号置物盘",
        "wordFr": "organiseur de bureau mm"
    },
    {
        "wordCn": "小号置物盘",
        "wordFr": "organiseur de bureau pm"
    },
    {
        "wordCn": "特色橙色卷边",
        "wordFr": "original roulotté orange"
    },
    {
        "wordCn": "椭圆形太阳镜",
        "wordFr": "oval lunettes de soleil"
    },
    {
        "wordCn": "沙滩巾",
        "wordFr": "paréo"
    },
    {
        "wordCn": "护照保护套",
        "wordFr": "passport cover"
    },
    {
        "wordCn": "卡片夹",
        "wordFr": "pc tu"
    },
    {
        "wordCn": "小号亮片帆布钱包",
        "wordFr": "petit porte monnaie toile et paillettes"
    },
    {
        "wordCn": "小号全拉链卡包",
        "wordFr": "petit porte-cartes avec fermeture à glissière sur le pourtour"
    },
    {
        "wordCn": "小号钱包",
        "wordFr": "petit portefeuille"
    },
    {
        "wordCn": "小号皮革钱包",
        "wordFr": "petit portefeuille en cuir"
    },
    {
        "wordCn": "凯旋小号帆布和小羊皮钱包",
        "wordFr": "petit portefeuille en toile triomphe et agneau"
    },
    {
        "wordCn": "小号鳄鱼纹压花小牛皮三折钱包",
        "wordFr": "petit portefeuille en veau façon crocodile"
    },
    {
        "wordCn": "粒面小牛皮小号钱包",
        "wordFr": "petit portefeuille en veau grainé"
    },
    {
        "wordCn": "帆布、羊羔皮手袋",
        "wordFr": "petit portefeuille toile et agneau"
    },
    {
        "wordCn": "凯旋帆布的小凯旋钱包",
        "wordFr": "petit portefeuille triomphe en toile triomphe"
    },
    {
        "wordCn": "小号双色粒面牛皮革饰带钱包",
        "wordFr": "petit portefeuille veau grainé"
    },
    {
        "wordCn": "小号竖款钱包",
        "wordFr": "petit portefeuille vertical"
    },
    {
        "wordCn": "小号翻盖钱包",
        "wordFr": "petit portefeuille à rabat"
    },
    {
        "wordCn": "手拿包",
        "wordFr": "petit sac à bandoulière en veau"
    },
    {
        "wordCn": "小号化妆包",
        "wordFr": "petite pochette de toilette"
    },
    {
        "wordCn": "帆布、羊羔皮小号手拿包",
        "wordFr": "petite pochette en toile et agneau"
    },
    {
        "wordCn": "小号扁平手拿包",
        "wordFr": "petite pochette plate"
    },
    {
        "wordCn": "飞行员太阳镜",
        "wordFr": "pilote lunettes de soleil"
    },
    {
        "wordCn": "冲浪板",
        "wordFr": "planche de surf"
    },
    {
        "wordCn": "化妆包",
        "wordFr": "pochette de maquillage"
    },
    {
        "wordCn": "手机包",
        "wordFr": "pochette de téléphone"
    },
    {
        "wordCn": "酒椰纤维手机袋",
        "wordFr": "pochette de téléphone en raphia"
    },
    {
        "wordCn": "酒椰纤维金银纱手机袋",
        "wordFr": "pochette de téléphone en raphia et lurex"
    },
    {
        "wordCn": "皮革挂包",
        "wordFr": "pochette en cuir"
    },
    {
        "wordCn": "缎面小牛皮链带手拿包",
        "wordFr": "pochette maillon triomphe en veau satiné"
    },
    {
        "wordCn": "大号扁平手拿包",
        "wordFr": "pochette plate grande"
    },
    {
        "wordCn": "钥匙夹手拿包",
        "wordFr": "pochette pour clés"
    },
    {
        "wordCn": "马鞍手拿包",
        "wordFr": "pochette saddle en veau"
    },
    {
        "wordCn": "拉链手包配可拆卸卡片夹",
        "wordFr": "pochette zippée avec porte-cartes amovible"
    },
    {
        "wordCn": "标识手袋",
        "wordFr": "pochette à logo"
    },
    {
        "wordCn": "鹦鹉鱼",
        "wordFr": "poissons perroquets"
    },
    {
        "wordCn": "斗篷",
        "wordFr": "poncho"
    },
    {
        "wordCn": "复古织物格纹折叠卡包",
        "wordFr": "porte carte pliant"
    },
    {
        "wordCn": "牛皮翻盖卡包",
        "wordFr": "porte carte à rabat taurillon"
    },
    {
        "wordCn": "卡包",
        "wordFr": "porte cartes"
    },
    {
        "wordCn": "半月形皮革卡包",
        "wordFr": "porte cartes demi-lune en cuir"
    },
    {
        "wordCn": "卡夹和零钱包",
        "wordFr": "porte cartes et monnaie"
    },
    {
        "wordCn": "提花帆布马鞍卡夹",
        "wordFr": "porte cartes à goussets saddle en toile jacquard"
    },
    {
        "wordCn": "包饰与钥匙扣",
        "wordFr": "porte clés"
    },
    {
        "wordCn": "瓶套",
        "wordFr": "porte-bouteille"
    },
    {
        "wordCn": "证件卡包",
        "wordFr": "porte-carte d'identité"
    },
    {
        "wordCn": "字母花押皮革卡包",
        "wordFr": "porte-carte en cuir débossé monogramme"
    },
    {
        "wordCn": "信封卡包",
        "wordFr": "porte-carte enveloppe"
    },
    {
        "wordCn": "字母花押皮革链带卡包",
        "wordFr": "porte-carte à chaîne en cuir débossé monogramme"
    },
    {
        "wordCn": "带徽标卡包",
        "wordFr": "porte-carte à logo"
    },
    {
        "wordCn": "卡包",
        "wordFr": "porte-cartes"
    },
    {
        "wordCn": "粒面牛皮革风琴褶卡包",
        "wordFr": "porte-cartes accordéon en veau grainé"
    },
    {
        "wordCn": "链带卡包",
        "wordFr": "porte-cartes avec chaîne"
    },
    {
        "wordCn": "双色卡包",
        "wordFr": "porte-cartes bicolor"
    },
    {
        "wordCn": "粒面小牛皮纤巧卡夹",
        "wordFr": "porte-cartes compact"
    },
    {
        "wordCn": "光滑牛皮革拉链卡包",
        "wordFr": "porte-cartes compact veau lisse"
    },
    {
        "wordCn": "名片卡片套",
        "wordFr": "porte-cartes de visite"
    },
    {
        "wordCn": "上弦月卡包",
        "wordFr": "porte-cartes demi-lune"
    },
    {
        "wordCn": "双折式卡包",
        "wordFr": "porte-cartes double"
    },
    {
        "wordCn": "皮革卡片夹",
        "wordFr": "porte-cartes en cuir"
    },
    {
        "wordCn": "皮革贴片提花卡夹",
        "wordFr": "porte-cartes en jacquard empiècements en cuir"
    },
    {
        "wordCn": "信封卡包",
        "wordFr": "porte-cartes enveloppe"
    },
    {
        "wordCn": "卡夹和零钱包",
        "wordFr": "porte-cartes et monnaie"
    },
    {
        "wordCn": "帆布印花卡夹",
        "wordFr": "porte-cartes toile imprimé"
    },
    {
        "wordCn": "拉链卡包",
        "wordFr": "porte-cartes zippé"
    },
    {
        "wordCn": "复古拉链卡包",
        "wordFr": "porte-cartes zippé vintage check"
    },
    {
        "wordCn": "带徽标卡包",
        "wordFr": "porte-cartes à logo"
    },
    {
        "wordCn": "钥匙环",
        "wordFr": "porte-clés"
    },
    {
        "wordCn": "格纹钥匙环",
        "wordFr": "porte-clés check"
    },
    {
        "wordCn": "风衣款钥匙环",
        "wordFr": "porte-clés trench"
    },
    {
        "wordCn": "零钱包",
        "wordFr": "porte-monnaie"
    },
    {
        "wordCn": "半月形零钱包",
        "wordFr": "porte-monnaie demi-lune"
    },
    {
        "wordCn": "格纹棉质埃伦匹亚零钱夹",
        "wordFr": "porte-monnaie en coton check"
    },
    {
        "wordCn": "浅色字母花押镜面皮革零钱包",
        "wordFr": "porte-monnaie en cuir miroir débossé monogramme pâle"
    },
    {
        "wordCn": "纳帕皮零钱袋",
        "wordFr": "porte-monnaie en nappa"
    },
    {
        "wordCn": "信封护照夹",
        "wordFr": "porte-passeport enveloppe"
    },
    {
        "wordCn": "亮泽牛皮革竖款手机包",
        "wordFr": "porte-téléphone veau satiné"
    },
    {
        "wordCn": "钱包",
        "wordFr": "portefeuille"
    },
    {
        "wordCn": "双扣钱包",
        "wordFr": "portefeuille 2 compartiments"
    },
    {
        "wordCn": "周身拉链款钱包",
        "wordFr": "portefeuille au pourtour zippé"
    },
    {
        "wordCn": "宽链钱包",
        "wordFr": "portefeuille avec chaine large"
    },
    {
        "wordCn": "链带钱包",
        "wordFr": "portefeuille avec chaîne"
    },
    {
        "wordCn": "钱包",
        "wordFr": "portefeuille baguette"
    },
    {
        "wordCn": "卡位拉链钱包",
        "wordFr": "portefeuille cartes zip"
    },
    {
        "wordCn": "链带钱包",
        "wordFr": "portefeuille chaîne"
    },
    {
        "wordCn": "短款钱包",
        "wordFr": "portefeuille compact"
    },
    {
        "wordCn": "小号方形钱包",
        "wordFr": "portefeuille compact carré"
    },
    {
        "wordCn": "粒面牛皮革折叠钱包",
        "wordFr": "portefeuille compact veau grainé"
    },
    {
        "wordCn": "长款皮夹",
        "wordFr": "portefeuille continental"
    },
    {
        "wordCn": "链带长款皮夹",
        "wordFr": "portefeuille continental à chaîne"
    },
    {
        "wordCn": "皮革钱包",
        "wordFr": "portefeuille en cuir"
    },
    {
        "wordCn": "字母花押压印皮革钱包",
        "wordFr": "portefeuille en cuir débossé monogramme"
    },
    {
        "wordCn": "全拉链式皮夹",
        "wordFr": "portefeuille entièrement zippé"
    },
    {
        "wordCn": "中号全拉链式皮夹",
        "wordFr": "portefeuille entièrement zippé moyen"
    },
    {
        "wordCn": "长款钱包",
        "wordFr": "portefeuille long"
    },
    {
        "wordCn": "三折钱包",
        "wordFr": "portefeuille micro a trois volets"
    },
    {
        "wordCn": "中号皮夹",
        "wordFr": "portefeuille moyen"
    },
    {
        "wordCn": "中号帆布钱包",
        "wordFr": "portefeuille moyen en toile triomphe"
    },
    {
        "wordCn": "中号双色粒面牛皮革饰带钱包",
        "wordFr": "portefeuille moyen veau grainé bicolore"
    },
    {
        "wordCn": "小号皮夹",
        "wordFr": "portefeuille small"
    },
    {
        "wordCn": "链带钱包",
        "wordFr": "portefeuille sur chaîne"
    },
    {
        "wordCn": "“拉链包口多功能”钱包",
        "wordFr": "portefeuille top zip multi"
    },
    {
        "wordCn": "拉链钱包",
        "wordFr": "portefeuille zippé"
    },
    {
        "wordCn": "双折拉链钱包",
        "wordFr": "portefeuille zippé à deux volets"
    },
    {
        "wordCn": "三折钱包",
        "wordFr": "portefeuille à 3 volets"
    },
    {
        "wordCn": "链带钱包",
        "wordFr": "portefeuille à bandoulière"
    },
    {
        "wordCn": "链带皮夹",
        "wordFr": "portefeuille à chaîne"
    },
    {
        "wordCn": "折叠皮夹",
        "wordFr": "portefeuille à deux volets"
    },
    {
        "wordCn": "标识钱包",
        "wordFr": "portefeuille à logo"
    },
    {
        "wordCn": "三折钱包",
        "wordFr": "portefeuille à trois volets"
    },
    {
        "wordCn": "卡包",
        "wordFr": "portes-cartes"
    },
    {
        "wordCn": "钥匙环",
        "wordFr": "portes-clés"
    },
    {
        "wordCn": "pp tu护照夹",
        "wordFr": "pp tu"
    },
    {
        "wordCn": "长方形太阳镜",
        "wordFr": "rectangle lunettes de soleil"
    },
    {
        "wordCn": "圆形太阳镜",
        "wordFr": "ronde lunettes de soleil"
    },
    {
        "wordCn": "手提包",
        "wordFr": "sac"
    },
    {
        "wordCn": "条纹化妆包",
        "wordFr": "sac de maquillage à rayures"
    },
    {
        "wordCn": "发带",
        "wordFr": "serre-tête"
    },
    {
        "wordCn": "沙滩巾",
        "wordFr": "serviette de plage"
    },
    {
        "wordCn": "标识短款及踝袜",
        "wordFr": "socquettes courtes avec logo"
    },
    {
        "wordCn": "大象图案短款及踝袜",
        "wordFr": "socquettes courtes de marque elephant"
    },
    {
        "wordCn": "方形太阳镜",
        "wordFr": "square lunettes de soleil"
    },
    {
        "wordCn": "针织连帽衫",
        "wordFr": "sweat à capuche tricotée"
    },
    {
        "wordCn": "触屏手套",
        "wordFr": "tactile"
    },
    {
        "wordCn": "羊驼衬里触屏手套",
        "wordFr": "tactile doubl. alpaga"
    },
    {
        "wordCn": "兔毛带衬里触屏手套",
        "wordFr": "tactile doubl. fourrure"
    },
    {
        "wordCn": "羊驼内衬触屏手套",
        "wordFr": "tactile doublure alpaga"
    },
    {
        "wordCn": "山羊绒内衬触感手套",
        "wordFr": "tactile doublure cachemire"
    },
    {
        "wordCn": "兔毛衬里触屏手套",
        "wordFr": "tactile doublure en lapin"
    },
    {
        "wordCn": "丝绸内衬触屏手套",
        "wordFr": "tactile doublure en soie"
    },
    {
        "wordCn": "兔毛衬里触屏手套",
        "wordFr": "tactile doublure lapin"
    },
    {
        "wordCn": "真丝衬里触屏手套",
        "wordFr": "tactile doublure soie"
    },
    {
        "wordCn": "羊绒内衬触屏手套",
        "wordFr": "tactile doublé cachemire"
    },
    {
        "wordCn": "丝巾",
        "wordFr": "toile de jouy flowers"
    },
    {
        "wordCn": "丝巾",
        "wordFr": "toile de jouy sauvage"
    },
    {
        "wordCn": "陀螺",
        "wordFr": "toupie"
    },
    {
        "wordCn": "手拿包",
        "wordFr": "trousse"
    },
    {
        "wordCn": "中号旅行箱",
        "wordFr": "trousse de voyage taille moyenne"
    },
    {
        "wordCn": "亚麻亮片笔袋",
        "wordFr": "trousse lin et paillettes"
    },
    {
        "wordCn": "中号手拿包",
        "wordFr": "trousse mm"
    },
    {
        "wordCn": "帆布、亮片学生笔袋",
        "wordFr": "trousse écolier toile et paillettes"
    },
    {
        "wordCn": "遮阳帽",
        "wordFr": "visière"
    },
    {
        "wordCn": "遮阳帽",
        "wordFr": "visière en soie dior oblique"
    },
    {
        "wordCn": "链带皮夹",
        "wordFr": "wallet on chain"
    },
    {
        "wordCn": "配小袋的链带皮夹",
        "wordFr": "wallet on chain avec pochettes"
    },
    {
        "wordCn": "绑带",
        "wordFr": "wrappy"
    },
    {
        "wordCn": "绑带",
        "wordFr": "wrappy fun fendi"
    },
    {
        "wordCn": "宽檐草编帽",
        "wordFr": "à large bord en paille tissée"
    },
    {
        "wordCn": "围巾",
        "wordFr": "écharpe"
    },
    {
        "wordCn": "经典围巾",
        "wordFr": "écharpe classique"
    },
    {
        "wordCn": "山羊绒经典方格围巾",
        "wordFr": "écharpe classique en cachemire check"
    },
    {
        "wordCn": "扎染精品围巾",
        "wordFr": "écharpe de luxe tye dye"
    },
    {
        "wordCn": "羊驼围巾",
        "wordFr": "écharpe en alpaga"
    },
    {
        "wordCn": "羊驼、马海毛围巾",
        "wordFr": "écharpe en alpaga et mohair"
    },
    {
        "wordCn": "山羊绒围巾",
        "wordFr": "écharpe en cachemire"
    },
    {
        "wordCn": "经典格纹山羊绒围巾",
        "wordFr": "écharpe en cachemire check classique"
    },
    {
        "wordCn": "山羊绒、真丝围巾",
        "wordFr": "écharpe en cachemire et en soie"
    },
    {
        "wordCn": "鹿纹羊毛提花围巾",
        "wordFr": "écharpe en jacquard de laine à motif daim"
    },
    {
        "wordCn": "标识刺绣羊毛围巾",
        "wordFr": "écharpe en laine avec logo"
    },
    {
        "wordCn": "丝巾",
        "wordFr": "écharpe en soie"
    },
    {
        "wordCn": "人造皮草围巾",
        "wordFr": "écharpe imitation fourrure"
    },
    {
        "wordCn": "印花围巾",
        "wordFr": "écharpe imprimée"
    },
    {
        "wordCn": "蚕丝印花围巾",
        "wordFr": "écharpe imprimée en soie"
    },
    {
        "wordCn": "格纹图案轻巧围巾",
        "wordFr": "écharpe légère check"
    },
    {
        "wordCn": "羊绒格纹图案轻巧围巾",
        "wordFr": "écharpe légère en cachemire check"
    },
    {
        "wordCn": "羊毛真丝方格轻薄围巾",
        "wordFr": "écharpe légère en laine et soie check"
    },
    {
        "wordCn": "字母图案围巾",
        "wordFr": "écharpe monogram"
    },
    {
        "wordCn": "字母提花围巾",
        "wordFr": "écharpe monogram jacquard"
    },
    {
        "wordCn": "雙面兩用徽標圖案與格紋喀什米爾圍巾",
        "wordFr": "écharpe réversible en cachemire check avec logo"
    },
    {
        "wordCn": "小号围巾",
        "wordFr": "écharpe small"
    },
    {
        "wordCn": "蚕丝格子围巾",
        "wordFr": "écharpe vichy en soie"
    },
    {
        "wordCn": "格纹围巾",
        "wordFr": "écharpe à carreaux"
    },
    {
        "wordCn": "松紧发带",
        "wordFr": "élastiques à cheveux"
    },
    {
        "wordCn": "长围巾",
        "wordFr": "étole"
    },
    {
        "wordCn": "披肩",
        "wordFr": "étole signature"
    },
    {
        "wordCn": "帆布手机包",
        "wordFr": "étui de téléphone en tissu"
    },
    {
        "wordCn": "卡包",
        "wordFr": "étui pour cartes"
    },
    {
        "wordCn": "护照夹",
        "wordFr": "étui pour passeport"
    },
    {
        "wordCn": "带标识手机壳",
        "wordFr": "étui pour téléphone à logo"
    },
    {
        "wordCn": "经典条纹手机壳",
        "wordFr": "étui pour téléphone à rayures iconiques"
    }
]