[
    {
        "wordCn": "大肚玻璃瓶",
        "wordFr": "carafe"
    },
    {
        "wordCn": "眼线笔",
        "wordFr": "crayon pour les yeux"
    },
    {
        "wordCn": "长颈鹿口红",
        "wordFr": "giraffe"
    },
    {
        "wordCn": "香水",
        "wordFr": "parfum"
    },
    {
        "wordCn": "唇彩",
        "wordFr": "rouge à lèvres"
    },
    {
        "wordCn": "沐浴露",
        "wordFr": "gel douche"
    },
    {
        "wordCn": "环保指甲油",
        "wordFr": "vernis à ongles écologiques"
    },
    {
        "wordCn": "屏息以待",
        "wordFr": "a bout de souffle"
    },
    {
        "wordCn": "意式爱恋-环保指甲油",
        "wordFr": "amore - vernis à ongles écologiques"
    },
    {
        "wordCn": "意式爱恋有色润唇膏",
        "wordFr": "amore baume à lèvres coloré"
    },
    {
        "wordCn": "意式爱恋有色润唇膏替换装",
        "wordFr": "amore recharge baume à lèvres coloré"
    },
    {
        "wordCn": "抗衰老妆前凝乳",
        "wordFr": "anti-aging primer"
    },
    {
        "wordCn": "透明质酸防黑眼圈保湿遮瑕膏亮白色",
        "wordFr": "anti-cernes hyaluronic hydra-concealer     fair"
    },
    {
        "wordCn": "透明质酸防黑眼圈保湿遮瑕膏自然色",
        "wordFr": "anti-cernes soin hyaluronic hydra-concealer     natural"
    },
    {
        "wordCn": "透明质酸防黑眼圈保湿遮瑕膏中等白色",
        "wordFr": "anti-cernes soin hyaluronic hydra-concealer     medium fair"
    },
    {
        "wordCn": "透明质酸防黑眼圈保湿遮瑕膏中等色号",
        "wordFr": "anti-cernes soin hyaluronic hydra-concealer     medium"
    },
    {
        "wordCn": "透明质酸防黑眼圈保湿遮瑕膏中等黑色",
        "wordFr": "anti-cernes soin hyaluronic hydra-concealer     medium dark"
    },
    {
        "wordCn": "透明质酸防黑眼圈保湿遮瑕膏黑色",
        "wordFr": "anti-cernes soin hyaluronic hydra-concealer     dark"
    },
    {
        "wordCn": "护发素",
        "wordFr": "après-shampooing"
    },
    {
        "wordCn": "漱口水",
        "wordFr": "bain de bouche"
    },
    {
        "wordCn": "抗皱底霜",
        "wordFr": "base de soin anti-rides,"
    },
    {
        "wordCn": "沐浴啫喱 ",
        "wordFr": "base lavante      "
    },
    {
        "wordCn": "唇部打底哑光打底",
        "wordFr": "base pour les lèvres clean base mat"
    },
    {
        "wordCn": "芳香复活护手霜",
        "wordFr": "baume aromatique résurrection pour les mains"
    },
    {
        "wordCn": "橙香身体乳霜 ",
        "wordFr": "baume concentré aux agrumes pour le corps     "
    },
    {
        "wordCn": "润体霜 ",
        "wordFr": "baume corps"
    },
    {
        "wordCn": "玫瑰润唇膏",
        "wordFr": "baume de rose nutri couleur"
    },
    {
        "wordCn": "五月玫瑰卸妆膏",
        "wordFr": "baume démaquillant à la rose de mai    "
    },
    {
        "wordCn": "润唇膏替芯",
        "wordFr": "baume eco-recharge"
    },
    {
        "wordCn": "极致护手霜 ",
        "wordFr": "baume généreux pour les mains     "
    },
    {
        "wordCn": "透明质酸保湿润唇膏",
        "wordFr": "baume hydra hyaluronique"
    },
    {
        "wordCn": "盈泽保湿润唇膏",
        "wordFr": "baume hydratant pour les lèvres"
    },
    {
        "wordCn": "坚毅辛香身体乳霜 ",
        "wordFr": "baume hydratant résolu pour le corps     "
    },
    {
        "wordCn": "滋润芳香身体乳霜 ",
        "wordFr": "baume intensif rajeunissant pour le corps     "
    },
    {
        "wordCn": "润肤霜",
        "wordFr": "baume pour le corps     "
    },
    {
        "wordCn": "润唇膏 ",
        "wordFr": "baume pour les lèvres     "
    },
    {
        "wordCn": "防晒护唇霜",
        "wordFr": "baume protecteur pour les lèvres"
    },
    {
        "wordCn": "蜜桃润唇膏环保内芯",
        "wordFr": "baume pêche eco-recharge"
    },
    {
        "wordCn": "焕活晚霜",
        "wordFr": "baume régénérant nuit doses"
    },
    {
        "wordCn": "焕活晚霜补充装",
        "wordFr": "baume régénérant nuit recharge doses"
    },
    {
        "wordCn": "尊尚芳香护手霜",
        "wordFr": "baume révérence aromatique pour les mains"
    },
    {
        "wordCn": "天竺葵身体乳霜",
        "wordFr": "baume à la feuille de géranium pour le corps"
    },
    {
        "wordCn": "紫罗兰护发造型霜",
        "wordFr": "baume à la feuille de violette pour les cheveux"
    },
    {
        "wordCn": "润唇膏",
        "wordFr": "baume à lèvres"
    },
    {
        "wordCn": "奶白色-环保指甲油",
        "wordFr": "beige milk - vernis à ongles écologiques"
    },
    {
        "wordCn": "雷霆玫瑰身体乳",
        "wordFr": "beurre corporel rose tonnerre     "
    },
    {
        "wordCn": "身体黄油",
        "wordFr": "beurre exquis"
    },
    {
        "wordCn": "比基尼&-环保指甲油",
        "wordFr": "bikini & co - vernis à ongles écologiques"
    },
    {
        "wordCn": "指甲打磨块",
        "wordFr": "bloc polissoir pour ongles"
    },
    {
        "wordCn": "胭脂-环保指甲油",
        "wordFr": "blush - vernis à ongles écologiques"
    },
    {
        "wordCn": "腮红膏-闪亮",
        "wordFr": "blush crème - flashy"
    },
    {
        "wordCn": "腮红膏-挑逗",
        "wordFr": "blush crème - flirty"
    },
    {
        "wordCn": "腮红膏-可爱",
        "wordFr": "blush crème - lovely"
    },
    {
        "wordCn": "腮红膏-幸运",
        "wordFr": "blush crème - lucky"
    },
    {
        "wordCn": "腮红膏-俏丽",
        "wordFr": "blush crème - naughty"
    },
    {
        "wordCn": "腮红膏-桃红",
        "wordFr": "blush crème - peachy"
    },
    {
        "wordCn": "腮红膏-火辣",
        "wordFr": "blush crème - spicy"
    },
    {
        "wordCn": "胭脂缎面唇膏替换装",
        "wordFr": "blush satin recharge rouge à lèvres"
    },
    {
        "wordCn": "胭脂缎面唇膏",
        "wordFr": "blush satin rouge à lèvres"
    },
    {
        "wordCn": "波西米亚-环保指甲油",
        "wordFr": "bohemian - vernis à ongles écologiques"
    },
    {
        "wordCn": "波西米亚缎面唇膏替换装",
        "wordFr": "bohemian satin recharge rouge à lèvres"
    },
    {
        "wordCn": "波西米亚缎面唇膏",
        "wordFr": "bohemian satin rouge à lèvres"
    },
    {
        "wordCn": "提升零售装（金色）",
        "wordFr": "booster retail set gold"
    },
    {
        "wordCn": "香烛",
        "wordFr": "bougie"
    },
    {
        "wordCn": "蜡烛克",
        "wordFr": "bougie   "
    },
    {
        "wordCn": "蜡烛",
        "wordFr": "bougie    "
    },
    {
        "wordCn": "蜡烛克",
        "wordFr": "bougie   "
    },
    {
        "wordCn": "香烛",
        "wordFr": "bougie  "
    },
    {
        "wordCn": "-é蜡烛克",
        "wordFr": "bougie       "
    },
    {
        "wordCn": "蜡烛",
        "wordFr": "bougie    the  "
    },
    {
        "wordCn": "蜡烛克",
        "wordFr": "bougie   "
    },
    {
        "wordCn": "彩色蜡烛克",
        "wordFr": "bougie ambre ambre   "
    },
    {
        "wordCn": "阿加尼斯芳香蜡烛",
        "wordFr": "bougie aromatique aganice  "
    },
    {
        "wordCn": "卡里波斯芳香蜡烛",
        "wordFr": "bougie aromatique calippe  "
    },
    {
        "wordCn": "托勒密芳香蜡烛",
        "wordFr": "bougie aromatique ptolémée  "
    },
    {
        "wordCn": "香氛蜡烛-安息香克",
        "wordFr": "bougie benjoin   "
    },
    {
        "wordCn": "香茅香烛限量款",
        "wordFr": "bougie citronnelle édition limitée"
    },
    {
        "wordCn": "白色蜡烛克",
        "wordFr": "bougie classique choisya   "
    },
    {
        "wordCn": "白色蜡烛克",
        "wordFr": "bougie classique cyprès   "
    },
    {
        "wordCn": "白色蜡烛克",
        "wordFr": "bougie classique musc   "
    },
    {
        "wordCn": "白色蜡烛克",
        "wordFr": "bougie classique noisetier   "
    },
    {
        "wordCn": "白色蜡烛克",
        "wordFr": "bougie classique vanille   "
    },
    {
        "wordCn": "白色蜡烛克",
        "wordFr": "bougie classique verveine   "
    },
    {
        "wordCn": "香薰蜡烛",
        "wordFr": "bougie g"
    },
    {
        "wordCn": "彩色蜡烛克",
        "wordFr": "bougie grise feu de bois   "
    },
    {
        "wordCn": "室内/室外蜡烛",
        "wordFr": "bougie géante feu de bois    "
    },
    {
        "wordCn": "无花果蜡烛克",
        "wordFr": "bougie géante figuier    "
    },
    {
        "wordCn": "浆果香大号蜡烛",
        "wordFr": "bougie géante parfumée baies    "
    },
    {
        "wordCn": "晚香玉蜡烛克",
        "wordFr": "bougie géante tubéreuse    "
    },
    {
        "wordCn": "香氛蜡烛-清水百合克",
        "wordFr": "bougie lys   "
    },
    {
        "wordCn": "香氛蜡烛-清雅水烟克",
        "wordFr": "bougie narguilé   "
    },
    {
        "wordCn": "香烛",
        "wordFr": "bougie parfumée"
    },
    {
        "wordCn": "香烛豪华装",
        "wordFr": "bougie parfumée   :   édition luxe"
    },
    {
        "wordCn": "香烛",
        "wordFr": "bougie parfumée   :  "
    },
    {
        "wordCn": "香烛豪华装",
        "wordFr": "bougie parfumée   :   édition luxe"
    },
    {
        "wordCn": "香烛",
        "wordFr": "bougie parfumée   "
    },
    {
        "wordCn": "蜡烛",
        "wordFr": "bougie parfumée  "
    },
    {
        "wordCn": "香薰蜡烛克",
        "wordFr": "bougie parfumée  "
    },
    {
        "wordCn": "香氛蜡烛-琥珀克",
        "wordFr": "bougie parfumée ambre   "
    },
    {
        "wordCn": "香氛蜡烛-茉莉克",
        "wordFr": "bougie parfumée au jasmin   "
    },
    {
        "wordCn": "香氛蜡烛-浆果香克",
        "wordFr": "bougie parfumée baies   "
    },
    {
        "wordCn": "香氛蜡烛-炭木香克",
        "wordFr": "bougie parfumée feu de bois   "
    },
    {
        "wordCn": "香氛蜡烛-无花果克",
        "wordFr": "bougie parfumée figuier   "
    },
    {
        "wordCn": "香氛蜡烛-含羞草克",
        "wordFr": "bougie parfumée mimosa   "
    },
    {
        "wordCn": "香氛蜡烛-红没药克",
        "wordFr": "bougie parfumée opopanax   "
    },
    {
        "wordCn": "香氛蜡烛-香丸克",
        "wordFr": "bougie parfumée pomander   "
    },
    {
        "wordCn": "香氛蜡烛-玫瑰克",
        "wordFr": "bougie parfumée roses   "
    },
    {
        "wordCn": "香氛蜡烛-晚香玉克",
        "wordFr": "bougie parfumée tubéreuse   "
    },
    {
        "wordCn": "彩色香氛蜡烛-黑色无花果克",
        "wordFr": "bougie parfumée verte figuier   "
    },
    {
        "wordCn": "晚香玉香薰蜡烛克",
        "wordFr": "bougie parfumée édition limitée tubéreuse   "
    },
    {
        "wordCn": "香烛豪华装",
        "wordFr": "bougie parfumée édition luxe"
    },
    {
        "wordCn": "玫瑰蜡烛",
        "wordFr": "bougie roses"
    },
    {
        "wordCn": "玫瑰香烛",
        "wordFr": "bougie roses  "
    },
    {
        "wordCn": "彩色蜡烛克",
        "wordFr": "bougie rouge tubéreuse   "
    },
    {
        "wordCn": "香氛蜡烛-檀香克",
        "wordFr": "bougie santal  "
    },
    {
        "wordCn": "午夜栀子花蜡烛",
        "wordFr": "bougie un gardenia la nuit"
    },
    {
        "wordCn": "彩色香氛蜡烛-黑色浆果香克",
        "wordFr": "bougies parfumée noire baies   "
    },
    {
        "wordCn": "礼盒",
        "wordFr": "box"
    },
    {
        "wordCn": "男友-环保指甲油",
        "wordFr": "boyfriend - vernis à ongles écologiques"
    },
    {
        "wordCn": "美白套装",
        "wordFr": "brightening kit"
    },
    {
        "wordCn": "香氛胸针-杜桑",
        "wordFr": "broche parfumée do son"
    },
    {
        "wordCn": "香氛胸针-玫瑰香调",
        "wordFr": "broche parfumée eau rose"
    },
    {
        "wordCn": "香氛胸针-肌肤之花",
        "wordFr": "broche parfumée fleur de peau"
    },
    {
        "wordCn": "古铜粉饼",
        "wordFr": "bronzer"
    },
    {
        "wordCn": "消脂身体刷中号",
        "wordFr": "brosse pour le corps anti-cellulite -medium"
    },
    {
        "wordCn": "消脂身体刷软款",
        "wordFr": "brosse pour le corps anti-cellulite soft"
    },
    {
        "wordCn": "眉形笔眉笔",
        "wordFr": "brow sculptor crayon à sourcils"
    },
    {
        "wordCn": "美发喷雾",
        "wordFr": "brume cheveux"
    },
    {
        "wordCn": "秀发喷雾",
        "wordFr": "brume cheveux"
    },
    {
        "wordCn": "秀发喷雾花都之水",
        "wordFr": "brume cheveux eau capitale"
    },
    {
        "wordCn": "玫瑰香调发香喷雾",
        "wordFr": "brume cheveux eau rose
    },
    {
        "wordCn": "美发喷雾",
        "wordFr": "brume parfumée pour les cheveux"
    },
    {
        "wordCn": "护发喷雾 ",
        "wordFr": "brume pour cheveux"
    },
    {
        "wordCn": "身体喷雾",
        "wordFr": "brume pour le corps"
    },
    {
        "wordCn": "保湿面霜 ",
        "wordFr": "brume pour le visage hydratante"
    },
    {
        "wordCn": "四面指甲打磨器",
        "wordFr": "buffer pour ongles quatre faces"
    },
    {
        "wordCn": "彩色化妆棒",
        "wordFr": "bâton de couleurs"
    },
    {
        "wordCn": "凯科斯岛-环保指甲油",
        "wordFr": "caicos - vernis à ongles écologiques"
    },
    {
        "wordCn": "骆驼-环保指甲油",
        "wordFr": "camel - vernis à ongles écologiques"
    },
    {
        "wordCn": "卡布奇诺-环保指甲油",
        "wordFr": "cappucino - vernis à ongles écologiques"
    },
    {
        "wordCn": "橙花胶囊",
        "wordFr": "capsule fleur d'oranger"
    },
    {
        "wordCn": "香氛补充包-含羞草",
        "wordFr": "capsule mimosa"
    },
    {
        "wordCn": "浆果香薰补充包",
        "wordFr": "capsule pour diffuseur baies"
    },
    {
        "wordCn": "香水",
        "wordFr": "carafe"
    },
    {
        "wordCn": "香茅填充盒",
        "wordFr": "cartouche citronnelle"
    },
    {
        "wordCn": "喀什米尔-环保指甲油",
        "wordFr": "cashmere - vernis à ongles écologiques"
    },
    {
        "wordCn": "猫步-环保指甲油",
        "wordFr": "catwalk - vernis à ongles écologiques"
    },
    {
        "wordCn": "亲爱的缎面唇膏替换装",
        "wordFr": "cherie satin recharge rouge à lèvres"
    },
    {
        "wordCn": "可洛依-环保指甲油",
        "wordFr": "chloé - vernis à ongles écologiques"
    },
    {
        "wordCn": "亲爱的-环保指甲油",
        "wordFr": "chérie - vernis à ongles écologiques"
    },
    {
        "wordCn": "亲爱的缎面唇膏",
        "wordFr": "chérie satin rouge à lèvres"
    },
    {
        "wordCn": "柠檬草&天竺葵夏日精油身体喷雾限量版",
        "wordFr": "citronnelle & géranium spray d’été pour le corps aux huiles essentielles édition limitée"
    },
    {
        "wordCn": "小时金装面霜礼盒",
        "wordFr": "coffret"
    },
    {
        "wordCn": "只小蜡烛套盒香茅/马鞭草/薰衣草叶限量款",
        "wordFr": "coffret   petites bougies citronnelle / verveine / feuille de lavande édition limitée"
    },
    {
        "wordCn": "淡香水件装",
        "wordFr": "coffret   - eaux de toilette"
    },
    {
        "wordCn": "秋冬款套装礼盒是您夏末之际的必备",
        "wordFr": "coffret automne/hiver     , un indispensable après l'été"
    },
    {
        "wordCn": "礼品套装",
        "wordFr": "coffret cadeau"
    },
    {
        "wordCn": "浆果香、无花果和玫瑰迷你蜡烛套装支克",
        "wordFr": "coffret de   mini bougies parfumées baies figuier roses  x "
    },
    {
        "wordCn": "化妆套刷",
        "wordFr": "coffret de pinceau"
    },
    {
        "wordCn": "礼盒套装",
        "wordFr": "coffret découverte"
    },
    {
        "wordCn": "基础护肤精华体验套装",
        "wordFr": "coffret découverte drops"
    },
    {
        "wordCn": "探索礼盒古龙水",
        "wordFr": "coffret découverte eau de cologne"
    },
    {
        "wordCn": "探索礼盒香水",
        "wordFr": "coffret découverte le eau de parfum"
    },
    {
        "wordCn": "体验套装礼盒",
        "wordFr": "coffret découverte pack"
    },
    {
        "wordCn": "阳光签名探索礼盒香水",
        "wordFr": "coffret découverte signatures of the sun eau de parfum"
    },
    {
        "wordCn": "启程套装",
        "wordFr": "coffret départ"
    },
    {
        "wordCn": "透润：经典护肤套装",
        "wordFr": "coffret désaltérer: coffret soin du visage classique"
    },
    {
        "wordCn": "焕颜天空套装",
        "wordFr": "coffret glow facial sky set"
    },
    {
        "wordCn": "迷你香氛套装 ",
        "wordFr": "coffret miniatures"
    },
    {
        "wordCn": "金装体验礼盒",
        "wordFr": "coffret pack gold"
    },
    {
        "wordCn": "粉红套装体验礼盒",
        "wordFr": "coffret pack pink"
    },
    {
        "wordCn": "日常必备件套",
        "wordFr": "coffret produits les essentiels de"
    },
    {
        "wordCn": "替换装真皮套装",
        "wordFr": "coffret rechargeable en cuir"
    },
    {
        "wordCn": "精华液体验套装",
        "wordFr": "coffret serum discovery"
    },
    {
        "wordCn": "秋冬必备套装",
        "wordFr": "coffret winter essentials"
    },
    {
        "wordCn": "杜桑",
        "wordFr": "coffret édition limitée do son"
    },
    {
        "wordCn": "平衡：经典护肤套装",
        "wordFr": "coffret équilibrer: coffret soin du visage classique"
    },
    {
        "wordCn": "遮瑕膏遮瑕膏",
        "wordFr": "concealer anti-cernes"
    },
    {
        "wordCn": "嗅觉护符浓缩液",
        "wordFr": "concentré pour fétiche olfactif"
    },
    {
        "wordCn": "焕彩面部浓缩精华",
        "wordFr": "concentré visage radieux"
    },
    {
        "wordCn": "高光修容粉饼修容粉饼",
        "wordFr": "contouring compact illuminateur palette contouring"
    },
    {
        "wordCn": "遮瑕膏",
        "wordFr": "correcteur"
    },
    {
        "wordCn": "宇宙-环保指甲油",
        "wordFr": "cosmos - vernis à ongles écologiques"
    },
    {
        "wordCn": "棉花-环保指甲油",
        "wordFr": "cotton - vernis à ongles écologiques"
    },
    {
        "wordCn": "时装-环保指甲油",
        "wordFr": "couture - vernis à ongles écologiques"
    },
    {
        "wordCn": "时装哑光唇膏替换装",
        "wordFr": "couture mat recharge rouge à lèvres"
    },
    {
        "wordCn": "时装哑光唇膏",
        "wordFr": "couture mat rouge à lèvres"
    },
    {
        "wordCn": "时装缎面唇膏替换装",
        "wordFr": "couture satin recharge rouge à lèvres"
    },
    {
        "wordCn": "时装缎面唇膏",
        "wordFr": "couture satin rouge à lèvres"
    },
    {
        "wordCn": "眼线笔",
        "wordFr": "crayon"
    },
    {
        "wordCn": "唇线笔",
        "wordFr": "crayon lèvres"
    },
    {
        "wordCn": "隐形唇线笔",
        "wordFr": "crayon à lèvres invisible"
    },
    {
        "wordCn": "眉笔",
        "wordFr": "crayon à sourcils"
    },
    {
        "wordCn": "活性补水润肤乳",
        "wordFr": "crème active redensifiante doses"
    },
    {
        "wordCn": "活性补水润肤乳补充装",
        "wordFr": "crème active redensifiante recharge doses"
    },
    {
        "wordCn": "祛痘净斑遮瑕乳 色号",
        "wordFr": "crème anti-boutons clarifiante teintée"
    },
    {
        "wordCn": "香芹籽抗氧化眼霜",
        "wordFr": "crème anti-oxydante à la graine de persil pour les yeux"
    },
    {
        "wordCn": "祛痘净斑洁面乳 ",
        "wordFr": "crème clarifiante visage"
    },
    {
        "wordCn": "眼霜 ",
        "wordFr": "crème contour des yeux"
    },
    {
        "wordCn": "环境防护基础面霜",
        "wordFr": "crème contre les elements pour le visage"
    },
    {
        "wordCn": "极致滋润舒缓霜",
        "wordFr": "crème hydratante - the ultimate soothing cream"
    },
    {
        "wordCn": "香芹籽抗氧化面霜",
        "wordFr": "crème hydratante anti-oxydante à la graine de persil pour le visage"
    },
    {
        "wordCn": "臻颜保湿面霜",
        "wordFr": "crème hydratante parfaite pour le visage"
    },
    {
        "wordCn": "樱草保湿面霜",
        "wordFr": "crème hydratante à l'onagre pour le visage"
    },
    {
        "wordCn": "蜜柑水润乳",
        "wordFr": "crème hydratante à la mandarine pour le visage"
    },
    {
        "wordCn": "山茶核仁滋润面霜",
        "wordFr": "crème hydratante à la noix de camélia pour le visage"
    },
    {
        "wordCn": "鼠尾草及锌滋润面霜",
        "wordFr": "crème hydratante à la sauge et au zinc pour le visage"
    },
    {
        "wordCn": "修复眼霜",
        "wordFr": "crème intense regard doses"
    },
    {
        "wordCn": "修复眼霜补充装",
        "wordFr": "crème intense regard recharge doses"
    },
    {
        "wordCn": "护手霜",
        "wordFr": "crème main"
    },
    {
        "wordCn": "护手霜 ",
        "wordFr": "crème main"
    },
    {
        "wordCn": "手霜 ",
        "wordFr": "crème main"
    },
    {
        "wordCn": "护手霜",
        "wordFr": "crème mains"
    },
    {
        "wordCn": "护手霜",
        "wordFr": "crème mains"
    },
    {
        "wordCn": "珍藏版护手霜",
        "wordFr": "crème mains edition collector"
    },
    {
        "wordCn": "鸢尾花护手霜",
        "wordFr": "crème mains iris"
    },
    {
        "wordCn": "活效臻颜面霜",
        "wordFr": "crème merveilleuse"
    },
    {
        "wordCn": "纯净滋润洁面乳",
        "wordFr": "crème nettoyante et purifiante pour le visage"
    },
    {
        "wordCn": "润体霜 ",
        "wordFr": "crème pour le corps"
    },
    {
        "wordCn": "身体霜",
        "wordFr": "crème pour le corps - the body cream"
    },
    {
        "wordCn": "润体霜",
        "wordFr": "crème pour le corps"
    },
    {
        "wordCn": "身体滋护霜 ",
        "wordFr": "crème pour le corps"
    },
    {
        "wordCn": "抗衰老身体乳 ",
        "wordFr": "crème pour le corps anti-âge"
    },
    {
        "wordCn": "护颈霜",
        "wordFr": "crème pour le cou"
    },
    {
        "wordCn": "面霜",
        "wordFr": "crème pour le visage"
    },
    {
        "wordCn": "轻盈面霜",
        "wordFr": "crème pour le visage légère"
    },
    {
        "wordCn": "丽颜滋润面霜",
        "wordFr": "crème pour le visage riche"
    },
    {
        "wordCn": "润唇膏",
        "wordFr": "crème pour les lèvres"
    },
    {
        "wordCn": "护手霜",
        "wordFr": "crème pour les mains"
    },
    {
        "wordCn": "护手霜 ",
        "wordFr": "crème pour les mains"
    },
    {
        "wordCn": "护手霜 ",
        "wordFr": "crème pour les mains et les ongles      "
    },
    {
        "wordCn": "麂皮护手霜 ",
        "wordFr": "crème pour les mains et les ongles suede      "
    },
    {
        "wordCn": "杜桑护手霜 ",
        "wordFr": "crème pour les mains édition limitée do son     "
    },
    {
        "wordCn": "眼霜",
        "wordFr": "crème pour les yeux - the eye cream     "
    },
    {
        "wordCn": "夜间滋补霜",
        "wordFr": "crème récupératrice nuit doses"
    },
    {
        "wordCn": "夜间滋补霜补充装",
        "wordFr": "crème récupératrice nuit recharge doses"
    },
    {
        "wordCn": "修复眼霜",
        "wordFr": "crème réparatrice pour les yeux"
    },
    {
        "wordCn": "锁水保湿霜",
        "wordFr": "crème ultra-hydratante"
    },
    {
        "wordCn": "面霜",
        "wordFr": "crème visage"
    },
    {
        "wordCn": "深色肤色面霜",
        "wordFr": "crème visage darker skin tones     "
    },
    {
        "wordCn": "深肤色丽颜滋润面霜",
        "wordFr": "crème visage riche darker skin tones     "
    },
    {
        "wordCn": "亮肤面霜 ",
        "wordFr": "crème éclaircissante pour le visage  "
    },
    {
        "wordCn": "皮革-环保指甲油",
        "wordFr": "cuir - vernis à ongles écologiques"
    },
    {
        "wordCn": "香氛陶瓷片-杜桑",
        "wordFr": "céramique parfumée do son"
    },
    {
        "wordCn": "香氛陶瓷片-玫瑰香调",
        "wordFr": "céramique parfumée eau rose"
    },
    {
        "wordCn": "香氛陶瓷片-肌肤之花",
        "wordFr": "céramique parfumée fleur de peau"
    },
    {
        "wordCn": "家纺香水于我榻上",
        "wordFr": "dans mon lit eau de linge"
    },
    {
        "wordCn": "淡香水",
        "wordFr": "de parfum    "
    },
    {
        "wordCn": "牙膏",
        "wordFr": "dentifrice"
    },
    {
        "wordCn": "香体棒 ",
        "wordFr": "deodorant stick     "
    },
    {
        "wordCn": "室内香薰",
        "wordFr": "diffuseur de parfum d'intérieur     "
    },
    {
        "wordCn": "电子扩香器",
        "wordFr": "diffuseur electrique mural"
    },
    {
        "wordCn": "室内香薰 ",
        "wordFr": "diffuseur maison      "
    },
    {
        "wordCn": "室内香薰 ",
        "wordFr": "diffuseur maison  "
    },
    {
        "wordCn": "车载扩香器-浆果香香氛补充包",
        "wordFr": "diffuseur voiture - capsules baies"
    },
    {
        "wordCn": "车载扩香器-希腊无花果香氛补充包",
        "wordFr": "diffuseur voiture - capsules figuier"
    },
    {
        "wordCn": "车载扩香器-橙花香氛补充包",
        "wordFr": "diffuseur voiture - capsules fleur d'oranger"
    },
    {
        "wordCn": "甜蜜-环保指甲油",
        "wordFr": "dolce - vernis à ongles écologiques"
    },
    {
        "wordCn": "梦想礼盒",
        "wordFr": "dream set"
    },
    {
        "wordCn": "双色腮红",
        "wordFr": "duo"
    },
    {
        "wordCn": "件式体验套装(面霜滋润面霜",
        "wordFr": "duo découverte (la crème la crème riche"
    },
    {
        "wordCn": "件式体验套装 ",
        "wordFr": "duo découverte  "
    },
    {
        "wordCn": "双色腮红",
        "wordFr": "duo fard à joues"
    },
    {
        "wordCn": "高光阴影两件组合",
        "wordFr": "duo illuminateur et crème teintée"
    },
    {
        "wordCn": "赋活芳香手护组",
        "wordFr": "duo résurrection"
    },
    {
        "wordCn": "尊尚手部护理二重奏",
        "wordFr": "duo révérence"
    },
    {
        "wordCn": "天竺葵身体二重奏",
        "wordFr": "duo à la feuille de géranium"
    },
    {
        "wordCn": "卸妆乳 ",
        "wordFr": "démaquillant      "
    },
    {
        "wordCn": "腋下身体喷雾",
        "wordFr": "déodorant"
    },
    {
        "wordCn": "香体露 ",
        "wordFr": "déodorant       "
    },
    {
        "wordCn": "草本腋下身体喷雾",
        "wordFr": "déodorant herbacé"
    },
    {
        "wordCn": "滚珠式草本腋下体香剂",
        "wordFr": "déodorant herbacé roll-on"
    },
    {
        "wordCn": "滚珠式腋下体香剂",
        "wordFr": "déodorant roll-on"
    },
    {
        "wordCn": "古龙水",
        "wordFr": "eau de cologne"
    },
    {
        "wordCn": "香水 ",
        "wordFr": "eau de cologne      "
    },
    {
        "wordCn": "古龙水 ",
        "wordFr": "eau de cologne     "
    },
    {
        "wordCn": "香水 ",
        "wordFr": "eau de cologne     "
    },
    {
        "wordCn": "香水",
        "wordFr": "eau de parfum"
    },
    {
        "wordCn": "香水 ",
        "wordFr": "eau de parfum       "
    },
    {
        "wordCn": "香水 ",
        "wordFr": "eau de parfum      "
    },
    {
        "wordCn": "淡香水",
        "wordFr": "eau de parfum     "
    },
    {
        "wordCn": "香水 ",
        "wordFr": "eau de parfum     "
    },
    {
        "wordCn": "香水 ",
        "wordFr": "eau de parfum      "
    },
    {
        "wordCn": "香水 ",
        "wordFr": "eau de parfum     "
    },
    {
        "wordCn": "圣日尔曼大道号香水 ",
        "wordFr": "eau de parfum    boulevard saint germain     "
    },
    {
        "wordCn": "香水 ",
        "wordFr": "eau de parfum     "
    },
    {
        "wordCn": "淡香水",
        "wordFr": "eau de parfum    "
    },
    {
        "wordCn": "发香 ",
        "wordFr": "eau de parfum     "
    },
    {
        "wordCn": "淡香水",
        "wordFr": "eau de parfum    "
    },
    {
        "wordCn": "香水喷雾 ",
        "wordFr": "eau de parfum perfume spray     "
    },
    {
        "wordCn": "悟香水 ",
        "wordFr": "eau de parfum tacit     "
    },
    {
        "wordCn": "谭道香水 ",
        "wordFr": "eau de parfum tam dao     "
    },
    {
        "wordCn": "杜桑淡香精 ",
        "wordFr": "eau de parfum édition limitée do son     "
    },
    {
        "wordCn": "精纯玫瑰露",
        "wordFr": "eau de rose de mai"
    },
    {
        "wordCn": "香水",
        "wordFr": "eau de toilette"
    },
    {
        "wordCn": "淡香水 ",
        "wordFr": "eau de toilette       "
    },
    {
        "wordCn": "淡香水 ",
        "wordFr": "eau de toilette      "
    },
    {
        "wordCn": "淡香水 ",
        "wordFr": "eau de toilette      "
    },
    {
        "wordCn": "淡香水 ",
        "wordFr": "eau de toilette      "
    },
    {
        "wordCn": "淡香水 ",
        "wordFr": "eau de toilette     "
    },
    {
        "wordCn": "杜桑淡香水 ",
        "wordFr": "eau de toilette do son      "
    },
    {
        "wordCn": "杜桑淡香水 ",
        "wordFr": "eau de toilette do son     "
    },
    {
        "wordCn": "利埃尔淡香水 ",
        "wordFr": "eau de toilette eau de lierre     "
    },
    {
        "wordCn": "感官之水淡香水 ",
        "wordFr": "eau de toilette eau des sens      "
    },
    {
        "wordCn": "感官之水淡香水 ",
        "wordFr": "eau de toilette eau des sens     "
    },
    {
        "wordCn": "杜耶尔淡香水 ",
        "wordFr": "eau de toilette eau duelle      "
    },
    {
        "wordCn": "玫瑰香调淡香水 ",
        "wordFr": "eau de toilette eau rose      "
    },
    {
        "wordCn": "淡香水 ",
        "wordFr": "eau de toilette l'eau      "
    },
    {
        "wordCn": "影中之水淡香水 ",
        "wordFr": "eau de toilette l'ombre dans l'eau      "
    },
    {
        "wordCn": "影中之水淡香水 ",
        "wordFr": "eau de toilette l'ombre dans l'eau     "
    },
    {
        "wordCn": "小苍兰香调淡香水 ",
        "wordFr": "eau de toilette ofrésia      "
    },
    {
        "wordCn": "奥利恩淡香水 ",
        "wordFr": "eau de toilette olène      "
    },
    {
        "wordCn": "希腊无花果香调淡香水 ",
        "wordFr": "eau de toilette philosykos      "
    },
    {
        "wordCn": "希腊无花果香调淡香水 ",
        "wordFr": "eau de toilette philosykos     "
    },
    {
        "wordCn": "谭道淡香水 ",
        "wordFr": "eau de toilette tam dao      "
    },
    {
        "wordCn": "香水限量版",
        "wordFr": "eau de toilette édition limitée"
    },
    {
        "wordCn": "杜桑淡香水 限量版",
        "wordFr": "eau de toilette édition limitée do son      "
    },
    {
        "wordCn": "杜桑淡香水 限量版",
        "wordFr": "eau de toilette édition limitée do son     "
    },
    {
        "wordCn": "竹子和生姜修复卸甲水 ",
        "wordFr": "eau dissolvante réparatrice au bambou et gingembre     "
    },
    {
        "wordCn": "香水 ",
        "wordFr": "eau parfum      "
    },
    {
        "wordCn": "香水",
        "wordFr": "eau parfum     "
    },
    {
        "wordCn": "香水 ",
        "wordFr": "eau parfum     "
    },
    {
        "wordCn": "香水 ",
        "wordFr": "eau parfum  "
    },
    {
        "wordCn": "烟熏乌木香水",
        "wordFr": "ebène fumé eau de parfum"
    },
    {
        "wordCn": "修复防晒霜 ",
        "wordFr": "ecran solaire     "
    },
    {
        "wordCn": "替换装黑色真皮口红套",
        "wordFr": "ecrin de cuir noir rechargeable"
    },
    {
        "wordCn": "可替换精细皮革口红套",
        "wordFr": "ecrin de cuir rechargeable"
    },
    {
        "wordCn": "新款随身香水瓶黑",
        "wordFr": "ecrin à vaporisateur noir"
    },
    {
        "wordCn": "新款随身香水瓶红",
        "wordFr": "ecrin à vaporisateur rouge"
    },
    {
        "wordCn": "小瓶装",
        "wordFr": "en flaconette    "
    },
    {
        "wordCn": "花漾补水精华小瓶",
        "wordFr": "essence florale hydratante, petit format"
    },
    {
        "wordCn": "本质-环保指甲油",
        "wordFr": "essenziale - vernis à ongles écologiques"
    },
    {
        "wordCn": "本质有色润唇膏",
        "wordFr": "essenziale baume à lèvres coloré"
    },
    {
        "wordCn": "本质有色润唇膏替换装",
        "wordFr": "essenziale recharge baume à lèvres coloré"
    },
    {
        "wordCn": "皮革便携套",
        "wordFr": "etui de voyage pour flacon     "
    },
    {
        "wordCn": "面部磨砂膏 ",
        "wordFr": "exfoliant pour le visage  "
    },
    {
        "wordCn": "香精",
        "wordFr": "extrait de parfum     "
    },
    {
        "wordCn": "香水 （香精版）",
        "wordFr": "extrait de parfum  "
    },
    {
        "wordCn": "香精",
        "wordFr": "extrait parfum     "
    },
    {
        "wordCn": "极致魅惑睫毛膏睫毛膏",
        "wordFr": "extreme mascara mascara"
    },
    {
        "wordCn": "眼霜",
        "wordFr": "eye"
    },
    {
        "wordCn": "眼影色眼影",
        "wordFr": "eye color ombres à paupières   couleurs aphrodite"
    },
    {
        "wordCn": "眼影色眼影",
        "wordFr": "eye color ombres à paupières   couleurs body heat"
    },
    {
        "wordCn": "眼影色眼影",
        "wordFr": "eye color ombres à paupières   couleurs desert fox"
    },
    {
        "wordCn": "眼影色眼影",
        "wordFr": "eye color ombres à paupières   couleurs goddess"
    },
    {
        "wordCn": "眼影色眼影",
        "wordFr": "eye color ombres à paupières   couleurs insolent"
    },
    {
        "wordCn": "四色眼影",
        "wordFr": "eye color quad - ombres à paupières   couleurs - leopard sun"
    },
    {
        "wordCn": "四色眼影",
        "wordFr": "eye color quad - ombres à paupières   couleurs - nude dip"
    },
    {
        "wordCn": "彩色眼影蜜脂眼影",
        "wordFr": "eye cream color ombre à paupières crème"
    },
    {
        "wordCn": "眼线笔",
        "wordFr": "eye-liner"
    },
    {
        "wordCn": "美艳-环保指甲油",
        "wordFr": "fabulius - vernis à ongles écologiques"
    },
    {
        "wordCn": "美艳缎面唇膏替换装",
        "wordFr": "fabulous satin recharge rouge à lèvres"
    },
    {
        "wordCn": "美艳缎面唇膏",
        "wordFr": "fabulous satin rouge à lèvres"
    },
    {
        "wordCn": "眼影",
        "wordFr": "fard à paupières"
    },
    {
        "wordCn": "有色润唇膏替换装",
        "wordFr": "flore recharge baume à lèvres coloré"
    },
    {
        "wordCn": "活效臻颜精华液",
        "wordFr": "fluide merveilleux"
    },
    {
        "wordCn": "粉底 ",
        "wordFr": "fond de     "
    },
    {
        "wordCn": "粉底液",
        "wordFr": "fond de teint"
    },
    {
        "wordCn": "粉底棒",
        "wordFr": "foundation stick - fond de teint invisible stick"
    },
    {
        "wordCn": "法式光芒-环保指甲油",
        "wordFr": "french eclat - vernis à ongles écologiques"
    },
    {
        "wordCn": "法式裸色-环保指甲油",
        "wordFr": "french nude - vernis à ongles écologiques"
    },
    {
        "wordCn": "法式闪光玫瑰-环保指甲油",
        "wordFr": "french rose glow - vernis à ongles écologiques"
    },
    {
        "wordCn": "法式白色-环保指甲油",
        "wordFr": "french white - vernis à ongles écologiques"
    },
    {
        "wordCn": "斐济-环保指甲油",
        "wordFr": "fuji - vernis à ongles écologiques"
    },
    {
        "wordCn": "大号嗅觉护符",
        "wordFr": "fétiche olfactif grand modèle"
    },
    {
        "wordCn": "中号嗅觉护符",
        "wordFr": "fétiche olfactif moyen modèle"
    },
    {
        "wordCn": "小号嗅觉护符",
        "wordFr": "fétiche olfactif petit modèle"
    },
    {
        "wordCn": "抗衰老焕采古铜凝霜",
        "wordFr": "gel bronzer anti-age radiance"
    },
    {
        "wordCn": "沐浴露 ",
        "wordFr": "gel douche       "
    },
    {
        "wordCn": "沐浴露 ",
        "wordFr": "gel douche      "
    },
    {
        "wordCn": "泡沫沐浴露 ",
        "wordFr": "gel douche      "
    },
    {
        "wordCn": "洗发水和沐浴露 ",
        "wordFr": "gel douche cheveux et corps      "
    },
    {
        "wordCn": "沐浴凝胶 ",
        "wordFr": "gel douche neroli portofino      "
    },
    {
        "wordCn": "肌肤调理凝露",
        "wordFr": "gel equilibrant pour le visage"
    },
    {
        "wordCn": "赋活芳香手部清洁露",
        "wordFr": "gel lavant résurrection aromatique pour les mains"
    },
    {
        "wordCn": "尊尚芳香手部清洁露",
        "wordFr": "gel lavant révérence aromatique pour les mains"
    },
    {
        "wordCn": "五月玫瑰修护眼霜",
        "wordFr": "gel liftant pour les yeux à la rose de mai"
    },
    {
        "wordCn": "天竺葵叶免洗洗手液",
        "wordFr": "gel main sans rincage a la feuille de geranium     "
    },
    {
        "wordCn": "天竺葵叶免洗洗手液",
        "wordFr": "gel main sans rincage a la feuille de geranium    "
    },
    {
        "wordCn": "二重奏洁面露",
        "wordFr": "gel nettoyant ambivalent"
    },
    {
        "wordCn": "臻焕洁面啫喱",
        "wordFr": "gel nettoyant fabuleux pour le visage"
    },
    {
        "wordCn": "苦橙香柠身体洁肤露",
        "wordFr": "gel nettoyant pour le corps au panaché d'agrumes"
    },
    {
        "wordCn": "玫瑰的名字身体洁肤露",
        "wordFr": "gel nettoyant pour le corps une rose même sous un autre nom"
    },
    {
        "wordCn": "芫荽籽身体洁肤露",
        "wordFr": "gel nettoyant pour le corps à la graine de coriandre"
    },
    {
        "wordCn": "滋护洗手液 ",
        "wordFr": "gel nettoyant pour les mains      "
    },
    {
        "wordCn": "天竺葵身体护肤露",
        "wordFr": "gel nettoyant à la feuille de géranium pour le corps"
    },
    {
        "wordCn": "香芹籽洁面露",
        "wordFr": "gel nettoyant à la graine de persil"
    },
    {
        "wordCn": "绝妙平衡洁面露",
        "wordFr": "gel nettoyant étonnant pour le visage"
    },
    {
        "wordCn": "丰盈塑眉啫喱",
        "wordFr": "gel sourcils dark"
    },
    {
        "wordCn": "海蓝之谜鎏金焕颜\n浓郁精华晚霜",
        "wordFr": "genaissance de la mer \nle baume concentré de nuit"
    },
    {
        "wordCn": "魅力-环保指甲油",
        "wordFr": "glam - vernis à ongles écologiques"
    },
    {
        "wordCn": "唇彩",
        "wordFr": "gloss"
    },
    {
        "wordCn": "漆-环保指甲油",
        "wordFr": "gloss - vernis à ongles écologiques"
    },
    {
        "wordCn": "柔滑身体磨砂膏",
        "wordFr": "gommage corps lissant"
    },
    {
        "wordCn": "茶树去角质粉",
        "wordFr": "gommage pour le visage à la feuille d'arbre à thé"
    },
    {
        "wordCn": "肌肤救赎身体去角质露",
        "wordFr": "gommage rédemption pour le corps"
    },
    {
        "wordCn": "天竺葵身体去角质露",
        "wordFr": "gommage à la feuille de géranium pour le corps"
    },
    {
        "wordCn": "抗污染精华",
        "wordFr": "gouttes anti-pollution     "
    },
    {
        "wordCn": "绿色之爱-环保指甲油",
        "wordFr": "green love - vernis à ongles écologiques"
    },
    {
        "wordCn": "吉普赛-环保指甲油",
        "wordFr": "gypsy - vernis à ongles écologiques"
    },
    {
        "wordCn": "嬉皮-环保指甲油",
        "wordFr": "hippie - vernis à ongles écologiques"
    },
    {
        "wordCn": "嬉皮缎面唇膏替换装",
        "wordFr": "hippie satin recharge rouge à lèvres"
    },
    {
        "wordCn": "嬉皮缎面唇膏",
        "wordFr": "hippie satin rouge à lèvres"
    },
    {
        "wordCn": "嬉皮士-环保指甲油",
        "wordFr": "hipster - vernis à ongles écologiques"
    },
    {
        "wordCn": "身体及护发精油",
        "wordFr": "huile corps et cheveux"
    },
    {
        "wordCn": "护肤护发精油",
        "wordFr": "huile corps et cheveux      "
    },
    {
        "wordCn": "面部非凡奇效精油",
        "wordFr": "huile fabuleuse pour le visage"
    },
    {
        "wordCn": "香芹籽洁面油",
        "wordFr": "huile nettoyante à la graine de persil"
    },
    {
        "wordCn": "滚珠式香氛油 ",
        "wordFr": "huile parfumée"
    },
    {
        "wordCn": "璀璨身体精油",
        "wordFr": "huile scintillante pour le corps"
    },
    {
        "wordCn": "亮肤身体油 ",
        "wordFr": "huile scintillante pour le corps      "
    },
    {
        "wordCn": "面部双重保湿霜",
        "wordFr": "hydratant ambivalent pour le visage"
    },
    {
        "wordCn": "香芹籽抗氧化保湿精华乳",
        "wordFr": "hydratant anti-oxydant à la graine de persil"
    },
    {
        "wordCn": "觅静保湿精华乳 ",
        "wordFr": "hydratant pour visage en quête de répit     "
    },
    {
        "wordCn": "水润提亮妆前乳妆前乳",
        "wordFr": "illuminating primer base illuminatrice"
    },
    {
        "wordCn": "孔催香仪",
        "wordFr": "instrument à catalyse   ajours"
    },
    {
        "wordCn": "多汁-环保指甲油",
        "wordFr": "juicy - vernis à ongles écologiques"
    },
    {
        "wordCn": "甘蓝-环保指甲油",
        "wordFr": "kale - vernis à ongles écologiques"
    },
    {
        "wordCn": "卡其-环保指甲油",
        "wordFr": "khaki - vernis à ongles écologiques"
    },
    {
        "wordCn": "和服-环保指甲油",
        "wordFr": "kimono - vernis à ongles écologiques"
    },
    {
        "wordCn": "眼部赋活套装",
        "wordFr": "kit énergisant pour les yeux"
    },
    {
        "wordCn": "护发素 ",
        "wordFr": "l'après-shampooing « the conditioner »  "
    },
    {
        "wordCn": "净透洁肤水",
        "wordFr": "l'eau micellaire démaquillante"
    },
    {
        "wordCn": "经典再生精华乳液",
        "wordFr": "l'emulsion régénérante corps"
    },
    {
        "wordCn": "精华保湿乳液",
        "wordFr": "l'emulsion-infusion hydratante     "
    },
    {
        "wordCn": "有机玫瑰精油%有机",
        "wordFr": "l'huile biologique rose infusion    % organic"
    },
    {
        "wordCn": "身体精油 ",
        "wordFr": "l'huile pour le corps  "
    },
    {
        "wordCn": "面部精油 ",
        "wordFr": "l'huile pour le visage    "
    },
    {
        "wordCn": "面部精油 ",
        "wordFr": "l'huile pour le visage  "
    },
    {
        "wordCn": "护发精油 ",
        "wordFr": "l'huile pour les cheveux « the hair oil »  "
    },
    {
        "wordCn": "臻璨焕活精华油 ",
        "wordFr": "l'huile régénérante     "
    },
    {
        "wordCn": "面部、身体和护发精油",
        "wordFr": "l'huile visage, corps, cheveux"
    },
    {
        "wordCn": "鎏光焕变保湿提亮妆前乳",
        "wordFr": "l'illuminateur hydratant"
    },
    {
        "wordCn": "清爽哑光强效精华乳液",
        "wordFr": "l'émulsion régénération intense matifiante"
    },
    {
        "wordCn": "清爽哑光精华乳液",
        "wordFr": "l'émulsion régénération matifiante     "
    },
    {
        "wordCn": "强效焕肤探索套装",
        "wordFr": "la collection découverte revitalisante"
    },
    {
        "wordCn": "唇部滋养",
        "wordFr": "la collection hydratante lèvres"
    },
    {
        "wordCn": "强效焕活套装",
        "wordFr": "la collection régénérante intense"
    },
    {
        "wordCn": "焕活、焕颜春日套装",
        "wordFr": "la collection régénération et éclat spring set"
    },
    {
        "wordCn": "春日套装",
        "wordFr": "la collection spring set"
    },
    {
        "wordCn": "面霜 ",
        "wordFr": "la crème  "
    },
    {
        "wordCn": "身体霜 ",
        "wordFr": "la crème pour le corps  "
    },
    {
        "wordCn": "眼霜 ",
        "wordFr": "la crème pour les yeux « the eye cream »  "
    },
    {
        "wordCn": "滋润面霜 ",
        "wordFr": "la crème riche  "
    },
    {
        "wordCn": "经典精华面霜 ",
        "wordFr": "la crème régénération intense    "
    },
    {
        "wordCn": "经典精华面霜蓝心限量款",
        "wordFr": "la crème régénération intense edition limitée blue heart"
    },
    {
        "wordCn": "精华柔嫩乳霜",
        "wordFr": "la crème soyeuse régénération intense      "
    },
    {
        "wordCn": "焕活精华乳霜 ",
        "wordFr": "la crème soyeuse régénération intense     "
    },
    {
        "wordCn": "清爽型精华凝霜 ",
        "wordFr": "la gel rafraichissant régénération intense    "
    },
    {
        "wordCn": "身体乳 ",
        "wordFr": "la lotion pour le corps  "
    },
    {
        "wordCn": "沁润修护精萃水 ",
        "wordFr": "la lotion pré-soin      "
    },
    {
        "wordCn": "填充装",
        "wordFr": "la recharge"
    },
    {
        "wordCn": "彩棒（亮金色、虹彩粉、亮铜色)",
        "wordFr": "la sélection bâtons de couleur (chin of gold, sick pink, la scène)"
    },
    {
        "wordCn": "身体乳 ",
        "wordFr": "lait corporel      "
    },
    {
        "wordCn": "身体柔肤乳 ",
        "wordFr": "lait doux pour le corps      "
    },
    {
        "wordCn": "新装清新身体乳 ",
        "wordFr": "lait frais pour le corps nouveau flacon      "
    },
    {
        "wordCn": "轻柔洁面乳 ",
        "wordFr": "lait nettoyant doux pour le visage     "
    },
    {
        "wordCn": "轻柔洁面乳 ",
        "wordFr": "lait nettoyant doux pour le visage     "
    },
    {
        "wordCn": "身体乳 ",
        "wordFr": "lait pour le corps       "
    },
    {
        "wordCn": "身体乳 ",
        "wordFr": "lait pour le corps      "
    },
    {
        "wordCn": "天然润唇膏",
        "wordFr": "le baume naturel"
    },
    {
        "wordCn": "润唇膏",
        "wordFr": "le baume à lèvres"
    },
    {
        "wordCn": "驼色粉盒套装",
        "wordFr": "le coffret poudrier camel - la"
    },
    {
        "wordCn": "黑盒套装",
        "wordFr": "le coffret poudrier noir - la"
    },
    {
        "wordCn": "眼影红色粉盒套装",
        "wordFr": "le coffret poudrier rouge - les ombres"
    },
    {
        "wordCn": "唇部护理精华套装",
        "wordFr": "le coffret soin des lèvres serum"
    },
    {
        "wordCn": "浓缩修护精华露 ",
        "wordFr": "le concentré     "
    },
    {
        "wordCn": "双重洁净",
        "wordFr": "le double nettoyage"
    },
    {
        "wordCn": "鎏光焕变滋养丝滑粉饼",
        "wordFr": "le fond de teint poudre hydratant soyeux"
    },
    {
        "wordCn": "唇部柔和磨砂膏",
        "wordFr": "le gommage doux pour les lèvres"
    },
    {
        "wordCn": "冬季套装",
        "wordFr": "le kit d'hiver"
    },
    {
        "wordCn": "睫毛膏",
        "wordFr": "le mascara"
    },
    {
        "wordCn": "紧致、提升精华面膜 ",
        "wordFr": "le masque lift et fermeté     "
    },
    {
        "wordCn": "去角质焕肤精华",
        "wordFr": "le micro-peeling"
    },
    {
        "wordCn": "化妆刷",
        "wordFr": "le pinceau la"
    },
    {
        "wordCn": "免洗护发素 ",
        "wordFr": "le revitalisant sans rinçage « the leave in conditioner »  "
    },
    {
        "wordCn": "仪典",
        "wordFr": "le rituel"
    },
    {
        "wordCn": "鎏光焕颜防晒隔离霜",
        "wordFr": "le soin eclat teinté"
    },
    {
        "wordCn": "润唇膏",
        "wordFr": "le soin lèvres  "
    },
    {
        "wordCn": "头皮护理 ",
        "wordFr": "le soin pour cuir chevelu « the scalp treatment »  "
    },
    {
        "wordCn": "护手霜 ",
        "wordFr": "le soin pour les mains  "
    },
    {
        "wordCn": "靓采面部护理",
        "wordFr": "le soin visage eclat"
    },
    {
        "wordCn": "超级套装",
        "wordFr": "le super set"
    },
    {
        "wordCn": "大号装活颜换肤精华霜",
        "wordFr": "le sérum régénération grande"
    },
    {
        "wordCn": "精华 ",
        "wordFr": "le sérum « the serum »  "
    },
    {
        "wordCn": "爽肤水 ",
        "wordFr": "le tonique      "
    },
    {
        "wordCn": "基础款将哑光底油、法式裸色清漆及亮甲漆相结合",
        "wordFr": "les basiques de"
    },
    {
        "wordCn": "眼影填充装",
        "wordFr": "les ombres recharge"
    },
    {
        "wordCn": "红结合了三款品牌最受欢迎的红色色调",
        "wordFr": "les rouges de"
    },
    {
        "wordCn": "–红管套装",
        "wordFr": "les – coffret écrin rouge"
    },
    {
        "wordCn": "香氛手环杜桑",
        "wordFr": "lien de parfum do son"
    },
    {
        "wordCn": "香氛手环玫瑰香调",
        "wordFr": "lien de parfum eau rose"
    },
    {
        "wordCn": "香氛手环谭道",
        "wordFr": "lien de parfum tam dao"
    },
    {
        "wordCn": "山谷百合香水",
        "wordFr": "lily of the valley eau de parfum    "
    },
    {
        "wordCn": "百合玫瑰-环保指甲油",
        "wordFr": "lily rose - vernis à ongles écologiques"
    },
    {
        "wordCn": "指甲刀",
        "wordFr": "lime à ongles"
    },
    {
        "wordCn": "指甲刀",
        "wordFr": "limes à ongles"
    },
    {
        "wordCn": "眼线笔眼线笔",
        "wordFr": "liner eyeliner"
    },
    {
        "wordCn": "生姜唇&甲膏",
        "wordFr": "lip & nail baume gingembre"
    },
    {
        "wordCn": "玫瑰唇&甲膏",
        "wordFr": "lip & nail baume à la rose"
    },
    {
        "wordCn": "哑光唇彩哑光口红",
        "wordFr": "lip color matte rouge à lèvres mat"
    },
    {
        "wordCn": "唇彩透明质感口红",
        "wordFr": "lip color rouge à lèvres transparant"
    },
    {
        "wordCn": "臻采哑光唇釉哑光唇釉",
        "wordFr": "lip lacquer luxe matte laque à lèvres mat"
    },
    {
        "wordCn": "臻采乙烯基唇釉乙烯基唇釉",
        "wordFr": "lip lacquer luxe vinyl laque à lèvres vinyl"
    },
    {
        "wordCn": "唇膏-环保指甲油",
        "wordFr": "lipstick - vernis à ongles écologiques"
    },
    {
        "wordCn": "唇膏哑光唇膏替换装",
        "wordFr": "lipstick mat recharge rouge à lèvres"
    },
    {
        "wordCn": "唇膏哑光唇膏",
        "wordFr": "lipstick mat rouge à lèvres"
    },
    {
        "wordCn": "唇膏缎面唇膏替换装",
        "wordFr": "lipstick satin recharge rouge à lèvres"
    },
    {
        "wordCn": "唇膏缎面唇膏",
        "wordFr": "lipstick satin rouge à lèvres"
    },
    {
        "wordCn": "造型和定型乳液",
        "wordFr": "lotion coiffante et structurante"
    },
    {
        "wordCn": "润肤露 ",
        "wordFr": "lotion corps     "
    },
    {
        "wordCn": "丝绒护手霜 ",
        "wordFr": "lotion main dans flacon verre      "
    },
    {
        "wordCn": "护手霜 ",
        "wordFr": "lotion pour les mains      "
    },
    {
        "wordCn": "麂皮手部滋护霜 ",
        "wordFr": "lotion pour les mains suede      "
    },
    {
        "wordCn": "亮肤乳液 ",
        "wordFr": "lotion éclaircissante pour le visage  "
    },
    {
        "wordCn": "爱-环保指甲油",
        "wordFr": "love - vernis à ongles écologiques"
    },
    {
        "wordCn": "缎面唇膏替换装",
        "wordFr": "love satin recharge rouge à lèvres"
    },
    {
        "wordCn": "缎面唇膏",
        "wordFr": "love satin rouge à lèvres"
    },
    {
        "wordCn": "闪烁光彩眼影猎豹",
        "wordFr": "luminescent eye shade leopard"
    },
    {
        "wordCn": "闪烁光彩眼影老虎",
        "wordFr": "luminescent eye shade tiger"
    },
    {
        "wordCn": "荔枝-环保指甲油",
        "wordFr": "lychee - vernis à ongles écologiques"
    },
    {
        "wordCn": "面部精华油 ",
        "wordFr": "l’huile à la visage"
    },
    {
        "wordCn": "马卡龙-环保指甲油",
        "wordFr": "macaron - vernis à ongles écologiques"
    },
    {
        "wordCn": "马卡龙有色润唇膏",
        "wordFr": "macaron baume à lèvres coloré"
    },
    {
        "wordCn": "马卡龙有色润唇膏替换装",
        "wordFr": "macaron recharge baume à lèvres coloré"
    },
    {
        "wordCn": "睫毛膏",
        "wordFr": "mascara"
    },
    {
        "wordCn": "睫毛膏睫毛膏",
        "wordFr": "mascara mascara"
    },
    {
        "wordCn": "防水睫毛膏",
        "wordFr": "mascara waterproof"
    },
    {
        "wordCn": "立效舒缓眼膜",
        "wordFr": "masque"
    },
    {
        "wordCn": "生物纤维面膜旅行装",
        "wordFr": "masque bio format voyage"
    },
    {
        "wordCn": "钻石面膜(牛年限定版）",
        "wordFr": "masque bio liftant (année du bœuf)"
    },
    {
        "wordCn": "都市排毒面膜克",
        "wordFr": "masque city  "
    },
    {
        "wordCn": "洁肤面膜",
        "wordFr": "masque clarifiante visage     "
    },
    {
        "wordCn": "升华滋养夜晚面膜 ",
        "wordFr": "masque de nuit récupérateur sublime     "
    },
    {
        "wordCn": "蓝色洋甘菊面部保湿面膜",
        "wordFr": "masque hydratant à la camomille bleue pour le visage"
    },
    {
        "wordCn": "玫瑰滋润护发膜",
        "wordFr": "masque hydratant à la rose pour les cheveux"
    },
    {
        "wordCn": "香芹籽抗氧化清洁面膜",
        "wordFr": "masque nettoyant à la graine de persil"
    },
    {
        "wordCn": "樱草洁净敷面膜",
        "wordFr": "masque nettoyant à l’onagre pour le visage"
    },
    {
        "wordCn": "面膜",
        "wordFr": "masque pour le visage     "
    },
    {
        "wordCn": "甘菊精华去斑面膜",
        "wordFr": "masque à la camomille pour lutter contre les boutons"
    },
    {
        "wordCn": "焕彩面膜 ",
        "wordFr": "masque éclat    "
    },
    {
        "wordCn": "马萨伊-环保指甲油",
        "wordFr": "massai - vernis à ongles écologiques"
    },
    {
        "wordCn": "哑光液体",
        "wordFr": "matte liquide"
    },
    {
        "wordCn": "牛奶-环保指甲油",
        "wordFr": "milk - vernis à ongles écologiques"
    },
    {
        "wordCn": "矿物-环保指甲油",
        "wordFr": "mineral - vernis à ongles écologiques"
    },
    {
        "wordCn": "迷你茉莉花香烛",
        "wordFr": "mini bougie"
    },
    {
        "wordCn": "迷你马鞭草香烛",
        "wordFr": "mini bougie "
    },
    {
        "wordCn": "小化妆刷",
        "wordFr": "mini brosse"
    },
    {
        "wordCn": "迷你液体塑形刷",
        "wordFr": "mini pinceau cheek"
    },
    {
        "wordCn": "薄荷-环保指甲油",
        "wordFr": "mint - vernis à ongles écologiques"
    },
    {
        "wordCn": "去角质面膜 ",
        "wordFr": " "
    },
    {
        "wordCn": "使用限量版面膜给肌肤补水",
        "wordFr": "moisturizing with a mask edition limitée"
    },
    {
        "wordCn": "璀璨净澈泡沫洁面乳 ",
        "wordFr": "mousse démaquillante     "
    },
    {
        "wordCn": "海军蓝-环保指甲油",
        "wordFr": "navy - vernis à ongles écologiques"
    },
    {
        "wordCn": "洁面乳",
        "wordFr": "nettoyant      "
    },
    {
        "wordCn": "洁面乳",
        "wordFr": "nettoyant clarifiant"
    },
    {
        "wordCn": "深肤色泡沫洁面乳 ",
        "wordFr": "nettoyant darker skin tones  "
    },
    {
        "wordCn": "深肤色酵素洁面乳 ",
        "wordFr": "nettoyant enzyme darker skin tones  "
    },
    {
        "wordCn": "酵素洁面乳 ",
        "wordFr": "nettoyant enzyme  "
    },
    {
        "wordCn": "免冲洗洁手液 ",
        "wordFr": "nettoyant mains sans rinçage     "
    },
    {
        "wordCn": "非洲之旅免冲洗洁手液 ",
        "wordFr": "nettoyant mains sans rinçage  "
    },
    {
        "wordCn": "无人之境玫瑰免冲洗洁手液 ",
        "wordFr": "nettoyant mains sans rinçage rose of no man's land  "
    },
    {
        "wordCn": "洗手液 ",
        "wordFr": "nettoyant pour les mains      "
    },
    {
        "wordCn": "净化洁面啫喱小号",
        "wordFr": "nettoyant purifiant, petit format"
    },
    {
        "wordCn": "焕肤洁面乳",
        "wordFr": "nettoyant régénérant      "
    },
    {
        "wordCn": "尼尔-环保指甲油",
        "wordFr": "nile - vernis à ongles écologiques"
    },
    {
        "wordCn": "流浪-环保指甲油",
        "wordFr": "nomade - vernis à ongles écologiques"
    },
    {
        "wordCn": "美人鱼眼影",
        "wordFr": "ombre à paupières"
    },
    {
        "wordCn": "色眼影",
        "wordFr": "ombre à paupières   couleurs"
    },
    {
        "wordCn": "色眼影",
        "wordFr": "ombres à paupières   couleurs"
    },
    {
        "wordCn": "色眼影组合色彩",
        "wordFr": "ombres à paupières   couleurs corporate colours"
    },
    {
        "wordCn": "色眼影玄幻占卜色",
        "wordFr": "ombres à paupières   couleurs sciomancer"
    },
    {
        "wordCn": "色眼影魅惑",
        "wordFr": "ombres à paupières   couleurs syren"
    },
    {
        "wordCn": "纯金-环保指甲油",
        "wordFr": "or pur - vernis à ongles écologiques"
    },
    {
        "wordCn": "面膜",
        "wordFr": "pack"
    },
    {
        "wordCn": "胶囊魔力泡泡",
        "wordFr": "pack magic bubbles"
    },
    {
        "wordCn": "双色眼影",
        "wordFr": "palette d'ombres à paupières"
    },
    {
        "wordCn": "四色眼影眼影盘烟熏石英",
        "wordFr": "palette de fards à paupières smoky quartz"
    },
    {
        "wordCn": "修容彩盘色眼影",
        "wordFr": "palette ombres à paupières couleurs"
    },
    {
        "wordCn": "香水",
        "wordFr": "parfum"
    },
    {
        "wordCn": "香水* ",
        "wordFr": "parfum  *    "
    },
    {
        "wordCn": "香水 ",
        "wordFr": "parfum     "
    },
    {
        "wordCn": "香水 ",
        "wordFr": "parfum      "
    },
    {
        "wordCn": "香水 ",
        "wordFr": "parfum        "
    },
    {
        "wordCn": "香水",
        "wordFr": "parfum     "
    },
    {
        "wordCn": "香水",
        "wordFr": "parfum    "
    },
    {
        "wordCn": "香水 ",
        "wordFr": "parfum     "
    },
    {
        "wordCn": "香水",
        "wordFr": "parfum    "
    },
    {
        "wordCn": "香水 ",
        "wordFr": "parfum     "
    },
    {
        "wordCn": "香水",
        "wordFr": "parfum    "
    },
    {
        "wordCn": "香水 ",
        "wordFr": "parfum     "
    },
    {
        "wordCn": "室内喷雾 ",
        "wordFr": "parfum d'ambiance         "
    },
    {
        "wordCn": "室内喷雾 ",
        "wordFr": "parfum d'ambiance     "
    },
    {
        "wordCn": "旅行装",
        "wordFr": "parfum de voyage     "
    },
    {
        "wordCn": "杜桑淡香水旅行装 ",
        "wordFr": "parfum de voyage do son     "
    },
    {
        "wordCn": "玫瑰香调淡香水旅行装 ",
        "wordFr": "parfum de voyage eau rose     "
    },
    {
        "wordCn": "法国恋人",
        "wordFr": "parfum french lover"
    },
    {
        "wordCn": "香水喷雾 ",
        "wordFr": "parfum perfume spray     "
    },
    {
        "wordCn": "发香 ",
        "wordFr": "parfum pour cheveux       "
    },
    {
        "wordCn": "发香 ",
        "wordFr": "parfum pour cheveux     "
    },
    {
        "wordCn": "玫瑰与皮革香水 ",
        "wordFr": "parfum rose and cuir      "
    },
    {
        "wordCn": "玫瑰与皮革香水 ",
        "wordFr": "parfum rose and cuir     "
    },
    {
        "wordCn": "玫瑰与皮革香水 ",
        "wordFr": "parfum rose and cuir     "
    },
    {
        "wordCn": "可填充款固体香",
        "wordFr": "parfum solide rechargeable"
    },
    {
        "wordCn": "香氛肌肤贴-杜桑",
        "wordFr": "patch de parfum do son"
    },
    {
        "wordCn": "香氛肌肤贴-玫瑰香调",
        "wordFr": "patch de parfum eau rose"
    },
    {
        "wordCn": "香氛肌肤贴-影中之水",
        "wordFr": "patch de parfum ombre dans l eau"
    },
    {
        "wordCn": "铂金-环保指甲油",
        "wordFr": "patinum - vernis à ongles écologiques"
    },
    {
        "wordCn": "无瑕柔雾定妆粉饼",
        "wordFr": "perfect blur finishing powder"
    },
    {
        "wordCn": "香氛喷雾 ",
        "wordFr": "perfume gun      "
    },
    {
        "wordCn": "石油色-环保指甲油",
        "wordFr": "petrol - vernis à ongles écologiques"
    },
    {
        "wordCn": "与众不同-环保指甲油",
        "wordFr": "phenomenal - vernis à ongles écologiques"
    },
    {
        "wordCn": "眼影刷",
        "wordFr": "pinceau"
    },
    {
        "wordCn": "多用刷",
        "wordFr": "pinceau brosse perfection teint"
    },
    {
        "wordCn": "按压式化妆刷",
        "wordFr": "pinceau click"
    },
    {
        "wordCn": "眼线刷",
        "wordFr": "pinceau eyeliner,"
    },
    {
        "wordCn": "腮红刷",
        "wordFr": "pinceau joues,"
    },
    {
        "wordCn": "化妆刷",
        "wordFr": "pinceau pochoir perfection teint"
    },
    {
        "wordCn": "修容刷",
        "wordFr": "pinceau sculpteur,"
    },
    {
        "wordCn": "开心果-环保指甲油",
        "wordFr": "pistache - vernis à ongles écologiques"
    },
    {
        "wordCn": "雪松和柑橘润唇膏",
        "wordFr": "pommade pour les lèvres au cèdre et aux agrumes"
    },
    {
        "wordCn": "皂粉克",
        "wordFr": "poudre de savon  "
    },
    {
        "wordCn": "半透明粉饼",
        "wordFr": "poudre pressée translucide"
    },
    {
        "wordCn": "遮瑕蜜粉克",
        "wordFr": "poudre teintée "
    },
    {
        "wordCn": "妆前乳",
        "wordFr": "primer"
    },
    {
        "wordCn": "纯净滋润去角质霜",
        "wordFr": "pâte exfoliante et purifiante pour le visage"
    },
    {
        "wordCn": "填充装",
        "wordFr": "recharge"
    },
    {
        "wordCn": "替换装",
        "wordFr": "recharge     "
    },
    {
        "wordCn": "天然润唇膏替换装",
        "wordFr": "recharge baume à lèvres naturel"
    },
    {
        "wordCn": "哑光打底替换装",
        "wordFr": "recharge clean base mat"
    },
    {
        "wordCn": "催香仪烛芯填充装",
        "wordFr": "recharge de mèche pour instrument à catalyse"
    },
    {
        "wordCn": "时间生物晚间面膜填充装片装",
        "wordFr": "recharge masque nuit chronobiologique doses"
    },
    {
        "wordCn": "极致滋润舒缓霜替换装",
        "wordFr": "recharge pour the ultimate soothing cream     "
    },
    {
        "wordCn": "扩香精补充瓶",
        "wordFr": "recharge sablier figuier     "
    },
    {
        "wordCn": "扩香精补充瓶",
        "wordFr": "recharge sablier fleur d'oranger     "
    },
    {
        "wordCn": "固体香填充装",
        "wordFr": "recharges parfum solide"
    },
    {
        "wordCn": "丰盈补水护理伴侣",
        "wordFr": "replenishing skincare duo"
    },
    {
        "wordCn": "填充款香水",
        "wordFr": "ressource    "
    },
    {
        "wordCn": "香水可填充款",
        "wordFr": "ressourçable"
    },
    {
        "wordCn": "可填充款",
        "wordFr": "ressourçable    "
    },
    {
        "wordCn": "苏活生姜油",
        "wordFr": "roll au gingembre pour voyager"
    },
    {
        "wordCn": "玫瑰牛奶-环保指甲油",
        "wordFr": "rose milk - vernis à ongles écologiques"
    },
    {
        "wordCn": "闪光玫瑰牛奶-环保指甲油",
        "wordFr": "rose milk glow - vernis à ongles écologiques"
    },
    {
        "wordCn": "朋克玫瑰-环保指甲油",
        "wordFr": "rose punk - vernis à ongles écologiques"
    },
    {
        "wordCn": "朋克玫瑰有色润唇膏",
        "wordFr": "rose punk baume à lèvres coloré"
    },
    {
        "wordCn": "朋克玫瑰有色润唇膏替换装",
        "wordFr": "rose punk recharge baume à lèvres coloré"
    },
    {
        "wordCn": "石英玫瑰-环保指甲油",
        "wordFr": "rose qwartz - vernis à ongles écologiques"
    },
    {
        "wordCn": "玫瑰雪-环保指甲油",
        "wordFr": "rose snow - vernis à ongles écologiques"
    },
    {
        "wordCn": "玫瑰套装瓶 ",
        "wordFr": "roses - une collection     "
    },
    {
        "wordCn": "唇釉",
        "wordFr": "rouge"
    },
    {
        "wordCn": "红花有色润唇膏",
        "wordFr": "rouge flore baume à lèvres coloré"
    },
    {
        "wordCn": "口红",
        "wordFr": "rouge à lèvre"
    },
    {
        "wordCn": "口红",
        "wordFr": "rouge à lèvres"
    },
    {
        "wordCn": "口红替芯",
        "wordFr": "rouge à lèvres eco-recharge"
    },
    {
        "wordCn": "哑光口红",
        "wordFr": "rouge à lèvres matte"
    },
    {
        "wordCn": "闪亮口红",
        "wordFr": "rouge à lèvres satin"
    },
    {
        "wordCn": "熏香胶",
        "wordFr": "rubber incense"
    },
    {
        "wordCn": "焕肤免洗洗手液",
        "wordFr": "résurrection des mains sans rinçage"
    },
    {
        "wordCn": "沙-环保指甲油",
        "wordFr": "sable - vernis à ongles écologiques"
    },
    {
        "wordCn": "扩香精补充瓶-浆果香 ",
        "wordFr": "sablier baies     "
    },
    {
        "wordCn": "扩香精",
        "wordFr": "sablier figuier     "
    },
    {
        "wordCn": "扩香精",
        "wordFr": "sablier fleur d'oranger     "
    },
    {
        "wordCn": "生姜扩香精",
        "wordFr": "sablier gingembre     "
    },
    {
        "wordCn": "藏红花-环保指甲油",
        "wordFr": "saffron - vernis à ongles écologiques"
    },
    {
        "wordCn": "撒哈拉-环保指甲油",
        "wordFr": "sahara - vernis à ongles écologiques"
    },
    {
        "wordCn": "纱丽-环保指甲油",
        "wordFr": "sari - vernis à ongles écologiques"
    },
    {
        "wordCn": "缎面唇膏替换装",
        "wordFr": "satin recharge rouge à lèvres"
    },
    {
        "wordCn": "缎面唇膏",
        "wordFr": "satin rouge à lèvres"
    },
    {
        "wordCn": "洁肤香块",
        "wordFr": "savon pour le corps"
    },
    {
        "wordCn": "头皮护理精华 ",
        "wordFr": "scalp serum  "
    },
    {
        "wordCn": "丑闻-环保指甲油",
        "wordFr": "scandal - vernis à ongles écologiques"
    },
    {
        "wordCn": "丑闻哑光唇膏替换装",
        "wordFr": "scandal mat recharge rouge à lèvres"
    },
    {
        "wordCn": "丑闻哑光唇膏",
        "wordFr": "scandal mat rouge à lèvres"
    },
    {
        "wordCn": "九月-环保指甲油",
        "wordFr": "september - vernis à ongles écologiques"
    },
    {
        "wordCn": "九月哑光唇膏替换装",
        "wordFr": "september mat recharge rouge à lèvres"
    },
    {
        "wordCn": "九月哑光唇膏",
        "wordFr": "september mat rouge à lèvres"
    },
    {
        "wordCn": "精华",
        "wordFr": "serum"
    },
    {
        "wordCn": "欧芹籽强效抗氧化精华",
        "wordFr": "serum antioxydant intense à la graine de persil    "
    },
    {
        "wordCn": "夜间精华",
        "wordFr": "serum de nuit     "
    },
    {
        "wordCn": "抗蓝光玻尿酸精华 ",
        "wordFr": "serum hyaluronique anti lumiere bleue     "
    },
    {
        "wordCn": "烟酰胺精华液",
        "wordFr": "serum niacinamide"
    },
    {
        "wordCn": "精华液",
        "wordFr": "serum plus"
    },
    {
        "wordCn": " 旅行装",
        "wordFr": "set de voyage    "
    },
    {
        "wordCn": "探索套装",
        "wordFr": "set discovery"
    },
    {
        "wordCn": "洗发水",
        "wordFr": "shampooing"
    },
    {
        "wordCn": "均衡洗发水",
        "wordFr": "shampooing equilibrant"
    },
    {
        "wordCn": "丰盈洗发露",
        "wordFr": "shampooing volume"
    },
    {
        "wordCn": "脏橘-环保指甲油",
        "wordFr": "sienna - vernis à ongles écologiques"
    },
    {
        "wordCn": "脏橘缎面唇膏替换装",
        "wordFr": "sienna satin recharge rouge à lèvres"
    },
    {
        "wordCn": "脏橘缎面唇膏",
        "wordFr": "sienna satin rouge à lèvres"
    },
    {
        "wordCn": "烟熏-环保指甲油",
        "wordFr": "smokey - vernis à ongles écologiques"
    },
    {
        "wordCn": "超复古缎面唇膏替换装",
        "wordFr": "so vintage satin recharge rouge à lèvres"
    },
    {
        "wordCn": "超复古缎面唇膏",
        "wordFr": "so vintage satin rouge à lèvres"
    },
    {
        "wordCn": "意式精致-环保指甲油",
        "wordFr": "sofisticato - vernis à ongles écologiques"
    },
    {
        "wordCn": "欧芹籽抗氧化面霜",
        "wordFr": "soin anti-oxydant pour le visage à la graine de persil"
    },
    {
        "wordCn": "眼霜",
        "wordFr": "soin contour des yeux"
    },
    {
        "wordCn": "滋养紧致粉底",
        "wordFr": "soin de teint nutri-liftant"
    },
    {
        "wordCn": "亮肤精华",
        "wordFr": "soin eclat intense, brightening cc lumi-serum"
    },
    {
        "wordCn": "全面呵护面霜 ",
        "wordFr": "soin global visage    "
    },
    {
        "wordCn": "天竺葵润体精油",
        "wordFr": "soin hydratant à la feuille de géranium pour le corps"
    },
    {
        "wordCn": "超值经典奢华套装：奢润套装",
        "wordFr": "soin luxe essentiel plus : nourrissant"
    },
    {
        "wordCn": "活力眼霜",
        "wordFr": "soin éclat regard doses"
    },
    {
        "wordCn": "活力眼霜补充装",
        "wordFr": "soin éclat regard recharge doses"
    },
    {
        "wordCn": "柔肤洗手液",
        "wordFr": "solution lavante dans flacon verre      "
    },
    {
        "wordCn": "免洗洗手液",
        "wordFr": "solution lavante sans rinçage    "
    },
    {
        "wordCn": "再生活效免洗喷雾",
        "wordFr": "spray mains sans rincage resurrection    "
    },
    {
        "wordCn": "香体棒 ",
        "wordFr": "stick déodorant     "
    },
    {
        "wordCn": "短剑-环保指甲油",
        "wordFr": "stiletto - vernis à ongles écologiques"
    },
    {
        "wordCn": "短剑哑光唇膏替换装",
        "wordFr": "stiletto mat recharge rouge à lèvres"
    },
    {
        "wordCn": "短剑哑光唇膏",
        "wordFr": "stiletto mat rouge à lèvres"
    },
    {
        "wordCn": "石洗-环保指甲油",
        "wordFr": "stone wash - vernis à ongles écologiques"
    },
    {
        "wordCn": "日落-环保指甲油",
        "wordFr": "sunset - vernis à ongles écologiques"
    },
    {
        "wordCn": "超级抗衰老护手霜",
        "wordFr": "super crème antiâge pour les mains"
    },
    {
        "wordCn": "精华",
        "wordFr": "sérum - the serum     "
    },
    {
        "wordCn": "排毒精华",
        "wordFr": "sérum  "
    },
    {
        "wordCn": "抗衰老加强精华",
        "wordFr": "sérum anti-âge     "
    },
    {
        "wordCn": "亮肤美容液",
        "wordFr": "sérum anti-âge glow drops     "
    },
    {
        "wordCn": "抗衰老紧致面部精华",
        "wordFr": "sérum anti-âge raffermissant pour le visage     "
    },
    {
        "wordCn": "夜用精华",
        "wordFr": "sérum apaisant     "
    },
    {
        "wordCn": "有机屏障精华液",
        "wordFr": "sérum bio-barrière    "
    },
    {
        "wordCn": "净透精华液",
        "wordFr": "sérum clarifiante visage     "
    },
    {
        "wordCn": "护发精华素",
        "wordFr": "sérum disciplinant pour les cheveux"
    },
    {
        "wordCn": "轻盈保湿精华露",
        "wordFr": "sérum hydratant léger pour le visage"
    },
    {
        "wordCn": "强效再生精华",
        "wordFr": "sérum intense rénovateur doses"
    },
    {
        "wordCn": "强效再生精华补充装",
        "wordFr": "sérum intense rénovateur recharge doses"
    },
    {
        "wordCn": "嫩肤精华液小瓶",
        "wordFr": "sérum rajeunissant, petit format"
    },
    {
        "wordCn": "卓莹精华液",
        "wordFr": "sérum révélateur éclat doses"
    },
    {
        "wordCn": "卓莹精华液补充装",
        "wordFr": "sérum révélateur éclat recharge doses"
    },
    {
        "wordCn": "防晒滴露",
        "wordFr": "sérum solaire sun drops     "
    },
    {
        "wordCn": "超强抗衰老头皮精华液",
        "wordFr": "sérum super anti-âge pour le cuir chevelu     "
    },
    {
        "wordCn": "透明质酸精华",
        "wordFr": "sérum à l'acide hyaluronique     "
    },
    {
        "wordCn": "深肤色透明质酸精华液 ",
        "wordFr": "sérum à l'acide hyaluronique darker skin tones  "
    },
    {
        "wordCn": "美白精华",
        "wordFr": "sérum éclaircissant pour le visage     "
    },
    {
        "wordCn": "衡养头皮精华液",
        "wordFr": "sérum équilibrant pour le cuir chevelu"
    },
    {
        "wordCn": "刺青-环保指甲油",
        "wordFr": "tatoo - vernis à ongles écologiques"
    },
    {
        "wordCn": "茶玫瑰-环保指甲油",
        "wordFr": "tea rose - vernis à ongles écologiques"
    },
    {
        "wordCn": "茶玫瑰哑光唇膏替换",
        "wordFr": "tea rose mat recharge rouge à lèvres"
    },
    {
        "wordCn": "茶玫瑰哑光唇膏",
        "wordFr": "tea rose mat rouge à lèvres"
    },
    {
        "wordCn": "茶玫瑰缎面唇膏替换装",
        "wordFr": "tea rose satin recharge rouge à lèvres"
    },
    {
        "wordCn": "茶玫瑰缎面唇膏",
        "wordFr": "tea rose satin rouge à lèvres"
    },
    {
        "wordCn": "冰凝金装粉底",
        "wordFr": "teint precieux"
    },
    {
        "wordCn": "透明古铜色平滑面部色调",
        "wordFr": "teinture lissante pour le visage sheer bronze"
    },
    {
        "wordCn": "大地玫瑰-环保指甲油",
        "wordFr": "terre rose - vernis à ongles écologiques"
    },
    {
        "wordCn": "大地玫瑰哑光唇膏替换装",
        "wordFr": "terre rose mat recharge rouge à lèvres"
    },
    {
        "wordCn": "大地玫瑰哑光唇膏",
        "wordFr": "terre rose mat rouge à lèvres"
    },
    {
        "wordCn": "洁面啫喱 ",
        "wordFr": "the cream cleansing gel     "
    },
    {
        "wordCn": "经典套装",
        "wordFr": "the icon set"
    },
    {
        "wordCn": "时间生物晚间面膜",
        "wordFr": "the masque nuit chronobiologique"
    },
    {
        "wordCn": "鎏光焕变妆前凝乳",
        "wordFr": "the perfecting primer"
    },
    {
        "wordCn": "零售套装",
        "wordFr": "the retail set"
    },
    {
        "wordCn": "每日护理必备双件套：面霜",
        "wordFr": "the starter kit with the"
    },
    {
        "wordCn": "维他命",
        "wordFr": "the vitamine"
    },
    {
        "wordCn": "淡香水",
        "wordFr": "toilette"
    },
    {
        "wordCn": "淡香水 ",
        "wordFr": "toilette      "
    },
    {
        "wordCn": "香芹籽抗氧化活肤调理液",
        "wordFr": "toner anti-oxydant à la graine de persil"
    },
    {
        "wordCn": "苦橙收敛调理液",
        "wordFr": "toner astringeant à l'orange amère"
    },
    {
        "wordCn": "二重奏调理液",
        "wordFr": "tonique ambivalent"
    },
    {
        "wordCn": "平衡爽肤水 ",
        "wordFr": "tonique équilibrant     "
    },
    {
        "wordCn": "平衡爽肤水 ",
        "wordFr": "tonique équilibrant  "
    },
    {
        "wordCn": "无痕柔性哑光粉底",
        "wordFr": "traceless soft matte foundation - fond de teint mat"
    },
    {
        "wordCn": "无痕柔软哑光妆前乳妆前乳",
        "wordFr": "traceless soft matte primer base de teint"
    },
    {
        "wordCn": "鼠尾草&雪松头皮调理精油",
        "wordFr": "traitement pour le cuir chevelu irrité"
    },
    {
        "wordCn": "大马士革玫瑰精露",
        "wordFr": "traitement à la rose de damas pour le visage"
    },
    {
        "wordCn": "探险护理包",
        "wordFr": "trousse pour l'aventure"
    },
    {
        "wordCn": "绿宝石-环保指甲油",
        "wordFr": "turkoise - vernis à ongles écologiques"
    },
    {
        "wordCn": "室内喷雾-琥珀",
        "wordFr": "vaporisateur ambre      "
    },
    {
        "wordCn": "浆果香室内喷雾 ",
        "wordFr": "vaporisateur d'intérieur baies      "
    },
    {
        "wordCn": "无花果室内喷雾 ",
        "wordFr": "vaporisateur d'intérieur figuier      "
    },
    {
        "wordCn": "室内喷雾-炭木香",
        "wordFr": "vaporisateur feu de bois      "
    },
    {
        "wordCn": "身体喷雾",
        "wordFr": "vaporisateur pour le corps"
    },
    {
        "wordCn": "身体喷雾 ",
        "wordFr": "vaporisateur pour le corps      "
    },
    {
        "wordCn": "身体喷雾",
        "wordFr": "vaporisateur pour le corps     "
    },
    {
        "wordCn": "可填充款喷雾",
        "wordFr": "vaporisateur rechargeable"
    },
    {
        "wordCn": "室内喷雾-晚香玉",
        "wordFr": "vaporisateur tubéreuse      "
    },
    {
        "wordCn": "黑胶-环保指甲油",
        "wordFr": "vinyle - vernis à ongles écologiques"
    },
    {
        "wordCn": "面部和身体喷雾",
        "wordFr": "visage et corps"
    },
    {
        "wordCn": "风尚-环保指甲油",
        "wordFr": "vogue - vernis à ongles écologiques"
    },
    {
        "wordCn": "焕亮修复润肤乳",
        "wordFr": "voile protection éclat doses"
    },
    {
        "wordCn": "焕亮修复润肤乳补充装",
        "wordFr": "voile protection éclat recharge doses"
    },
    {
        "wordCn": "您的面部护理体验套装礼盒",
        "wordFr": "votre visage coffret découverte"
    },
    {
        "wordCn": "佐伊哑光唇膏替换装",
        "wordFr": "zoe mat recharge rouge à lèvres"
    },
    {
        "wordCn": "佐伊哑光唇膏",
        "wordFr": "zoe mat rouge à lèvres"
    },
    {
        "wordCn": "佐伊缎面唇膏替换装",
        "wordFr": "zoe satin recharge rouge à lèvres"
    },
    {
        "wordCn": "佐伊缎面唇膏",
        "wordFr": "zoe satin rouge à lèvres"
    },
    {
        "wordCn": "佐伊-环保指甲油",
        "wordFr": "zoé - vernis à ongles écologiques"
    },
    {
        "wordCn": "红管套装",
        "wordFr": "coffret écrin rouge"
    }
]