[
    {
        "wordCn": "戒指",
        "wordFr": "bague"
    },
    {
        "wordCn": "手链",
        "wordFr": "bracelet"
    },
    {
        "wordCn": "项链",
        "wordFr": "collier"
    },
    {
        "wordCn": "单颗饰钉小号手提包",
        "wordFr": "petit sac one stud"
    },
    {
        "wordCn": "珐琅订婚戒",
        "wordFr": "alliance émail"
    },
    {
        "wordCn": "戒指",
        "wordFr": "bague"
    },
    {
        "wordCn": "双排戒指",
        "wordFr": "bague 2 rangs"
    },
    
    {
        "wordCn": "5环戒指钻石",
        "wordFr": "bague 5 rangs diamants"
    },
    {
        "wordCn": "海蓝宝石、钻石戒指",
        "wordFr": "bague aigue-marine et diamants"
    },
    {
        "wordCn": "古董戒",
        "wordFr": "bague antique"
    },
    {
        "wordCn": "硅孔雀石古董戒",
        "wordFr": "bague antique chrysocolle"
    },
    {
        "wordCn": "缟玛瑙古董戒",
        "wordFr": "bague antique onyx"
    },
    {
        "wordCn": "菱锰矿古董戒",
        "wordFr": "bague antique rhodochrosite"
    },
    {
        "wordCn": "绿松石古董戒",
        "wordFr": "bague antique turquoise"
    },
    {
        "wordCn": "银质戒指",
        "wordFr": "bague argent"
    },
    {
        "wordCn": "水晶戒指",
        "wordFr": "bague avec cristal"
    },
    {
        "wordCn": "戒指",
        "wordFr": "bague black mother of pearl"
    },
    {
        "wordCn": "花形戒指",
        "wordFr": "bague blossom"
    },
    {
        "wordCn": "蓝砂石戒指",
        "wordFr": "bague blue sand stone"
    },
    {
        "wordCn": "小流苏环形戒指",
        "wordFr": "bague cercle petite pampille"
    },
    {
        "wordCn": "链条戒指",
        "wordFr": "bague chaine"
    },
    {
        "wordCn": "链式戒指",
        "wordFr": "bague chaine - croix"
    },
    {
        "wordCn": "链环戒迷你长方",
        "wordFr": "bague chaine mini baguette"
    },
    {
        "wordCn": "链条戒指蛇形钻石",
        "wordFr": "bague chaine serpent diamant"
    },
    {
        "wordCn": "链环戒",
        "wordFr": "bague chaîne"
    },
    {
        "wordCn": "珐琅链戒",
        "wordFr": "bague chaîne émail blanc"
    },
    {
        "wordCn": "珐琅链戒",
        "wordFr": "bague chaîne émail bleu"
    },
    {
        "wordCn": "珐琅链戒",
        "wordFr": "bague chaîne émail jaune"
    },
    {
        "wordCn": "珐琅链戒",
        "wordFr": "bague chaîne émail rouge"
    },
    {
        "wordCn": "双排彩色戒指",
        "wordFr": "bague chromatic 2 rangs"
    },
    {
        "wordCn": "心形戒指",
        "wordFr": "bague coeur"
    },
    {
        "wordCn": "心心相印戒指",
        "wordFr": "bague cœur entrelacé"
    },
    {
        "wordCn": "订婚戒指",
        "wordFr": "bague de fiancailles - multi diamants"
    },
    {
        "wordCn": "订婚戒",
        "wordFr": "bague de fiancailles - solitaire"
    },
    {
        "wordCn": "订婚戒",
        "wordFr": "bague de fiancailles - toi et moi"
    },
    {
        "wordCn": "订婚戒多个三角",
        "wordFr": "bague de fiancailles multi triangles"
    },
    {
        "wordCn": "蕾丝戒指",
        "wordFr": "bague dentelle or jaune et diamants"
    },
    {
        "wordCn": "钻石戒指",
        "wordFr": "bague diamants"
    },
    {
        "wordCn": "戒指钻石",
        "wordFr": "bague diamants argent"
    },
    {
        "wordCn": "双环戒",
        "wordFr": "bague double"
    },
    {
        "wordCn": "金色饰面黄铜戒指",
        "wordFr": "bague double en laiton doré et rhodié"
    },
    {
        "wordCn": "戒指双日钻石",
        "wordFr": "bague double soleil diamants"
    },
    {
        "wordCn": "戒指",
        "wordFr": "bague doubles anneaux"
    },
    {
        "wordCn": "沙丘戒指",
        "wordFr": "bague dune"
    },
    {
        "wordCn": "戒指溢彩钻石",
        "wordFr": "bague eclat diamants"
    },
    {
        "wordCn": "钻石纯金戒指",
        "wordFr": "bague en or et diamant"
    },
    {
        "wordCn": "珍珠戒指",
        "wordFr": "bague en perle"
    },
    {
        "wordCn": "戒指",
        "wordFr": "bague f is fendi"
    },
    {
        "wordCn": "安提克女孩戒指",
        "wordFr": "bague filles antik"
    },
    {
        "wordCn": "金色黄铜链环细戒",
        "wordFr": "bague fine maillon laiton doré"
    },
    {
        "wordCn": "戒指",
        "wordFr": "bague grand v"
    },
    {
        "wordCn": "心形戒指",
        "wordFr": "bague heart"
    },
    {
        "wordCn": "漂梨尼龙钻石指环",
        "wordFr": "bague imagine poire diamant"
    },
    {
        "wordCn": "钻浮动尼龙指环",
        "wordFr": "bague imagine ronde diamant"
    },
    {
        "wordCn": "因陀妮戒指",
        "wordFr": "bague indrani"
    },
    {
        "wordCn": "希腊回纹戒指",
        "wordFr": "bague la greca"
    },
    {
        "wordCn": "我的最爱戒指",
        "wordFr": "bague ma preference"
    },
    {
        "wordCn": "因陀妮戒指",
        "wordFr": "bague ma première"
    },
    {
        "wordCn": "戒指链环",
        "wordFr": "bague maillon"
    },
    {
        "wordCn": "金属质地戒指",
        "wordFr": "bague medusa tribute"
    },
    {
        "wordCn": "迷你戒指",
        "wordFr": "bague mini"
    },
    {
        "wordCn": "迷你戒指钻石",
        "wordFr": "bague mini diamants argent"
    },
    {
        "wordCn": "迷你金字塔戒指钻石",
        "wordFr": "bague mini pyramide diamants argent"
    },
    {
        "wordCn": "迷你金字塔戒指半镶",
        "wordFr": "bague mini pyramide semi pavée argent"
    },
    {
        "wordCn": "迷你戒指半镶",
        "wordFr": "bague mini semi pavée argent"
    },
    {
        "wordCn": "珍珠母戒指",
        "wordFr": "bague mother of pearl"
    },
    {
        "wordCn": "戒指",
        "wordFr": "bague multi baguette"
    },
    {
        "wordCn": "多枚梨钻戒指",
        "wordFr": "bague multi poires diamants"
    },
    {
        "wordCn": "戒指",
        "wordFr": "bague multi soleil"
    },
    {
        "wordCn": "蝴蝶结戒指",
        "wordFr": "bague noeud"
    },
    {
        "wordCn": "双环密镶美钻黑色戒指",
        "wordFr": "bague noir double anneau pavé diamant"
    },
    {
        "wordCn": "八边形孔雀石钻石项链",
        "wordFr": "bague octagonal shape malachite pavé diamant"
    },
    {
        "wordCn": "缟玛瑙戒指",
        "wordFr": "bague onyx"
    },
    {
        "wordCn": "开口戒指钻石",
        "wordFr": "bague ouverte diamants argent"
    },
    {
        "wordCn": "密镶戒指",
        "wordFr": "bague pavé"
    },
    {
        "wordCn": "满镶戒指",
        "wordFr": "bague pavée"
    },
    {
        "wordCn": "珍珠戒指",
        "wordFr": "bague perles precieuses"
    },
    {
        "wordCn": "小号戒指",
        "wordFr": "bague petit"
    },
    {
        "wordCn": "小号戒指",
        "wordFr": "bague petit modèle"
    },
    {
        "wordCn": "环尖齿戒钻石",
        "wordFr": "bague picots 1 rang diamants argent"
    },
    {
        "wordCn": "月光石戒指",
        "wordFr": "bague pierre de lune"
    },
    {
        "wordCn": "粉色戒指",
        "wordFr": "bague pink"
    },
    {
        "wordCn": "尖齿粉戒钻石",
        "wordFr": "bague pinky 3 picots diamants argent"
    },
    {
        "wordCn": "尖齿粉戒钻石",
        "wordFr": "bague pinky 5 picots diamants argent"
    },
    {
        "wordCn": "小流苏梨形戒指",
        "wordFr": "bague poire petite pampille"
    },
    {
        "wordCn": "金字塔戒指钻石",
        "wordFr": "bague pyramide diamants argent"
    },
    {
        "wordCn": "红宝石戒指",
        "wordFr": "bague rhodolite"
    },
    {
        "wordCn": "红宝石戒指",
        "wordFr": "bague rubis"
    },
    {
        "wordCn": "戒指",
        "wordFr": "bague saphirs"
    },
    {
        "wordCn": "戒指半镶",
        "wordFr": "bague semi pavée argent"
    },
    {
        "wordCn": "霓虹蓝蛇形珐琅戒指 ",
        "wordFr": "bague serpent émail bleu fluo"
    },
    {
        "wordCn": "悬空镶嵌戒指",
        "wordFr": "bague serti sur vide"
    },
    {
        "wordCn": "签名戒指",
        "wordFr": "bague signature"
    },
    {
        "wordCn": "戒指",
        "wordFr": "bague simple soleil"
    },
    {
        "wordCn": "单钻戒指",
        "wordFr": "bague single diamond"
    },
    {
        "wordCn": "黄玉戒指",
        "wordFr": "bague topaze"
    },
    {
        "wordCn": "碧玺、沙弗来石戒指",
        "wordFr": "bague tourmaline et tsavorites"
    },
    {
        "wordCn": "花边戒指",
        "wordFr": "bague tresse"
    },
    {
        "wordCn": "霓虹蓝形珐琅戒指 ",
        "wordFr": "bague v émail bleu"
    },
    {
        "wordCn": "霓虹黄形珐琅戒指 ",
        "wordFr": "bague v émail jaune fluo"
    },
    {
        "wordCn": "霓虹粉形珐琅戒指 ",
        "wordFr": "bague v émail rose fluo"
    },
    {
        "wordCn": "波浪指环",
        "wordFr": "bague wave"
    },
    {
        "wordCn": "链环戒指",
        "wordFr": "bague à chaîne delizioso"
    },
    {
        "wordCn": "椭圆环戒指",
        "wordFr": "bague à chaîne ovale"
    },
    {
        "wordCn": "霓虹蓝珐琅层叠戒指 ",
        "wordFr": "bague émail superposé bleu fluo"
    },
    {
        "wordCn": "霓虹黄珐琅层叠戒指 ",
        "wordFr": "bague émail superposé jaune fluo"
    },
    {
        "wordCn": "戒指（三只组合）",
        "wordFr": "bagues (set de 3)"
    },
    {
        "wordCn": "珐琅戒指",
        "wordFr": "bagues laquées"
    },
    {
        "wordCn": "耳环",
        "wordFr": "barrette d'oreille"
    },
    {
        "wordCn": "美杜莎发夹",
        "wordFr": "barrette medusa"
    },
    {
        "wordCn": "金色饰面黄铜圈式耳环",
        "wordFr": "bo laiton doré"
    },
    {
        "wordCn": "耳环",
        "wordFr": "boucle d'oreille"
    },
    {
        "wordCn": "耳环-环形流苏梨形钻石",
        "wordFr": "boucle d'oreille - créole ovale pampille poire diamant"
    },
    {
        "wordCn": "枚珍珠耳环",
        "wordFr": "boucle d'oreille 3 perles"
    },
    {
        "wordCn": "耳环排钻石",
        "wordFr": "boucle d'oreille 3 rangs diamants argent"
    },
    {
        "wordCn": "单钻白色耳环",
        "wordFr": "boucle d'oreille blanc 1 diamant"
    },
    {
        "wordCn": "单钻小链白色耳环",
        "wordFr": "boucle d'oreille blanc chainette 1 diamant"
    },
    {
        "wordCn": "单钻轨道白色耳环",
        "wordFr": "boucle d'oreille blanc orbite 1 diamant"
    },
    {
        "wordCn": "单钻蓝色耳环",
        "wordFr": "boucle d'oreille bleu 1 diamant"
    },
    {
        "wordCn": "单钻小链蓝色耳环",
        "wordFr": "boucle d'oreille bleu chainette 1 diamant"
    },
    {
        "wordCn": "单钻轨道蓝色耳环",
        "wordFr": "boucle d'oreille bleu orbite 1 diamant"
    },
    {
        "wordCn": "精雕单环左边",
        "wordFr": "boucle d'oreille ciselée"
    },
    {
        "wordCn": "夹环钻石",
        "wordFr": "boucle d'oreille clip diamants argent"
    },
    {
        "wordCn": "和平鸽耳环",
        "wordFr": "boucle d'oreille colombe"
    },
    {
        "wordCn": "和平鸽、树叶耳环",
        "wordFr": "boucle d'oreille colombe et feuille"
    },
    {
        "wordCn": "环形钻石耳环",
        "wordFr": "boucle d'oreille créole diamant"
    },
    {
        "wordCn": "单只全耳环",
        "wordFr": "boucle d'oreille cuff"
    },
    {
        "wordCn": "漆面曲环耳环 ",
        "wordFr": "boucle d'oreille curl laquée"
    },
    {
        "wordCn": "耳环钻石",
        "wordFr": "boucle d'oreille diamants argent"
    },
    {
        "wordCn": "双水滴耳环钻石",
        "wordFr": "boucle d'oreille double goutte diamants argent"
    },
    {
        "wordCn": "耳环渐变形状黑银",
        "wordFr": "boucle d'oreille dégradé argent noir"
    },
    {
        "wordCn": "钩型耳环（单只）",
        "wordFr": "boucle d'oreille hook"
    },
    {
        "wordCn": "钩型耳环（单只）",
        "wordFr": "boucle d'oreille hook small"
    },
    {
        "wordCn": "单钻黄色耳环",
        "wordFr": "boucle d'oreille jaune 1 diamant"
    },
    {
        "wordCn": "单钻小链黄色耳环",
        "wordFr": "boucle d'oreille jaune chainette 1 diamant"
    },
    {
        "wordCn": "单钻轨道黄色耳环",
        "wordFr": "boucle d'oreille jaune orbite 1 diamant"
    },
    {
        "wordCn": "珍珠链耳环",
        "wordFr": "boucle d'oreille lien de perles"
    },
    {
        "wordCn": "中号耳环",
        "wordFr": "boucle d'oreille m"
    },
    {
        "wordCn": "单钻黑色耳环",
        "wordFr": "boucle d'oreille noir 1 diamant"
    },
    {
        "wordCn": "单钻小链黑色耳环",
        "wordFr": "boucle d'oreille noir chainette 1 diamant"
    },
    {
        "wordCn": "单钻轨道黑色耳环",
        "wordFr": "boucle d'oreille noir orbite 1 diamant"
    },
    {
        "wordCn": "小号耳环",
        "wordFr": "boucle d'oreille petit"
    },
    {
        "wordCn": "耳饰",
        "wordFr": "boucle d'oreille punk"
    },
    {
        "wordCn": "单钻粉色耳环",
        "wordFr": "boucle d'oreille rose 1 diamant"
    },
    {
        "wordCn": "单钻小链粉色耳环",
        "wordFr": "boucle d'oreille rose chainette 1 diamant"
    },
    {
        "wordCn": "单钻轨道粉色耳环",
        "wordFr": "boucle d'oreille rose orbite 1 diamant"
    },
    {
        "wordCn": "单钻红色耳环",
        "wordFr": "boucle d'oreille rouge 1 diamant"
    },
    {
        "wordCn": "单钻小链红色耳环",
        "wordFr": "boucle d'oreille rouge chainette 1 diamant"
    },
    {
        "wordCn": "单钻轨道红色耳环",
        "wordFr": "boucle d'oreille rouge orbite 1 diamant"
    },
    {
        "wordCn": "悬空镶嵌耳环",
        "wordFr": "boucle d'oreille serti sur vide"
    },
    {
        "wordCn": "回形针耳环",
        "wordFr": "boucle d'oreille trombone"
    },
    {
        "wordCn": "单钻绿色耳环",
        "wordFr": "boucle d'oreille vert 1 diamant"
    },
    {
        "wordCn": "单钻小链绿色耳环",
        "wordFr": "boucle d'oreille vert chainette 1 diamant"
    },
    {
        "wordCn": "单钻轨道绿色耳环",
        "wordFr": "boucle d'oreille vert orbite 1 diamant"
    },
    {
        "wordCn": "单钻紫色耳环",
        "wordFr": "boucle d'oreille violet 1 diamant"
    },
    {
        "wordCn": "单钻小链紫色耳环",
        "wordFr": "boucle d'oreille violet chainette 1 diamant"
    },
    {
        "wordCn": "单钻轨道紫色耳环",
        "wordFr": "boucle d'oreille violet orbite 1 diamant"
    },
    {
        "wordCn": "羽翅耳环钻石",
        "wordFr": "boucle d'oreille wings diamants argent"
    },
    {
        "wordCn": "耳环",
        "wordFr": "boucle d'oreilles"
    },
    {
        "wordCn": "心灵捕手耳环",
        "wordFr": "boucle d'oreilles attrape coeur"
    },
    {
        "wordCn": "心心相印耳环",
        "wordFr": "boucle d'oreilles cœur entrelace"
    },
    {
        "wordCn": "沙丘耳环",
        "wordFr": "boucle d'oreilles dune"
    },
    {
        "wordCn": "经典款耳环",
        "wordFr": "boucle d'oreilles iconic"
    },
    {
        "wordCn": "链形波浪耳环",
        "wordFr": "boucle d'oreilles onde gourmette"
    },
    {
        "wordCn": "宝石耳环",
        "wordFr": "boucle d'oreilles pierres precieuses"
    },
    {
        "wordCn": "花边耳环",
        "wordFr": "boucle d'oreilles tresse"
    },
    {
        "wordCn": "白羊座幸运耳环",
        "wordFr": "boucle d’oreille bélier fortune"
    },
    {
        "wordCn": "单钻小号衿针单环",
        "wordFr": "boucle d’oreille fibule s"
    },
    {
        "wordCn": "单钻特小号衿针单环",
        "wordFr": "boucle d’oreille fibule xs"
    },
    {
        "wordCn": "单耳环",
        "wordFr": "boucle d’oreille s"
    },
    {
        "wordCn": "耳环",
        "wordFr": "boucles d'eilles"
    },
    {
        "wordCn": "耳环",
        "wordFr": "boucles d'oreille"
    },
    {
        "wordCn": "耳环",
        "wordFr": "boucles d'oreille edwige laiton rhodié et cristaux rhodié"
    },
    {
        "wordCn": "皮革耳环",
        "wordFr": "boucles d'oreille en cuir"
    },
    {
        "wordCn": "黄铜耳环",
        "wordFr": "boucles d'oreille en laiton rhodié"
    },
    {
        "wordCn": "金属耳环",
        "wordFr": "boucles d'oreille medusa"
    },
    {
        "wordCn": "耳环",
        "wordFr": "boucles d'oreille twist"
    },
    {
        "wordCn": "耳环",
        "wordFr": "boucles d'oreille tête de"
    },
    {
        "wordCn": "耳环",
        "wordFr": "boucles d'oreilles"
    },
    {
        "wordCn": "耳环",
        "wordFr": "boucles d'oreilles - cibles"
    },
    {
        "wordCn": "耳环",
        "wordFr": "boucles d'oreilles - créoles 4cm"
    },
    {
        "wordCn": "耳环",
        "wordFr": "boucles d'oreilles - créoles 6cm"
    },
    {
        "wordCn": "耳环",
        "wordFr": "boucles d'oreilles - créoles 8cm"
    },
    {
        "wordCn": "耳环",
        "wordFr": "boucles d'oreilles - créoles doubles 1cm"
    },
    {
        "wordCn": "耳环",
        "wordFr": "boucles d'oreilles - doubles soleil"
    },
    {
        "wordCn": "耳环",
        "wordFr": "boucles d'oreilles - etoiles"
    },
    {
        "wordCn": "耳环",
        "wordFr": "boucles d'oreilles - mini feuille de cannabis"
    },
    {
        "wordCn": "耳环",
        "wordFr": "boucles d'oreilles - mini lune"
    },
    {
        "wordCn": "耳环",
        "wordFr": "boucles d'oreilles - multi soleil"
    },
    {
        "wordCn": "耳环",
        "wordFr": "boucles d'oreilles - poires"
    },
    {
        "wordCn": "不对称锚形耳环",
        "wordFr": "boucles d'oreilles avec ancres asymétriques"
    },
    {
        "wordCn": "围巾耳环",
        "wordFr": "boucles d'oreilles avec foulard"
    },
    {
        "wordCn": "耳环",
        "wordFr": "boucles d'oreilles black mother of pearl"
    },
    {
        "wordCn": "中式球坠耳环",
        "wordFr": "boucles d'oreilles boule chinoise"
    },
    {
        "wordCn": "超大号链节耳环",
        "wordFr": "boucles d'oreilles chaînes à large maillon"
    },
    {
        "wordCn": "菱锰矿耳环",
        "wordFr": "boucles d'oreilles chrysocolle"
    },
    {
        "wordCn": "眼镜蛇耳环",
        "wordFr": "boucles d'oreilles cobra"
    },
    {
        "wordCn": "十字架耳环",
        "wordFr": "boucles d'oreilles croix"
    },
    {
        "wordCn": "双环圈形耳环",
        "wordFr": "boucles d'oreilles créoles avec double anneau"
    },
    {
        "wordCn": "金质耳环",
        "wordFr": "boucles d'oreilles créoles petit modèle or"
    },
    {
        "wordCn": "心心相印耳环",
        "wordFr": "boucles d'oreilles cœur entrelacé"
    },
    {
        "wordCn": "复古蕾丝耳环",
        "wordFr": "boucles d'oreilles dentelle vintage"
    },
    {
        "wordCn": "金色耳环",
        "wordFr": "boucles d'oreilles dorées"
    },
    {
        "wordCn": "耳环",
        "wordFr": "boucles d'oreilles email"
    },
    {
        "wordCn": "钻石耳环",
        "wordFr": "boucles d'oreilles en diamant "
    },
    {
        "wordCn": "黄铜耳环",
        "wordFr": "boucles d'oreilles en laiton"
    },
    {
        "wordCn": "金属耳环",
        "wordFr": "boucles d'oreilles en métal"
    },
    {
        "wordCn": "珍稀宝石耳环",
        "wordFr": "boucles d'oreilles en pierre précieuse "
    },
    {
        "wordCn": "耳环",
        "wordFr": "boucles d'oreilles entrelacs"
    },
    {
        "wordCn": "绿松石耳环",
        "wordFr": "boucles d'oreilles ever turquoise"
    },
    {
        "wordCn": "耳环",
        "wordFr": "boucles d'oreilles giove "
    },
    {
        "wordCn": "黄金耳针",
        "wordFr": "boucles d'oreilles gold strip"
    },
    {
        "wordCn": "希腊风图案方形圆形耳环",
        "wordFr": "boucles d'oreilles greca carrées"
    },
    {
        "wordCn": "圈形耳环",
        "wordFr": "boucles d'oreilles hoop"
    },
    {
        "wordCn": "希腊回纹耳环",
        "wordFr": "boucles d'oreilles la greca"
    },
    {
        "wordCn": "幽谷百合耳环",
        "wordFr": "boucles d'oreilles lily of the valley"
    },
    {
        "wordCn": "标识耳环",
        "wordFr": "boucles d'oreilles logo"
    },
    {
        "wordCn": "长款耳环",
        "wordFr": "boucles d'oreilles long"
    },
    {
        "wordCn": "中号耳环",
        "wordFr": "boucles d'oreilles m"
    },
    {
        "wordCn": "迷你圈形耳环",
        "wordFr": "boucles d'oreilles mini hoop"
    },
    {
        "wordCn": "耳环迷你太阳",
        "wordFr": "boucles d'oreilles mini soleil"
    },
    {
        "wordCn": "迷你星星钻石耳环",
        "wordFr": "boucles d'oreilles mini étoile diamants"
    },
    {
        "wordCn": "耳环多重造型",
        "wordFr": "boucles d'oreilles multi formes"
    },
    {
        "wordCn": "双链形波浪耳环",
        "wordFr": "boucles d'oreilles onde gourmette double"
    },
    {
        "wordCn": "链形波浪小号耳环",
        "wordFr": "boucles d'oreilles onde gourmette petit modèle argent"
    },
    {
        "wordCn": "耳环",
        "wordFr": "boucles d'oreilles or 18 carats"
    },
    {
        "wordCn": "水晶吊坠缎带耳环",
        "wordFr": "boucles d'oreilles pendantes en cristal"
    },
    {
        "wordCn": "多链环吊坠耳钉",
        "wordFr": "boucles d'oreilles pendantes à maillons multiples"
    },
    {
        "wordCn": "小号耳环",
        "wordFr": "boucles d'oreilles petit modèle"
    },
    {
        "wordCn": "耳环",
        "wordFr": "boucles d'oreilles s émaillées"
    },
    {
        "wordCn": "安全别针细节耳环",
        "wordFr": "boucles d'oreilles safety pin"
    },
    {
        "wordCn": "蓝宝石耳环",
        "wordFr": "boucles d'oreilles saphirs bleus"
    },
    {
        "wordCn": "亮片美钻耳环",
        "wordFr": "boucles d'oreilles sequin diamond"
    },
    {
        "wordCn": "徽标金色黄铜耳环",
        "wordFr": "boucles d'oreilles signature en laiton doré"
    },
    {
        "wordCn": "小号耳环（对）",
        "wordFr": "boucles d'oreilles small"
    },
    {
        "wordCn": "螺旋流苏银质耳环",
        "wordFr": "boucles d'oreilles torsade multi argent"
    },
    {
        "wordCn": "耳环",
        "wordFr": "boucles d'oreilles tsavorites"
    },
    {
        "wordCn": "郁金香耳环",
        "wordFr": "boucles d'oreilles tulip"
    },
    {
        "wordCn": "耳环",
        "wordFr": "boucles d'oreilles à"
    },
    {
        "wordCn": "亮片装饰耳环",
        "wordFr": "boucles d'oreilles à sequins"
    },
    {
        "wordCn": "耳环",
        "wordFr": "boucles d'oreilles émaillées small"
    },
    {
        "wordCn": "绿宝石耳环",
        "wordFr": "boucles d'oreilles émeraudes"
    },
    {
        "wordCn": "纱线耳环",
        "wordFr": "boucles d’oreille en fil"
    },
    {
        "wordCn": "耳环",
        "wordFr": "boucles d’oreilles"
    },
    {
        "wordCn": "小流苏环形耳环",
        "wordFr": "boucles d’oreilles cercle petite pampille"
    },
    {
        "wordCn": "长方形美钻耳环",
        "wordFr": "boucles d’oreilles diamants baguettes"
    },
    {
        "wordCn": "中号耳环",
        "wordFr": "boucles d’oreilles m"
    },
    {
        "wordCn": "耳环",
        "wordFr": "boucles d’oreilles m émaillées"
    },
    {
        "wordCn": "小流苏梨形耳环",
        "wordFr": "boucles d’oreilles poire petite pampille"
    },
    {
        "wordCn": "标志性耳环",
        "wordFr": "boucles d’oreilles signature"
    },
    {
        "wordCn": "耳环",
        "wordFr": "boucles-d'oreilles"
    },
    {
        "wordCn": "手镯",
        "wordFr": "bracelet"
    },
    {
        "wordCn": "手链",
        "wordFr": "bracelet"
    },
    {
        "wordCn": "手链",
        "wordFr": "bracelet - mini lune"
    },
    {
        "wordCn": "手链",
        "wordFr": "bracelet - mini soleil"
    },
    {
        "wordCn": "双排手链",
        "wordFr": "bracelet 2 rangs"
    },
    {
        "wordCn": "珍稀宝石手链",
        "wordFr": "bracelet 7"
    },
    {
        "wordCn": "银手镯",
        "wordFr": "bracelet argent"
    },
    {
        "wordCn": "小流苏条形手镯",
        "wordFr": "bracelet barre petite pampille"
    },
    {
        "wordCn": "手链",
        "wordFr": "bracelet black mother of pearl"
    },
    {
        "wordCn": "方形手环",
        "wordFr": "bracelet carré formes simples en laiton doré"
    },
    {
        "wordCn": "小流苏环形手镯",
        "wordFr": "bracelet cercle petite pampille"
    },
    {
        "wordCn": "链式手链",
        "wordFr": "bracelet chaine  - mini feuille de cannabis"
    },
    {
        "wordCn": "链式手链",
        "wordFr": "bracelet chaine -  mini lune"
    },
    {
        "wordCn": "链式手链",
        "wordFr": "bracelet chaine -  mini poire"
    },
    {
        "wordCn": "链式手链",
        "wordFr": "bracelet chaine -  mini soleil"
    },
    {
        "wordCn": "链式手链",
        "wordFr": "bracelet chaine - croix"
    },
    {
        "wordCn": "链式手链",
        "wordFr": "bracelet chaine - etoile"
    },
    {
        "wordCn": "链式手链",
        "wordFr": "bracelet chaine - mini cible"
    },
    {
        "wordCn": "链镯梨形镶嵌",
        "wordFr": "bracelet chaine poires sertis"
    },
    {
        "wordCn": "链条戒指蛇形钻石",
        "wordFr": "bracelet chaine serpent diamant"
    },
    {
        "wordCn": "手链",
        "wordFr": "bracelet chaîne"
    },
    {
        "wordCn": "超大尺寸手链",
        "wordFr": "bracelet chaîne oversize"
    },
    {
        "wordCn": "超大号链节手链",
        "wordFr": "bracelet chaîne à large maillon"
    },
    {
        "wordCn": "精雕手链",
        "wordFr": "bracelet ciselé"
    },
    {
        "wordCn": "眼镜蛇线镯",
        "wordFr": "bracelet cobra jonc"
    },
    {
        "wordCn": "和平鸽、树叶手链",
        "wordFr": "bracelet colombe et feuilles"
    },
    {
        "wordCn": "细绳手链",
        "wordFr": "bracelet cordon"
    },
    {
        "wordCn": "霓虹绿钻石系绳手链",
        "wordFr": "bracelet cordon diamants fluo vert"
    },
    {
        "wordCn": "迷你交叉手链",
        "wordFr": "bracelet croisé mini or"
    },
    {
        "wordCn": "心心相印手镯",
        "wordFr": "bracelet cœur entrelace"
    },
    {
        "wordCn": "心心相印手镯",
        "wordFr": "bracelet cœur entrelacé"
    },
    {
        "wordCn": "手链钻石",
        "wordFr": "bracelet diamants argent"
    },
    {
        "wordCn": "双圈手镯",
        "wordFr": "bracelet double"
    },
    {
        "wordCn": "双链手镯",
        "wordFr": "bracelet double chaîne"
    },
    {
        "wordCn": "双面镀金黄铜和铑手镯",
        "wordFr": "bracelet double en laiton doré et rhodié"
    },
    {
        "wordCn": "双圈手镯",
        "wordFr": "bracelet double tour"
    },
    {
        "wordCn": "沙丘手镯",
        "wordFr": "bracelet dune"
    },
    {
        "wordCn": "手链溢彩钻石",
        "wordFr": "bracelet eclat diamants"
    },
    {
        "wordCn": "真皮手链",
        "wordFr": "bracelet en cuir"
    },
    {
        "wordCn": "金属手链",
        "wordFr": "bracelet en métal"
    },
    {
        "wordCn": "轻巧金属手链",
        "wordFr": "bracelet en métal léger"
    },
    {
        "wordCn": "手镯",
        "wordFr": "bracelet entrelacs"
    },
    {
        "wordCn": "手链童话圆钻",
        "wordFr": "bracelet fairytaile cercle diamants"
    },
    {
        "wordCn": "花纹手链",
        "wordFr": "bracelet festonné"
    },
    {
        "wordCn": "单钻女权手链",
        "wordFr": "bracelet féministe"
    },
    {
        "wordCn": "金色饰面字母黄铜手镯",
        "wordFr": "bracelet g laiton doré"
    },
    {
        "wordCn": "手镯",
        "wordFr": "bracelet gauche"
    },
    {
        "wordCn": "大号手链",
        "wordFr": "bracelet grand modèle"
    },
    {
        "wordCn": "希腊回纹手链",
        "wordFr": "bracelet greca chain"
    },
    {
        "wordCn": "环手镯",
        "wordFr": "bracelet grelots"
    },
    {
        "wordCn": "手链",
        "wordFr": "bracelet insolite argent"
    },
    {
        "wordCn": "手链",
        "wordFr": "bracelet insolite or"
    },
    {
        "wordCn": "线镯",
        "wordFr": "bracelet jonc"
    },
    {
        "wordCn": "金色饰面字母黄铜手镯",
        "wordFr": "bracelet k en laiton doré"
    },
    {
        "wordCn": "金色饰面字母黄铜手镯",
        "wordFr": "bracelet l laiton doré"
    },
    {
        "wordCn": "心灵捕手手镯",
        "wordFr": "bracelet l'attrape coeur"
    },
    {
        "wordCn": "幽谷百合手链",
        "wordFr": "bracelet lily of the valley"
    },
    {
        "wordCn": "标识手链",
        "wordFr": "bracelet logo"
    },
    {
        "wordCn": "洛丽塔手镯",
        "wordFr": "bracelet lolita"
    },
    {
        "wordCn": "细链环手镯",
        "wordFr": "bracelet maillon en laiton doré"
    },
    {
        "wordCn": "黄色珐琅手镯",
        "wordFr": "bracelet main émail jaune"
    },
    {
        "wordCn": "黑色珐琅手镯",
        "wordFr": "bracelet main émail noir"
    },
    {
        "wordCn": "红色珐琅手镯",
        "wordFr": "bracelet main émail rouge"
    },
    {
        "wordCn": "绿色珐琅手镯",
        "wordFr": "bracelet main émail vert"
    },
    {
        "wordCn": "金质袖口手链",
        "wordFr": "bracelet manchette or"
    },
    {
        "wordCn": "伯爵夫人长链手链",
        "wordFr": "bracelet marquise chaine"
    },
    {
        "wordCn": "迷你钻石手链",
        "wordFr": "bracelet mini diamants"
    },
    {
        "wordCn": "绿松色手镯",
        "wordFr": "bracelet mini ever"
    },
    {
        "wordCn": "迷你星星钻石手链",
        "wordFr": "bracelet mini étoile diamants"
    },
    {
        "wordCn": "中号手链",
        "wordFr": "bracelet moyen modèle"
    },
    {
        "wordCn": "枚雕刻圆章的手链",
        "wordFr": "bracelet médailles or"
    },
    {
        "wordCn": "纳帕皮革手镯",
        "wordFr": "bracelet nappa"
    },
    {
        "wordCn": "梦幻蝴蝶结手链",
        "wordFr": "bracelet noeud fantaisie"
    },
    {
        "wordCn": "蝴蝶结手链",
        "wordFr": "bracelet nœud"
    },
    {
        "wordCn": "黄色珐琅眼睛手镯",
        "wordFr": "bracelet oeil émail jaune"
    },
    {
        "wordCn": "黑色珐琅眼睛手镯",
        "wordFr": "bracelet oeil émail noir"
    },
    {
        "wordCn": "粉色珐琅眼睛手镯",
        "wordFr": "bracelet oeil émail rose"
    },
    {
        "wordCn": "红色珐琅眼睛手镯",
        "wordFr": "bracelet oeil émail rouge"
    },
    {
        "wordCn": "超大尺寸手链",
        "wordFr": "bracelet oversize"
    },
    {
        "wordCn": "小号手镯",
        "wordFr": "bracelet petit modèle"
    },
    {
        "wordCn": "小号铑色和水晶黄铜手镯",
        "wordFr": "bracelet petit modèle en laiton rhodié et cristaux"
    },
    {
        "wordCn": "酒椰手镯",
        "wordFr": "bracelet petit modèle raphia or"
    },
    {
        "wordCn": "小流苏梨形手镯",
        "wordFr": "bracelet poire petite pampille"
    },
    {
        "wordCn": "石榴石手链",
        "wordFr": "bracelet rhodolite"
    },
    {
        "wordCn": "可拆卸款金色黄铜系列手链",
        "wordFr": "bracelet separables laiton doré"
    },
    {
        "wordCn": "蛇形银质手镯",
        "wordFr": "bracelet serpent argent"
    },
    {
        "wordCn": "悬空镶嵌手链",
        "wordFr": "bracelet serti sur vide"
    },
    {
        "wordCn": "手链",
        "wordFr": "bracelet signature"
    },
    {
        "wordCn": "花边手镯",
        "wordFr": "bracelet tresse"
    },
    {
        "wordCn": "回形针手链",
        "wordFr": "bracelet trombone"
    },
    {
        "wordCn": "沙弗来石戒指",
        "wordFr": "bracelet tsavorites"
    },
    {
        "wordCn": "手镯",
        "wordFr": "bracelet twisté petit modèle en laiton doré"
    },
    {
        "wordCn": "字样手链",
        "wordFr": "bracelet typo laiton doré"
    },
    {
        "wordCn": "金色饰面字母黄铜手镯",
        "wordFr": "bracelet u en laiton doré"
    },
    {
        "wordCn": "金色饰面字母黄铜手镯",
        "wordFr": "bracelet v en laiton doré"
    },
    {
        "wordCn": "波浪银质手链",
        "wordFr": "bracelet wave argent"
    },
    {
        "wordCn": "金色饰面字母黄铜手镯",
        "wordFr": "bracelet x laiton doré"
    },
    {
        "wordCn": "标识手链",
        "wordFr": "bracelet à logo"
    },
    {
        "wordCn": "超大号多链环圈形手链",
        "wordFr": "bracelet à multi-maillons avec boucles surdimensionnées"
    },
    {
        "wordCn": "珐琅手镯",
        "wordFr": "bracelet émail blanc"
    },
    {
        "wordCn": "珐琅手镯",
        "wordFr": "bracelet émail bleu"
    },
    {
        "wordCn": "珐琅手镯",
        "wordFr": "bracelet émail jaune"
    },
    {
        "wordCn": "珐琅手镯",
        "wordFr": "bracelet émail noir"
    },
    {
        "wordCn": "珐琅手镯",
        "wordFr": "bracelet émail vert"
    },
    {
        "wordCn": "手链",
        "wordFr": "bracelets"
    },
    {
        "wordCn": "手链",
        "wordFr": "bracelets"
    },
    {
        "wordCn": "别针",
        "wordFr": "broche"
    },
    {
        "wordCn": "黄铜胸针",
        "wordFr": "broche en laiton"
    },
    {
        "wordCn": "镀金金属胸针",
        "wordFr": "broche en métal doré"
    },
    {
        "wordCn": "香氛胸针-杜桑",
        "wordFr": "broche parfumée do son"
    },
    {
        "wordCn": "香氛胸针-玫瑰香调",
        "wordFr": "broche parfumée eau rose"
    },
    {
        "wordCn": "香氛胸针-肌肤之花",
        "wordFr": "broche parfumée fleur de peau"
    },
    {
        "wordCn": "七巧板别针",
        "wordFr": "brooche anagram"
    },
    {
        "wordCn": "链条",
        "wordFr": "chain"
    },
    {
        "wordCn": "细链",
        "wordFr": "chaîne"
    },
    {
        "wordCn": "金色饰面黄铜短链",
        "wordFr": "chaîne courte laiton doré"
    },
    {
        "wordCn": "脚链",
        "wordFr": "chaîne de cheville"
    },
    {
        "wordCn": "眼镜链",
        "wordFr": "chaîne de lunettes"
    },
    {
        "wordCn": "手链三重日",
        "wordFr": "chaîne de main triple soleil"
    },
    {
        "wordCn": "方形链",
        "wordFr": "chaîne forçat"
    },
    {
        "wordCn": "超大尺寸链带",
        "wordFr": "chaîne oversize"
    },
    {
        "wordCn": "眼镜链",
        "wordFr": "chaîne pour lunettes"
    },
    {
        "wordCn": "摩根石、钻石印戒",
        "wordFr": "chevalière morganite et diamants"
    },
    {
        "wordCn": "项圈",
        "wordFr": "chocker simza"
    },
    {
        "wordCn": "项圈",
        "wordFr": "chocker trois soleils"
    },
    {
        "wordCn": "项圈",
        "wordFr": "choker barres"
    },
    {
        "wordCn": "项圈",
        "wordFr": "choker dentelle"
    },
    {
        "wordCn": "项圈",
        "wordFr": "choker poires"
    },
    {
        "wordCn": "项圈",
        "wordFr": "choker poires sertis"
    },
    {
        "wordCn": "夹环",
        "wordFr": "clip d'oreille"
    },
    {
        "wordCn": "夹环",
        "wordFr": "clip d'oreille 2 rangs"
    },
    {
        "wordCn": "悬空镶嵌夹环",
        "wordFr": "clip d'oreille serti sur vide"
    },
    {
        "wordCn": "项链",
        "wordFr": "collier"
    },
    {
        "wordCn": "项链",
        "wordFr": "collier - mini cible"
    },
    {
        "wordCn": "项链",
        "wordFr": "collier - mini etoile"
    },
    {
        "wordCn": "项链",
        "wordFr": "collier - mini lune"
    },
    {
        "wordCn": "项链",
        "wordFr": "collier - mini poire"
    },
    {
        "wordCn": "项链",
        "wordFr": "collier - mini soleil"
    },
    {
        "wordCn": "项链",
        "wordFr": "collier //"
    },
    {
        "wordCn": "枚.吊钻项链",
        "wordFr": "collier 3 diamant suspendus 0,24ct"
    },
    {
        "wordCn": "枚钻石项链",
        "wordFr": "collier 5 diamants 0,41ct"
    },
    {
        "wordCn": "枚吊钻项链",
        "wordFr": "collier 5 diamants suspendus 1,2ct"
    },
    {
        "wordCn": "枚分离钻石项链",
        "wordFr": "collier 7 diamants écartés"
    },
    {
        "wordCn": "项链",
        "wordFr": "collier 9"
    },
    {
        "wordCn": "项链",
        "wordFr": "collier angèle mini heart"
    },
    {
        "wordCn": "星座项链天秤",
        "wordFr": "collier astro balance"
    },
    {
        "wordCn": "星座项链山羊",
        "wordFr": "collier astro bélier"
    },
    {
        "wordCn": "星座项链巨蟹",
        "wordFr": "collier astro cancer"
    },
    {
        "wordCn": "星座项链摩羯",
        "wordFr": "collier astro capricorne"
    },
    {
        "wordCn": "星座项链双子",
        "wordFr": "collier astro gémeaux"
    },
    {
        "wordCn": "星座项链狮子",
        "wordFr": "collier astro lion"
    },
    {
        "wordCn": "星座项链双鱼",
        "wordFr": "collier astro poisson"
    },
    {
        "wordCn": "星座项链射手",
        "wordFr": "collier astro sagittaire"
    },
    {
        "wordCn": "星座项链天蝎",
        "wordFr": "collier astro scorpion"
    },
    {
        "wordCn": "星座项链金牛",
        "wordFr": "collier astro taureau"
    },
    {
        "wordCn": "星座项链水瓶",
        "wordFr": "collier astro verseau"
    },
    {
        "wordCn": "星座项链处女",
        "wordFr": "collier astro vierge"
    },
    {
        "wordCn": "心灵捕手项链",
        "wordFr": "collier attrape coeur"
    },
    {
        "wordCn": "贝母项链",
        "wordFr": "collier avec nacre"
    },
    {
        "wordCn": "项链",
        "wordFr": "collier black mother of pearl"
    },
    {
        "wordCn": "蓝砂石项链",
        "wordFr": "collier blue sand stone"
    },
    {
        "wordCn": "粗环项链",
        "wordFr": "collier bold maillon"
    },
    {
        "wordCn": "小流苏环形项链",
        "wordFr": "collier cercle petite pampille"
    },
    {
        "wordCn": "圆钻环链",
        "wordFr": "collier cercle rond diamants"
    },
    {
        "wordCn": "链式项链钻石",
        "wordFr": "collier chaine diamant"
    },
    {
        "wordCn": "链式项链多重长方",
        "wordFr": "collier chaine multi baguettes"
    },
    {
        "wordCn": "链式项链多种造型",
        "wordFr": "collier chaine multi formes"
    },
    {
        "wordCn": "链式项链蛇形钻石",
        "wordFr": "collier chaine serpent diamant"
    },
    {
        "wordCn": "项链",
        "wordFr": "collier chaîne"
    },
    {
        "wordCn": "超大尺寸链式项链",
        "wordFr": "collier chaîne oversize"
    },
    {
        "wordCn": "短项链",
        "wordFr": "collier choker"
    },
    {
        "wordCn": "菱锰矿项链",
        "wordFr": "collier chrysocolle"
    },
    {
        "wordCn": "项链",
        "wordFr": "collier circle"
    },
    {
        "wordCn": "水晶项链",
        "wordFr": "collier cristal"
    },
    {
        "wordCn": "项链",
        "wordFr": "collier croix"
    },
    {
        "wordCn": "单钻项链",
        "wordFr": "collier cts"
    },
    {
        "wordCn": "心心相印项链",
        "wordFr": "collier cœur entrelace"
    },
    {
        "wordCn": "心心相印项链",
        "wordFr": "collier cœur entrelacé"
    },
    {
        "wordCn": "枚美钻项链",
        "wordFr": "collier deux diamants"
    },
    {
        "wordCn": "钻石项链",
        "wordFr": "collier diamant"
    },
    {
        "wordCn": "单钻项链",
        "wordFr": "collier diamant 0,08 cts"
    },
    {
        "wordCn": "钻石项链",
        "wordFr": "collier diamants"
    },
    {
        "wordCn": "项链钻石",
        "wordFr": "collier diamants argent"
    },
    {
        "wordCn": "双圈项链",
        "wordFr": "collier double chaîne"
    },
    {
        "wordCn": "项链溢彩钻石",
        "wordFr": "collier eclat diamants"
    },
    {
        "wordCn": "赤铁矿、银质项链",
        "wordFr": "collier en hematite et argent"
    },
    {
        "wordCn": "纯金钻石项链",
        "wordFr": "collier en or et diamant"
    },
    {
        "wordCn": "蓝砂石项链",
        "wordFr": "collier ever blue sand stone"
    },
    {
        "wordCn": "绿松石项链",
        "wordFr": "collier ever turquoise"
    },
    {
        "wordCn": "项链童话圆钻",
        "wordFr": "collier fairytaile cercle diamants"
    },
    {
        "wordCn": "方款仙女项链",
        "wordFr": "collier féerique carré"
    },
    {
        "wordCn": "大号项链",
        "wordFr": "collier grand modèle"
    },
    {
        "wordCn": "项链",
        "wordFr": "collier grand v"
    },
    {
        "wordCn": "项链",
        "wordFr": "collier i"
    },
    {
        "wordCn": "经典项链",
        "wordFr": "collier icon"
    },
    {
        "wordCn": "青金石项链",
        "wordFr": "collier lapis"
    },
    {
        "wordCn": "洛丽塔项链",
        "wordFr": "collier lolita"
    },
    {
        "wordCn": "金色黄铜链环项链",
        "wordFr": "collier maillon laiton doré"
    },
    {
        "wordCn": "侯爵夫人长链",
        "wordFr": "collier marquise chaine"
    },
    {
        "wordCn": "中号项链",
        "wordFr": "collier medium"
    },
    {
        "wordCn": "迷你项链",
        "wordFr": "collier mini"
    },
    {
        "wordCn": "迷你星星钻石项链",
        "wordFr": "collier mini diamond star"
    },
    {
        "wordCn": "项链",
        "wordFr": "collier mini open star"
    },
    {
        "wordCn": "珐琅迷你项链 ",
        "wordFr": "collier mini symi laqué"
    },
    {
        "wordCn": "项链",
        "wordFr": "collier mini wolf"
    },
    {
        "wordCn": "我的天使项链",
        "wordFr": "collier mon ange"
    },
    {
        "wordCn": "多条钻石项链",
        "wordFr": "collier multi barre diamants"
    },
    {
        "wordCn": "徽章项链",
        "wordFr": "collier médaillon"
    },
    {
        "wordCn": "纯金钻石徽章项链",
        "wordFr": "collier médaillon en or et diamant"
    },
    {
        "wordCn": "树枝玛瑙项链",
        "wordFr": "collier necklace"
    },
    {
        "wordCn": "单钻环形黑色项链",
        "wordFr": "collier noir cercle 1 diamant"
    },
    {
        "wordCn": "八边形黑色玛瑙密镶美钻",
        "wordFr": "collier octagonal shape agate noire pavé diamant"
    },
    {
        "wordCn": "八边形红珊瑚密镶美钻项链",
        "wordFr": "collier octagonal shape corail rouge pavé diamant"
    },
    {
        "wordCn": "八边形青金石密镶美钻项链",
        "wordFr": "collier octagonal shape lapis pavé diamant"
    },
    {
        "wordCn": "八边形孔雀石密镶美钻项链",
        "wordFr": "collier octagonal shape malachite pavé diamant"
    },
    {
        "wordCn": "八边形白色珠贝钻石项链",
        "wordFr": "collier octagonal shape nacre blanc diamant"
    },
    {
        "wordCn": "八边形蛋白石密镶美钻项链",
        "wordFr": "collier octagonal shape opale pavé diamant"
    },
    {
        "wordCn": "八边形粉色蛋白石密镶美钻项链",
        "wordFr": "collier octagonal shape opale rose pavé diamant"
    },
    {
        "wordCn": "八边形绿松石密镶美钻项链",
        "wordFr": "collier octagonal shape turquoise pavé diamant"
    },
    {
        "wordCn": "纯金钻石徽章项链",
        "wordFr": "collier one médaillon"
    },
    {
        "wordCn": "蛋白石项链",
        "wordFr": "collier opale"
    },
    {
        "wordCn": "项链",
        "wordFr": "collier or 18 carats"
    },
    {
        "wordCn": "项链",
        "wordFr": "collier pampilles"
    },
    {
        "wordCn": "项链",
        "wordFr": "collier pastille"
    },
    {
        "wordCn": "吊坠项链",
        "wordFr": "collier pendentif"
    },
    {
        "wordCn": "吊坠项链与胸针",
        "wordFr": "collier pendentif et broche"
    },
    {
        "wordCn": "珍珠项链",
        "wordFr": "collier perle"
    },
    {
        "wordCn": "珍珠项链",
        "wordFr": "collier perles"
    },
    {
        "wordCn": "小号项链",
        "wordFr": "collier petit"
    },
    {
        "wordCn": "小号项链",
        "wordFr": "collier petit chaîne"
    },
    {
        "wordCn": "尖锥项链钻石",
        "wordFr": "collier pic diamants argent"
    },
    {
        "wordCn": "宝石项链",
        "wordFr": "collier pierres precieuses"
    },
    {
        "wordCn": "小流苏梨形项链",
        "wordFr": "collier poire petite pampille"
    },
    {
        "wordCn": "颈链",
        "wordFr": "collier ras du cou"
    },
    {
        "wordCn": "颈链",
        "wordFr": "collier ras-de-cou"
    },
    {
        "wordCn": "珍珠颈链",
        "wordFr": "collier ras-de-cou à perles"
    },
    {
        "wordCn": "再生项链",
        "wordFr": "collier regenerated"
    },
    {
        "wordCn": "吊坠项链",
        "wordFr": "collier rhodochrosite"
    },
    {
        "wordCn": "石榴石项链",
        "wordFr": "collier rhodolite"
    },
    {
        "wordCn": "枚吊钻项链",
        "wordFr": "collier sept diamants 1,68 cts"
    },
    {
        "wordCn": "悬空镶嵌项链",
        "wordFr": "collier serti sur vide"
    },
    {
        "wordCn": "标志性项链",
        "wordFr": "collier signature"
    },
    {
        "wordCn": "项链",
        "wordFr": "collier soleil"
    },
    {
        "wordCn": "项链",
        "wordFr": "collier the"
    },
    {
        "wordCn": "风暴之眼翡翠项链",
        "wordFr": "collier the eye of the storm emerald"
    },
    {
        "wordCn": "托帕石项链",
        "wordFr": "collier topaze"
    },
    {
        "wordCn": "花边项链",
        "wordFr": "collier tresse"
    },
    {
        "wordCn": "回形针项链",
        "wordFr": "collier trombone"
    },
    {
        "wordCn": "沙弗来石项链",
        "wordFr": "collier tsavorites"
    },
    {
        "wordCn": "郁金香项链",
        "wordFr": "collier tulip"
    },
    {
        "wordCn": "字样项链",
        "wordFr": "collier typo"
    },
    {
        "wordCn": "项链",
        "wordFr": "collier"
    },

    {
        "wordCn": "超大号徽标网眼链条项链",
        "wordFr": "collier à chaîne oversize avec logo en grille"
    },
    {
        "wordCn": "超大号多链环圈形项链",
        "wordFr": "collier à multi-maillons avec boucles surdimensionnées"
    },
    {
        "wordCn": "吊坠项链",
        "wordFr": "collier à pendentif"
    },
    {
        "wordCn": "美杜莎吊坠项链",
        "wordFr": "collier à pendentif medusa"
    },
    {
        "wordCn": "珐琅项链",
        "wordFr": "collier émail"
    },
    {
        "wordCn": "珐琅项链",
        "wordFr": "collier émail blanc"
    },
    {
        "wordCn": "珐琅项链",
        "wordFr": "collier émail jaune"
    },
    {
        "wordCn": "珐琅项链",
        "wordFr": "collier émail noir"
    },
    {
        "wordCn": "珐琅项链",
        "wordFr": "collier émail rouge"
    },
    {
        "wordCn": "珐琅项链",
        "wordFr": "collier émail vert"
    },
    {
        "wordCn": "迷你环形耳环",
        "wordFr": "creole mini"
    },
    {
        "wordCn": "环形耳环",
        "wordFr": "creoles"
    },
    {
        "wordCn": "迷你环形耳环",
        "wordFr": "creoles mini"
    },
    {
        "wordCn": "小号环形耳环",
        "wordFr": "creoles petit modèle"
    },
    {
        "wordCn": "环形耳环",
        "wordFr": "créole"
    },
    {
        "wordCn": "圆形圆锥耳环钻石",
        "wordFr": "créole cone diamants argent"
    },
    {
        "wordCn": "十字圆环耳环钻石",
        "wordFr": "créole croix diamants argent"
    },
    {
        "wordCn": "十字圆环尖锥耳环钻石",
        "wordFr": "créole pic diamants argent"
    },
    {
        "wordCn": "十字圆环尖齿耳环钻石",
        "wordFr": "créole picots diamants argent"
    },
    {
        "wordCn": "耳环",
        "wordFr": "créoles"
    },
    {
        "wordCn": "银耳环",
        "wordFr": "créoles argent"
    },
    {
        "wordCn": "粗环耳环",
        "wordFr": "créoles bold maillon"
    },
    {
        "wordCn": "水晶和黄铜圈形耳环",
        "wordFr": "créoles en laiton et cristaux"
    },
    {
        "wordCn": "铑色黄铜大号圈形耳环",
        "wordFr": "créoles grand modèle en laiton rhodié"
    },
    {
        "wordCn": "金色黄铜环形耳环",
        "wordFr": "créoles laiton doré"
    },
    {
        "wordCn": "迷你环形耳环",
        "wordFr": "créoles mini"
    },
    {
        "wordCn": "小号环形耳环",
        "wordFr": "créoles petit modèle"
    },
    {
        "wordCn": "黄铜粗圈形耳环",
        "wordFr": "créoles petit modèle en laiton doré vieilli"
    },
    {
        "wordCn": "耳骨夹",
        "wordFr": "cuff d'oreille"
    },
    {
        "wordCn": "链式耳骨夹",
        "wordFr": "cuff d'oreille chaîne"
    },
    {
        "wordCn": "珍珠耳环",
        "wordFr": "d'oreille perle"
    },
    {
        "wordCn": "耳环",
        "wordFr": "dormeuse"
    },
    {
        "wordCn": "心形穿针耳环",
        "wordFr": "dormeuse coeur pure"
    },
    {
        "wordCn": "星星穿针耳环",
        "wordFr": "dormeuse etoile"
    },
    {
        "wordCn": "双环手镯",
        "wordFr": "double bracelet"
    },
    {
        "wordCn": "尖齿全耳式耳环钻石",
        "wordFr": "earcuff picots diamants argent"
    },
    {
        "wordCn": "耳环",
        "wordFr": "earrings"
    },
    {
        "wordCn": "大号耳环",
        "wordFr": "grandes boucles d'oreilles"
    },
    {
        "wordCn": "手镯",
        "wordFr": "jonc"
    },
    {
        "wordCn": "银手镯",
        "wordFr": "jonc argent"
    },
    {
        "wordCn": "金手镯",
        "wordFr": "jonc en or"
    },
    {
        "wordCn": "象牙手镯",
        "wordFr": "jonc ivoire"
    },
    {
        "wordCn": "亮片线镯",
        "wordFr": "jonc paillettes"
    },
    {
        "wordCn": "满枝玫瑰线镯",
        "wordFr": "jonc rose blossom"
    },
    {
        "wordCn": "粉紫玫瑰线镯",
        "wordFr": "jonc rose fushia"
    },
    {
        "wordCn": "手链",
        "wordFr": "le bracelet"
    },
    {
        "wordCn": "项链",
        "wordFr": "le collier"
    },
    {
        "wordCn": "圆环耳环",
        "wordFr": "les creoles"
    },
    {
        "wordCn": "圆环耳环",
        "wordFr": "les créoles"
    },
    {
        "wordCn": "袖扣",
        "wordFr": "manchette"
    },
    {
        "wordCn": "阿兹特克迷你圆环穿孔耳环",
        "wordFr": "mini piercing créole aztèque"
    },
    {
        "wordCn": "三钻迷你圆环穿孔耳环",
        "wordFr": "mini piercing créole trio diamants"
    },
    {
        "wordCn": "三倍钻石迷你圆环穿孔耳环",
        "wordFr": "mini piercing créole triple diamants"
    },
    {
        "wordCn": "三钻迷你圆环穿孔耳环",
        "wordFr": "mini piercing créole trois diamants"
    },
    {
        "wordCn": "单只耳环",
        "wordFr": "mono boucle"
    },
    {
        "wordCn": "单只耳环",
        "wordFr": "mono boucle d'oreille"
    },
    {
        "wordCn": "单枚波西米亚单环耳环",
        "wordFr": "mono boucle d'oreille bohème 1"
    },
    {
        "wordCn": "钻波西米亚单环耳环",
        "wordFr": "mono boucle d'oreille bohème 3"
    },
    {
        "wordCn": "链式美钻单环耳环",
        "wordFr": "mono boucle d'oreille chainette diamant"
    },
    {
        "wordCn": "闭合环形美钻单环耳环",
        "wordFr": "mono boucle d'oreille créole ferme et diamant"
    },
    {
        "wordCn": "开放环形美钻单环耳环",
        "wordFr": "mono boucle d'oreille créole ouverte et diamant"
    },
    {
        "wordCn": "单钻长链单环耳环",
        "wordFr": "mono boucle d'oreille danaé chaînette 1 diamant"
    },
    {
        "wordCn": "长单耳环",
        "wordFr": "mono boucle d'oreille longue"
    },
    {
        "wordCn": "迷你衿针双钻单环耳钉",
        "wordFr": "mono boucle d'oreille mini fibule 2 diamants"
    },
    {
        "wordCn": "单钻迷你轨道单环耳钉",
        "wordFr": "mono boucle d'oreille mini orbite 1 diamant"
    },
    {
        "wordCn": "枚宝石河流单环耳环",
        "wordFr": "mono boucle d'oreille rivière"
    },
    {
        "wordCn": "环状月牙形穿孔单环",
        "wordFr": "mono piercing cercle croissant pavé"
    },
    {
        "wordCn": "眼睛图案穿孔单环",
        "wordFr": "mono piercing cercle oeil pavé"
    },
    {
        "wordCn": "环形珍珠穿孔单环",
        "wordFr": "mono piercing cercle with perle"
    },
    {
        "wordCn": "月牙形穿孔单环耳钉",
        "wordFr": "mono piercing croissant pavé"
    },
    {
        "wordCn": "十字架穿孔单环耳环",
        "wordFr": "mono piercing croix pavé"
    },
    {
        "wordCn": "钻长链穿孔单环",
        "wordFr": "mono piercing danaé chaînette 5 diamants"
    },
    {
        "wordCn": "环形穿孔单环单钻",
        "wordFr": "mono piercing danaé pavé 1 diamant"
    },
    {
        "wordCn": "钻环形穿孔单环",
        "wordFr": "mono piercing danaé pavé 3 diamants"
    },
    {
        "wordCn": "单钻小星星穿孔单环耳环",
        "wordFr": "mono piercing etoile 1 diamant"
    },
    {
        "wordCn": "小星星单环耳钉",
        "wordFr": "mono piercing etoile pavé"
    },
    {
        "wordCn": "花卉图案穿孔单环耳环",
        "wordFr": "mono piercing fleur pavé"
    },
    {
        "wordCn": "眼睛图案穿孔单环耳环",
        "wordFr": "mono piercing oeil pavé"
    },
    {
        "wordCn": "紫晶穿孔单环",
        "wordFr": "mono piercing pavé 1 améthyste"
    },
    {
        "wordCn": "蛇形穿孔单环",
        "wordFr": "mono piercing serpent"
    },
    {
        "wordCn": "三角图案穿孔单环耳环",
        "wordFr": "mono piercing triangle pavé"
    },
    {
        "wordCn": "不对称垂坠耳环",
        "wordFr": "pendants d'oreille asymétriques"
    },
    {
        "wordCn": "耳坠",
        "wordFr": "pendants d'oreilles"
    },
    {
        "wordCn": "吊坠",
        "wordFr": "pendentif"
    },
    {
        "wordCn": "“petit”吊坠",
        "wordFr": "pendentif \"petit\""
    },
    {
        "wordCn": "单钻“petit”吊坠",
        "wordFr": "pendentif \"petit\" diamond solo"
    },
    {
        "wordCn": "双排吊坠",
        "wordFr": "pendentif 2 rangs"
    },
    {
        "wordCn": "圆章饰牌",
        "wordFr": "pendentif baby emeraudes"
    },
    {
        "wordCn": "圆章饰牌",
        "wordFr": "pendentif baby saphirs bleus"
    },
    {
        "wordCn": "圆章饰牌",
        "wordFr": "pendentif baby saphirs roses"
    },
    {
        "wordCn": "小盒吊坠",
        "wordFr": "pendentif boite"
    },
    {
        "wordCn": "心心相印吊坠",
        "wordFr": "pendentif cœur entrelacé"
    },
    {
        "wordCn": "单钻吊坠",
        "wordFr": "pendentif diamond solo"
    },
    {
        "wordCn": "圆章饰牌",
        "wordFr": "pendentif emeraudes"
    },
    {
        "wordCn": "可拆香水瓶吊坠",
        "wordFr": "pendentif flacon de parfum separables en laiton doré et perles de résine"
    },
    {
        "wordCn": "银杏叶吊坠",
        "wordFr": "pendentif ginkgo tsavorites"
    },
    {
        "wordCn": "铃铛吊坠",
        "wordFr": "pendentif grelot"
    },
    {
        "wordCn": "铃铛吊坠",
        "wordFr": "pendentif grelot diamant"
    },
    {
        "wordCn": "迷你吊坠",
        "wordFr": "pendentif mini"
    },
    {
        "wordCn": "圆章",
        "wordFr": "pendentif médaille or coccinelle"
    },
    {
        "wordCn": "圆章",
        "wordFr": "pendentif médaille or elephant"
    },
    {
        "wordCn": "圆章",
        "wordFr": "pendentif médaille or trêfle"
    },
    {
        "wordCn": "可拆小号香水金色黄铜吊坠",
        "wordFr": "pendentif parfum separables en laiton doré"
    },
    {
        "wordCn": "圆章饰牌",
        "wordFr": "pendentif rubis"
    },
    {
        "wordCn": "金色黄铜和玻璃可拆沙漏吊坠",
        "wordFr": "pendentif sablier celine separables en laiton doré et verre"
    },
    {
        "wordCn": "吊坠",
        "wordFr": "pendentif sacrés cœurs"
    },
    {
        "wordCn": "欲望之火吊坠",
        "wordFr": "pendentif the flame of desire"
    },
    {
        "wordCn": "小号圆形耳钉钻石",
        "wordFr": "petite créole diamants argent"
    },
    {
        "wordCn": "穿孔饰环",
        "wordFr": "piercing - créole fairytale"
    },
    {
        "wordCn": "穿孔饰环",
        "wordFr": "piercing - créole multi pampilles"
    },
    {
        "wordCn": "穿孔饰环",
        "wordFr": "piercing - tige 3 poires"
    },
    {
        "wordCn": "穿孔饰环",
        "wordFr": "piercing - tige baguette"
    },
    {
        "wordCn": "穿孔饰环",
        "wordFr": "piercing - tige cible"
    },
    {
        "wordCn": "穿孔饰环",
        "wordFr": "piercing - tige cible pampille"
    },
    {
        "wordCn": "穿孔饰环",
        "wordFr": "piercing - tige croix"
    },
    {
        "wordCn": "穿孔饰环",
        "wordFr": "piercing - tige cœur"
    },
    {
        "wordCn": "穿孔饰环",
        "wordFr": "piercing - tige diamant baguette"
    },
    {
        "wordCn": "穿孔饰环",
        "wordFr": "piercing - tige diamant poire"
    },
    {
        "wordCn": "穿孔饰环",
        "wordFr": "piercing - tige diamants"
    },
    {
        "wordCn": "穿孔饰环",
        "wordFr": "piercing - tige etoile"
    },
    {
        "wordCn": "穿孔饰环",
        "wordFr": "piercing - tige fairytale"
    },
    {
        "wordCn": "穿孔饰环",
        "wordFr": "piercing - tige losange"
    },
    {
        "wordCn": "穿孔饰环",
        "wordFr": "piercing - tige lune"
    },
    {
        "wordCn": "穿孔饰环",
        "wordFr": "piercing - tige navette"
    },
    {
        "wordCn": "穿孔饰环",
        "wordFr": "piercing - tige pique"
    },
    {
        "wordCn": "穿孔饰环",
        "wordFr": "piercing - tige poire"
    },
    {
        "wordCn": "穿孔饰环",
        "wordFr": "piercing - tige poire sertis"
    },
    {
        "wordCn": "穿孔饰环",
        "wordFr": "piercing - tige soleil"
    },
    {
        "wordCn": "穿孔饰环",
        "wordFr": "piercing - tige v navettes"
    },
    {
        "wordCn": "穿孔饰环",
        "wordFr": "piercing - tige éclair"
    },
    {
        "wordCn": "穿孔饰环",
        "wordFr": "piercing - tige éventail"
    },
    {
        "wordCn": "环形穿孔单环耳环单钻",
        "wordFr": "piercing 1 diamant"
    },
    {
        "wordCn": "密镶宝石穿孔单环",
        "wordFr": "piercing anneau multicolore"
    },
    {
        "wordCn": "天平座耳钉",
        "wordFr": "piercing astro balance"
    },
    {
        "wordCn": "白羊座耳钉",
        "wordFr": "piercing astro bélier"
    },
    {
        "wordCn": "巨蟹座耳钉",
        "wordFr": "piercing astro cancer"
    },
    {
        "wordCn": "摩羯座耳钉",
        "wordFr": "piercing astro capricorne"
    },
    {
        "wordCn": "双子座耳钉",
        "wordFr": "piercing astro gémeaux"
    },
    {
        "wordCn": "狮子座耳钉",
        "wordFr": "piercing astro lion"
    },
    {
        "wordCn": "双鱼座耳钉",
        "wordFr": "piercing astro poisson"
    },
    {
        "wordCn": "射手座耳钉",
        "wordFr": "piercing astro saggitaire"
    },
    {
        "wordCn": "天蝎座耳钉",
        "wordFr": "piercing astro scorpion"
    },
    {
        "wordCn": "金牛座耳钉",
        "wordFr": "piercing astro taureau"
    },
    {
        "wordCn": "水瓶座耳钉",
        "wordFr": "piercing astro verseau"
    },
    {
        "wordCn": "处女座耳钉",
        "wordFr": "piercing astro vierge"
    },
    {
        "wordCn": "阿兹特克穿孔耳环",
        "wordFr": "piercing aztèque"
    },
    {
        "wordCn": "白色耳环",
        "wordFr": "piercing blanc"
    },
    {
        "wordCn": "白钻耳环",
        "wordFr": "piercing blanc diamant"
    },
    {
        "wordCn": "蓝色耳环",
        "wordFr": "piercing bleu"
    },
    {
        "wordCn": "蓝钻耳环",
        "wordFr": "piercing bleu diamant"
    },
    {
        "wordCn": "单枚黄水晶穿孔单环",
        "wordFr": "piercing chakras citrine"
    },
    {
        "wordCn": "阿兹特克圆环穿孔耳环",
        "wordFr": "piercing créole aztèque"
    },
    {
        "wordCn": "三钻圆环穿孔耳环",
        "wordFr": "piercing créole trio diamants"
    },
    {
        "wordCn": "三倍钻石圆环穿孔耳环",
        "wordFr": "piercing créole triple diamants"
    },
    {
        "wordCn": "三钻圆环穿孔耳环",
        "wordFr": "piercing créole trois diamants"
    },
    {
        "wordCn": "环形穿孔单环耳环",
        "wordFr": "piercing danaé 5"
    },
    {
        "wordCn": "环形穿孔单环",
        "wordFr": "piercing danaé 3"
    },
    {
        "wordCn": "流苏双钉",
        "wordFr": "piercing double pampilles"
    },
    {
        "wordCn": "花卉穿孔耳环",
        "wordFr": "piercing fleur"
    },
    {
        "wordCn": "钻石花卉穿孔环",
        "wordFr": "piercing fleur diamants"
    },
    {
        "wordCn": "耳钉大号马眼钻",
        "wordFr": "piercing grande marquise diamants"
    },
    {
        "wordCn": "黄色耳环",
        "wordFr": "piercing jaune"
    },
    {
        "wordCn": "黄钻耳环",
        "wordFr": "piercing jaune diamant"
    },
    {
        "wordCn": "多款美钻穿孔耳环",
        "wordFr": "piercing multi diamants"
    },
    {
        "wordCn": "珍珠母贝穿孔耳环",
        "wordFr": "piercing nacre"
    },
    {
        "wordCn": "黑色耳环",
        "wordFr": "piercing noir"
    },
    {
        "wordCn": "黑钻耳环",
        "wordFr": "piercing noir diamant"
    },
    {
        "wordCn": "八边形玛瑙密镶美钻耳环",
        "wordFr": "piercing octagon shape agate noire pavé diamant"
    },
    {
        "wordCn": "八边形红珊瑚密镶美钻耳环",
        "wordFr": "piercing octagon shape corail rouge pavé diamant"
    },
    {
        "wordCn": "八边形青金石密镶美钻耳环",
        "wordFr": "piercing octagon shape lapis pavé diamant"
    },
    {
        "wordCn": "八边形孔雀石密镶美钻耳环",
        "wordFr": "piercing octagon shape malachite pavé diamant"
    },
    {
        "wordCn": "八边形白色珠贝密镶美钻耳环",
        "wordFr": "piercing octagon shape nacre blanc pavé diamant"
    },
    {
        "wordCn": "八边形蛋白石密镶美钻耳环",
        "wordFr": "piercing octagon shape opale pavé diamant"
    },
    {
        "wordCn": "八边形粉色蛋白石密镶美钻耳环",
        "wordFr": "piercing octagon shape opale rose pavé diamant"
    },
    {
        "wordCn": "八边形绿松石密镶美钻耳环",
        "wordFr": "piercing octagon shape turquoise pavé diamant"
    },
    {
        "wordCn": "蝴蝶穿孔耳环",
        "wordFr": "piercing papillon"
    },
    {
        "wordCn": "小流苏耳钉",
        "wordFr": "piercing petite pampille"
    },
    {
        "wordCn": "小流苏耳钉",
        "wordFr": "piercing petite pampille semi-pavé"
    },
    {
        "wordCn": "梨形穿孔耳环",
        "wordFr": "piercing poire"
    },
    {
        "wordCn": "耳钉枚梨钻",
        "wordFr": "piercing poires diamants"
    },
    {
        "wordCn": "粉色耳环",
        "wordFr": "piercing rose"
    },
    {
        "wordCn": "红色耳环",
        "wordFr": "piercing rouge"
    },
    {
        "wordCn": "红钻耳环",
        "wordFr": "piercing rouge diamant"
    },
    {
        "wordCn": "流苏三钉",
        "wordFr": "piercing triple pampilles"
    },
    {
        "wordCn": "绿色耳环",
        "wordFr": "piercing vert"
    },
    {
        "wordCn": "绿钻耳环",
        "wordFr": "piercing vert diamant"
    },
    {
        "wordCn": "紫色耳环",
        "wordFr": "piercing violet"
    },
    {
        "wordCn": "紫钻耳环",
        "wordFr": "piercing violet diamant"
    },
    {
        "wordCn": "光芒穿孔耳环",
        "wordFr": "piercing éclat"
    },
    {
        "wordCn": "钻石徽章穿孔环",
        "wordFr": "piercing écusson diamants"
    },
    {
        "wordCn": "耳钉",
        "wordFr": "puce"
    },
    {
        "wordCn": "心形耳钉",
        "wordFr": "puce coeur"
    },
    {
        "wordCn": "宇宙耳钉钻石",
        "wordFr": "puce cosmique diama nts argent"
    },
    {
        "wordCn": "耳环",
        "wordFr": "puce d'oreille"
    },
    {
        "wordCn": "字样耳钉",
        "wordFr": "puce d'oreille typo laiton doré"
    },
    {
        "wordCn": "耳钉钻石",
        "wordFr": "puce diamants argent"
    },
    {
        "wordCn": "水滴耳钉钻石",
        "wordFr": "puce goutte diamants argent"
    },
    {
        "wordCn": "耳钉",
        "wordFr": "puces d'oreilles"
    },
    {
        "wordCn": "“petit”耳钉",
        "wordFr": "puces d'oreilles \"petit\""
    },
    {
        "wordCn": "花卉耳钉",
        "wordFr": "puces d’oreilles fleurs"
    },
    {
        "wordCn": "金色迷你酒椰耳环",
        "wordFr": "raphia mini gold earrings"
    },
    {
        "wordCn": "超大号链节项圈",
        "wordFr": "ras du cou chaîne à large maillon"
    },
    {
        "wordCn": "长项链",
        "wordFr": "sautoir"
    },
    {
        "wordCn": "铃兰长款项链",
        "wordFr": "sautoir lily of the valley"
    },
    {
        "wordCn": "结长链",
        "wordFr": "sautoir nœud"
    },
    {
        "wordCn": "圆章饰牌",
        "wordFr": "sautoir rubis and chaine torsadée 73 cm"
    },
    {
        "wordCn": "可拆镜子挂饰",
        "wordFr": "separable médaillon miroir"
    },
    {
        "wordCn": "耳环套装",
        "wordFr": "set de boucles d'oreilles"
    },
    {
        "wordCn": "手链套装",
        "wordFr": "set de bracelets"
    },
    {
        "wordCn": "单枚",
        "wordFr": "single - créole baguette"
    },
    {
        "wordCn": "单枚",
        "wordFr": "single - créole diamant pendant"
    },
    {
        "wordCn": "单枚",
        "wordFr": "single - créole lune"
    },
    {
        "wordCn": "单枚",
        "wordFr": "single - créole poire pendante"
    },
    {
        "wordCn": "单枚",
        "wordFr": "single barre"
    },
    {
        "wordCn": "单枚",
        "wordFr": "single chaîne"
    },
    {
        "wordCn": "单枚",
        "wordFr": "single diamants"
    },
    {
        "wordCn": "单枚",
        "wordFr": "single diamants sertis clos"
    },
    {
        "wordCn": "单枚",
        "wordFr": "single flèche"
    },
    {
        "wordCn": "单个图形美钻款",
        "wordFr": "single graphique diamants"
    },
    {
        "wordCn": "长项链",
        "wordFr": "single lyana"
    },
    {
        "wordCn": "单枚",
        "wordFr": "single éclair"
    },
    {
        "wordCn": "珐琅饰环",
        "wordFr": "single émail blanc"
    },
    {
        "wordCn": "珐琅饰环",
        "wordFr": "single émail bleu"
    },
    {
        "wordCn": "珐琅饰环",
        "wordFr": "single émail noir"
    },
    {
        "wordCn": "珐琅饰环",
        "wordFr": "single émail rouge"
    }
]