[
    {
        "wordCn": "编织皮革牛仔靴",
        "wordFr": "bottines cowboy en cuir tressé"
    },
    {
        "wordCn": "坡跟穆勒鞋",
        "wordFr": "mules compensées"
    },
    {
        "wordCn": "凉鞋",
        "wordFr": "sandales"
    },
    {
        "wordCn": "坡跟凉鞋",
        "wordFr": "sandales compensées"
    },
    {
        "wordCn": "运动鞋",
        "wordFr": "sneakers"
    },
    {
        "wordCn": "短靴",
        "wordFr": "bottines"
    },
    {
        "wordCn": "系袢高跟鞋",
        "wordFr": "escarpins à brides"
    },
    {
        "wordCn": "凉鞋",
        "wordFr": "sandales"
    },
    {
        "wordCn": "不对称扁平",
        "wordFr": "asymetric flat"
    },
    {
        "wordCn": "芭蕾舞鞋",
        "wordFr": "ballerine"
    },
    {
        "wordCn": "尼龙尖头芭蕾平底鞋",
        "wordFr": "ballerine en nylon à bout pointu"
    },
    {
        "wordCn": "芭蕾平底鞋",
        "wordFr": "ballerines"
    },
    {
        "wordCn": "皮质芭蕾舞平底鞋",
        "wordFr": "ballerines en cuir"
    },
    {
        "wordCn": "露跟芭蕾舞平底鞋",
        "wordFr": "ballerines slingback"
    },
    {
        "wordCn": "皮革运动鞋",
        "wordFr": "baskers en cuir"
    },
    {
        "wordCn": "低帮运动鞋",
        "wordFr": "basket basse"
    },
    {
        "wordCn": "绒面革低帮运动鞋",
        "wordFr": "basket basse low en cuir velours"
    },
    {
        "wordCn": "午夜低帮运动鞋",
        "wordFr": "basket basse midnight low"
    },
    {
        "wordCn": "皮革运动鞋",
        "wordFr": "basket en cuir"
    },
    {
        "wordCn": "柔质小牛皮运动鞋",
        "wordFr": "basket en cuir de veau lisse"
    },
    {
        "wordCn": "高帮运动鞋",
        "wordFr": "basket montante hi"
    },
    {
        "wordCn": "红色蜂鸟运动鞋",
        "wordFr": "basket red bird"
    },
    {
        "wordCn": "运动鞋",
        "wordFr": "basket runner"
    },
    {
        "wordCn": "条纹蜂鸟运动鞋",
        "wordFr": "basket stripe red bird"
    },
    {
        "wordCn": "漆革低帮运动鞋",
        "wordFr": "basket taille basse en cuir vernis"
    },
    {
        "wordCn": "运动鞋",
        "wordFr": "baskets"
    },
    {
        "wordCn": "低帮篮球鞋",
        "wordFr": "baskets basses"
    },
    {
        "wordCn": "皮革款低帮运动鞋",
        "wordFr": "baskets basses en cuir"
    },
    {
        "wordCn": "皮革、金属和绒面革低帮运动鞋",
        "wordFr": "baskets basses en cuir, métal et suède"
    },
    {
        "wordCn": "绒面革低帮运动鞋",
        "wordFr": "baskets basses en velours"
    },
    {
        "wordCn": "鞋头加固横饰皮鞋",
        "wordFr": "baskets cap-toe à bout renforcé"
    },
    {
        "wordCn": "标识印花帆布运动鞋",
        "wordFr": "baskets en canvas imprimé logo"
    },
    {
        "wordCn": "皮革运动鞋",
        "wordFr": "baskets en cuir"
    },
    {
        "wordCn": "小牛皮运动鞋",
        "wordFr": "baskets en cuir de veau"
    },
    {
        "wordCn": "软皮和网孔运动鞋",
        "wordFr": "baskets en cuir gommeux et mesh"
    },
    {
        "wordCn": "麂皮运动鞋",
        "wordFr": "baskets en daim"
    },
    {
        "wordCn": "压印字母花押麂皮运动鞋",
        "wordFr": "baskets en suède embossé monogramme balmain"
    },
    {
        "wordCn": "高帮篮球鞋",
        "wordFr": "baskets montantes"
    },
    {
        "wordCn": "双色针织高帮运动鞋",
        "wordFr": "baskets montantes en maille bicolores"
    },
    {
        "wordCn": "绒面皮、针织绑带高帮运动鞋",
        "wordFr": "baskets montantes à strap en suède et maille"
    },
    {
        "wordCn": "无带运动鞋",
        "wordFr": "baskets sans lacets"
    },
    {
        "wordCn": "复古跑鞋",
        "wordFr": "baskets vintage runner"
    },
    {
        "wordCn": "全素运动鞋",
        "wordFr": "baskets véganes"
    },
    {
        "wordCn": "尼龙系带篮球鞋",
        "wordFr": "baskets à lacets en nylon"
    },
    {
        "wordCn": "首饰",
        "wordFr": "bijoux"
    },
    {
        "wordCn": "皮靴",
        "wordFr": "boots"
    },
    {
        "wordCn": "麂皮靴",
        "wordFr": "boots en daim"
    },
    {
        "wordCn": "靴子",
        "wordFr": "botte"
    },
    {
        "wordCn": "安全靴",
        "wordFr": "botte de sécurité"
    },
    {
        "wordCn": "中号工作靴",
        "wordFr": "botte de travail moyen modèle"
    },
    {
        "wordCn": "真皮靴",
        "wordFr": "botte en cuir"
    },
    {
        "wordCn": "绒面革皮靴",
        "wordFr": "botte en cuir suédé"
    },
    {
        "wordCn": "高筒靴",
        "wordFr": "botte haute"
    },
    {
        "wordCn": "皮靴",
        "wordFr": "bottes"
    },
    {
        "wordCn": "拉伸纳帕小羊皮靴",
        "wordFr": "bottes bv bold"
    },
    {
        "wordCn": "高筒靴",
        "wordFr": "bottes cuissardes"
    },
    {
        "wordCn": "靴子",
        "wordFr": "bottes d'été"
    },
    {
        "wordCn": "雨靴",
        "wordFr": "bottes de pluie"
    },
    {
        "wordCn": "格纹橡胶雨靴",
        "wordFr": "bottes de pluie en caoutchouc et néoprène check"
    },
    {
        "wordCn": "格纹橡胶雨靴",
        "wordFr": "bottes de pluie en néoprène et caoutchouc check"
    },
    {
        "wordCn": "女士渔夫鞋",
        "wordFr": "bottes de pêche"
    },
    {
        "wordCn": "橡胶靴子",
        "wordFr": "bottes en caoutchouc"
    },
    {
        "wordCn": "女士链条橡胶靴",
        "wordFr": "bottes en caoutchouc avec chaîne"
    },
    {
        "wordCn": "链条高筒橡胶靴",
        "wordFr": "bottes en caoutchouc à chaîne haute"
    },
    {
        "wordCn": "真皮靴",
        "wordFr": "bottes en cuir"
    },
    {
        "wordCn": "加绒皮靴",
        "wordFr": "bottes en cuir avec doublure en fourrure"
    },
    {
        "wordCn": "亮面皮革和再生尼龙中筒靴",
        "wordFr": "bottes en cuir brossé et re-nylon"
    },
    {
        "wordCn": "小牛皮皮靴",
        "wordFr": "bottes en cuir de veau"
    },
    {
        "wordCn": "靴子",
        "wordFr": "bottes en cuir noir"
    },
    {
        "wordCn": "绒面革踝靴",
        "wordFr": "bottes en cuir velours"
    },
    {
        "wordCn": "毛羊皮靴子",
        "wordFr": "bottes en shearling"
    },
    {
        "wordCn": "中高帮运动鞋",
        "wordFr": "bottes en toile eco"
    },
    {
        "wordCn": "小牛皮靴子",
        "wordFr": "bottes en veau"
    },
    {
        "wordCn": "系带靴",
        "wordFr": "bottes lacées"
    },
    {
        "wordCn": "拉链靴子",
        "wordFr": "bottes zippés"
    },
    {
        "wordCn": "雨靴",
        "wordFr": "bottes à"
    },
    {
        "wordCn": "系带靴",
        "wordFr": "bottes à lacets"
    },
    {
        "wordCn": "有跟靴",
        "wordFr": "bottes à talon"
    },
    {
        "wordCn": "高跟靴",
        "wordFr": "bottes à talons"
    },
    {
        "wordCn": "真皮高帮靴",
        "wordFr": "bottillon en cuir"
    },
    {
        "wordCn": "及踝靴",
        "wordFr": "bottine"
    },
    {
        "wordCn": "切尔西靴",
        "wordFr": "bottine chelsea"
    },
    {
        "wordCn": "手缝踝靴",
        "wordFr": "bottine cousue à la main"
    },
    {
        "wordCn": "登山靴",
        "wordFr": "bottine de randonnée"
    },
    {
        "wordCn": "皮革短靴",
        "wordFr": "bottine en cuir"
    },
    {
        "wordCn": "绒面革皮短靴",
        "wordFr": "bottine en cuir suédé"
    },
    {
        "wordCn": "小牛皮短靴",
        "wordFr": "bottine en veau"
    },
    {
        "wordCn": "牛皮绒面革和羊毛革系带毛皮靴",
        "wordFr": "bottine fourrée à lacets"
    },
    {
        "wordCn": "系带款短靴",
        "wordFr": "bottine lacée"
    },
    {
        "wordCn": "帆布系带短靴",
        "wordFr": "bottine lacée en toile"
    },
    {
        "wordCn": "短靴",
        "wordFr": "bottine motarde veau"
    },
    {
        "wordCn": "牛皮革双搭扣短靴",
        "wordFr": "bottine à double boucles veau"
    },
    {
        "wordCn": "短靴",
        "wordFr": "bottines"
    },
    {
        "wordCn": "鳄鱼皮拉链靴",
        "wordFr": "bottines  zippées à relief crocodile"
    },
    {
        "wordCn": "有跟靴",
        "wordFr": "bottines a talons"
    },
    {
        "wordCn": "双材质提花双色皮革字母老花短靴",
        "wordFr": "bottines bi-matière en jacquard et cuir bicolore à monogramme"
    },
    {
        "wordCn": "小牛皮切尔西靴",
        "wordFr": "bottines cambre en veau bergeronnette"
    },
    {
        "wordCn": "切尔西靴",
        "wordFr": "bottines chelsea"
    },
    {
        "wordCn": "军装靴",
        "wordFr": "bottines combat"
    },
    {
        "wordCn": "雨靴",
        "wordFr": "bottines de pluie"
    },
    {
        "wordCn": "橡胶及踝靴",
        "wordFr": "bottines en caoutchouc"
    },
    {
        "wordCn": "皮革及踝靴",
        "wordFr": "bottines en cuir"
    },
    {
        "wordCn": "格纹拼皮革及踝靴",
        "wordFr": "bottines en cuir check"
    },
    {
        "wordCn": "小牛皮短靴",
        "wordFr": "bottines en cuir de veau"
    },
    {
        "wordCn": "皮革、面料短靴",
        "wordFr": "bottines en cuir et tissu"
    },
    {
        "wordCn": "轻便鞋",
        "wordFr": "bottines en cuir noir"
    },
    {
        "wordCn": "搭扣款短靴",
        "wordFr": "bottines en cuir à boucle"
    },
    {
        "wordCn": "皮革搭扣",
        "wordFr": "bottines en cuir à boucle 4g"
    },
    {
        "wordCn": "提花短靴",
        "wordFr": "bottines en jacquard"
    },
    {
        "wordCn": "弹力皮靴",
        "wordFr": "bottines en maille stretch"
    },
    {
        "wordCn": "双色弹力针织短靴",
        "wordFr": "bottines en maille stretch bicolores"
    },
    {
        "wordCn": "弹力针织闪光双色字母花押短靴",
        "wordFr": "bottines en maille stretch brillant bicolores à monogramme"
    },
    {
        "wordCn": "尼龙短靴",
        "wordFr": "bottines en nylon"
    },
    {
        "wordCn": "绒面短靴",
        "wordFr": "bottines en suède"
    },
    {
        "wordCn": "字母花押绒面压纹短靴",
        "wordFr": "bottines en suède débossé monogramme"
    },
    {
        "wordCn": "小牛皮切尔西靴",
        "wordFr": "bottines en veau"
    },
    {
        "wordCn": "光感面料短靴",
        "wordFr": "bottines en vinyle"
    },
    {
        "wordCn": "高帮靴",
        "wordFr": "bottines hautes"
    },
    {
        "wordCn": "系带及踝靴",
        "wordFr": "bottines lacées"
    },
    {
        "wordCn": "短靴",
        "wordFr": "bottines lean"
    },
    {
        "wordCn": "高帮短靴",
        "wordFr": "bottines montantes"
    },
    {
        "wordCn": "厚底及踝靴",
        "wordFr": "bottines oversize"
    },
    {
        "wordCn": "风格平底短靴",
        "wordFr": "bottines plates style"
    },
    {
        "wordCn": "拉链短靴|",
        "wordFr": "bottines zipped i"
    },
    {
        "wordCn": "拉链短靴",
        "wordFr": "bottines zippées"
    },
    {
        "wordCn": "平台短靴",
        "wordFr": "bottines à plateforme"
    },
    {
        "wordCn": "有根及踝靴",
        "wordFr": "bottines à talon"
    },
    {
        "wordCn": "高跟及踝靴",
        "wordFr": "bottines à talons"
    },
    {
        "wordCn": "拖鞋",
        "wordFr": "chaussons"
    },
    {
        "wordCn": "尼龙凉鞋",
        "wordFr": "chaussons en nylon"
    },
    {
        "wordCn": "羊羔毛拖鞋",
        "wordFr": "chaussons shearling"
    },
    {
        "wordCn": "低跟鞋",
        "wordFr": "chaussure"
    },
    {
        "wordCn": "踝带鞋",
        "wordFr": "chaussure avec bride de cheville"
    },
    {
        "wordCn": "跑步鞋",
        "wordFr": "chaussure de running"
    },
    {
        "wordCn": "羊皮革露跟鞋",
        "wordFr": "chaussure en shearling et à bride arrière"
    },
    {
        "wordCn": "羊皮革厚底鞋",
        "wordFr": "chaussure en shearling et à plateforme"
    },
    {
        "wordCn": "蕾丝高跟鞋",
        "wordFr": "chaussure lacée à talon"
    },
    {
        "wordCn": "粗跟玛丽珍鞋",
        "wordFr": "chaussure mary jane à talon bloc"
    },
    {
        "wordCn": "小猫跟玛丽珍鞋",
        "wordFr": "chaussure mary jane à talon kitten"
    },
    {
        "wordCn": "露跟高跟鞋",
        "wordFr": "chaussure à bride arrière et à talon"
    },
    {
        "wordCn": "网眼鞋",
        "wordFr": "chaussure à mailles"
    },
    {
        "wordCn": "厚底鞋",
        "wordFr": "chaussure à plateforme"
    },
    {
        "wordCn": "高跟鞋",
        "wordFr": "chaussure à talon"
    },
    {
        "wordCn": "粗跟鞋",
        "wordFr": "chaussure à talon bloc"
    },
    {
        "wordCn": "链条高跟鞋",
        "wordFr": "chaussure à talon et chaîne"
    },
    {
        "wordCn": "珍珠高跟鞋",
        "wordFr": "chaussure à talon et détail perle"
    },
    {
        "wordCn": "鳄鱼皮高跟鞋",
        "wordFr": "chaussure à talon et relief crocodile"
    },
    {
        "wordCn": "坡跟鞋",
        "wordFr": "chaussures compensées"
    },
    {
        "wordCn": "色块坡跟鞋",
        "wordFr": "chaussures compensées colourblock"
    },
    {
        "wordCn": "跑鞋",
        "wordFr": "chaussures de course"
    },
    {
        "wordCn": "跑鞋",
        "wordFr": "chaussures de running"
    },
    {
        "wordCn": "麂皮跑鞋",
        "wordFr": "chaussures de running en daim"
    },
    {
        "wordCn": "装饰有珠宝的跑鞋",
        "wordFr": "chaussures de running ornées de bijoux"
    },
    {
        "wordCn": "系带鞋",
        "wordFr": "chaussures lacées"
    },
    {
        "wordCn": "玛丽珍鞋",
        "wordFr": "chaussures mary jane"
    },
    {
        "wordCn": "平底鞋",
        "wordFr": "chaussures plates"
    },
    {
        "wordCn": "编织皮革系带鞋",
        "wordFr": "chaussures à lacets en cuir tressé"
    },
    {
        "wordCn": "高跟玛丽珍鞋",
        "wordFr": "chaussures à talons mary jane de marque"
    },
    {
        "wordCn": "装饰有珠宝的",
        "wordFr": "chaussures à  talon ornée des bijoux"
    },
    {
        "wordCn": "拖鞋",
        "wordFr": "claquette de marque"
    },
    {
        "wordCn": "凉拖",
        "wordFr": "claquettes"
    },
    {
        "wordCn": "锚形徽标拖鞋",
        "wordFr": "claquettes à logo ancre"
    },
    {
        "wordCn": "作战靴",
        "wordFr": "combat boots"
    },
    {
        "wordCn": "宇宙",
        "wordFr": "cosmic"
    },
    {
        "wordCn": "高筒靴",
        "wordFr": "cuissardes"
    },
    {
        "wordCn": "平纹针织高筒靴",
        "wordFr": "cuissardes en jersey stretch"
    },
    {
        "wordCn": "长靴",
        "wordFr": "cuissardes en vinyle"
    },
    {
        "wordCn": "德比鞋",
        "wordFr": "derbie"
    },
    {
        "wordCn": "德比鞋",
        "wordFr": "derbies"
    },
    {
        "wordCn": "字母设计柔软德比鞋",
        "wordFr": "derbies doux anaram"
    },
    {
        "wordCn": "真皮德比鞋",
        "wordFr": "derbies en cuir"
    },
    {
        "wordCn": "双搭扣",
        "wordFr": "double boucle"
    },
    {
        "wordCn": "高跟鞋",
        "wordFr": "escarpin"
    },
    {
        "wordCn": "真皮高跟鞋 ",
        "wordFr": "escarpin en cuir"
    },
    {
        "wordCn": "科技合成纺织面料露跟鞋",
        "wordFr": "escarpin en tissu technique"
    },
    {
        "wordCn": "露跟高跟鞋",
        "wordFr": "escarpin slingback"
    },
    {
        "wordCn": "高跟鞋",
        "wordFr": "escarpins"
    },
    {
        "wordCn": "真皮薄底浅口高跟鞋 ",
        "wordFr": "escarpins en cuir"
    },
    {
        "wordCn": "褶皱皮革高跟鞋",
        "wordFr": "escarpins en cuir drapé"
    },
    {
        "wordCn": "浅粉色皮革高跟鞋",
        "wordFr": "escarpins en cuir rose saumon"
    },
    {
        "wordCn": "科技合成纺织面料高跟鞋",
        "wordFr": "escarpins en tissu technique"
    },
    {
        "wordCn": "微麂皮高跟鞋",
        "wordFr": "escarpins micro suede"
    },
    {
        "wordCn": "闪亮纳帕小羊皮高跟鞋",
        "wordFr": "escarpins point"
    },
    {
        "wordCn": "露跟浅口鞋",
        "wordFr": "escarpins slingback"
    },
    {
        "wordCn": "露跟鞋",
        "wordFr": "escarpins slingback la"
    },
    {
        "wordCn": "美杜莎露跟鞋",
        "wordFr": "escarpins slingback medusa"
    },
    {
        "wordCn": "网眼弹性高跟鞋",
        "wordFr": "escarpins stretch"
    },
    {
        "wordCn": "高跟鞋",
        "wordFr": "escarpins talon haut"
    },
    {
        "wordCn": "薄底浅口鞋",
        "wordFr": "escarpins tower"
    },
    {
        "wordCn": "漆皮高跟鞋",
        "wordFr": "escarpins vernis"
    },
    {
        "wordCn": "高跟鞋",
        "wordFr": "escarpins"
    },
    {
        "wordCn": "带扣高跟鞋",
        "wordFr": "escarpins à boucle"
    },
    {
        "wordCn": "花卉搭扣薄底浅口鞋",
        "wordFr": "escarpins à boucle fleurs"
    },
    {
        "wordCn": "白色珍珠点缀的紫红色缎面尖头高跟鞋",
        "wordFr": "escarpins à bout pointu en satin fuchsia avec embellissement de perles blanches"
    },
    {
        "wordCn": "绊带薄底浅口鞋",
        "wordFr": "escarpins à bride"
    },
    {
        "wordCn": "细带高跟鞋",
        "wordFr": "escarpins à brides"
    },
    {
        "wordCn": "蝴蝶结高跟鞋",
        "wordFr": "escarpins à nœud"
    },
    {
        "wordCn": "高台高跟鞋",
        "wordFr": "escarpins à plateforme"
    },
    {
        "wordCn": "草编鞋",
        "wordFr": "espadrille"
    },
    {
        "wordCn": "草编鞋",
        "wordFr": "espadrilles"
    },
    {
        "wordCn": "格纹草编鞋",
        "wordFr": "espadrilles check"
    },
    {
        "wordCn": "牛仔薄底浅口高跟鞋",
        "wordFr": "espadrilles en denim"
    },
    {
        "wordCn": "标识款薄底浅口鞋",
        "wordFr": "espadrilles à logo"
    },
    {
        "wordCn": "草编鞋",
        "wordFr": "espadrilles à motif"
    },
    {
        "wordCn": "小牛皮翼尖莫卡辛鞋",
        "wordFr": "le mocassin en veau bergeronnette"
    },
    {
        "wordCn": "黑色莫卡辛鞋",
        "wordFr": "le mocassin en veau noir"
    },
    {
        "wordCn": "皮靴",
        "wordFr": "les bottes"
    },
    {
        "wordCn": "莫卡辛鞋",
        "wordFr": "les mocassins"
    },
    {
        "wordCn": "马拉松跑鞋",
        "wordFr": "marathon"
    },
    {
        "wordCn": "马拉松跑鞋",
        "wordFr": "marathon runner"
    },
    {
        "wordCn": "莫卡辛鞋",
        "wordFr": "mocassin"
    },
    {
        "wordCn": "方头乐福鞋",
        "wordFr": "mocassin  square"
    },
    {
        "wordCn": "有跟乐福鞋",
        "wordFr": "mocassin  à talon"
    },
    {
        "wordCn": "长毛效果莫卡辛鞋",
        "wordFr": "mocassin effet poils longs"
    },
    {
        "wordCn": "有跟莫卡辛鞋",
        "wordFr": "mocassin à talon"
    },
    {
        "wordCn": "莫卡辛鞋",
        "wordFr": "mocassins"
    },
    {
        "wordCn": "仿水晶装饰缎面乐福鞋",
        "wordFr": "mocassins avec cristaux"
    },
    {
        "wordCn": "乐福鞋皮革",
        "wordFr": "mocassins cuir"
    },
    {
        "wordCn": "皮革莫卡辛鞋",
        "wordFr": "mocassins en cuir"
    },
    {
        "wordCn": "金色链皮革莫卡辛鞋",
        "wordFr": "mocassins en cuir avec chaînes dorées"
    },
    {
        "wordCn": "黑色漆面小牛皮乐福鞋",
        "wordFr": "mocassins en cuir de veau vernis"
    },
    {
        "wordCn": "乐福鞋皮革网格印花",
        "wordFr": "mocassins en cuir à imprimé quadrillé"
    },
    {
        "wordCn": "麂皮乐福鞋",
        "wordFr": "mocassins en daim"
    },
    {
        "wordCn": "毛毡系扣乐福鞋",
        "wordFr": "mocassins en feutrine avec boucle"
    },
    {
        "wordCn": "亮面皮革穆勒莫卡辛鞋",
        "wordFr": "mocassins mule en cuir brillant"
    },
    {
        "wordCn": "露跟莫卡辛鞋",
        "wordFr": "mocassins slingback"
    },
    {
        "wordCn": "小牛皮莫卡辛鞋",
        "wordFr": "mocassins veau"
    },
    {
        "wordCn": "露跟乐福鞋",
        "wordFr": "mocassins à bride à l'arrière"
    },
    {
        "wordCn": "链条乐福鞋",
        "wordFr": "mocassins à chaîne"
    },
    {
        "wordCn": "松紧乐福鞋",
        "wordFr": "mocassins élastiques"
    },
    {
        "wordCn": "莫卡辛鞋",
        "wordFr": "moccasins"
    },
    {
        "wordCn": "皮革莫卡辛鞋",
        "wordFr": "moccasins en cuir"
    },
    {
        "wordCn": "莫卡辛鞋",
        "wordFr": "moccassins"
    },
    {
        "wordCn": "带链莫卡辛鞋",
        "wordFr": "moccassins avec chaine"
    },
    {
        "wordCn": "编织皮革莫卡辛鞋",
        "wordFr": "moccassins en cuir tressé"
    },
    {
        "wordCn": "字母花押",
        "wordFr": "monogram"
    },
    {
        "wordCn": "穆勒鞋",
        "wordFr": "mule"
    },
    {
        "wordCn": "刺绣棉质穆勒鞋",
        "wordFr": "mule en coton brodé"
    },
    {
        "wordCn": "小羊毛穆勒鞋",
        "wordFr": "mule en shearling"
    },
    {
        "wordCn": "链条拖鞋",
        "wordFr": "mule à chaîne"
    },
    {
        "wordCn": "链条乐福鞋珐琅链条",
        "wordFr": "mule à chaîne chaîne assortie"
    },
    {
        "wordCn": "穆勒鞋",
        "wordFr": "mules"
    },
    {
        "wordCn": "徽标穆勒鞋",
        "wordFr": "mules avec logo"
    },
    {
        "wordCn": "首饰穆勒鞋",
        "wordFr": "mules bijoux"
    },
    {
        "wordCn": "水钻搭扣皮革穆勒鞋",
        "wordFr": "mules boucle strass en cuir"
    },
    {
        "wordCn": "穆勒鞋",
        "wordFr": "mules de marque"
    },
    {
        "wordCn": "皮革乐福鞋",
        "wordFr": "mules en cuir"
    },
    {
        "wordCn": "褶皱款皮革穆勒鞋",
        "wordFr": "mules en cuir drapé"
    },
    {
        "wordCn": "马特拉斯纹皮革穆勒鞋",
        "wordFr": "mules en cuir matelassé"
    },
    {
        "wordCn": "纳帕皮穆勒鞋",
        "wordFr": "mules en cuir nappa"
    },
    {
        "wordCn": "牛仔穆勒鞋",
        "wordFr": "mules en denim"
    },
    {
        "wordCn": "提花款穆勒鞋",
        "wordFr": "mules en jacquard"
    },
    {
        "wordCn": "女士小羊皮穆勒鞋同色系链",
        "wordFr": "mules en shearling chaîne assortie"
    },
    {
        "wordCn": "海绵面料穆勒鞋",
        "wordFr": "mules en tissu éponge"
    },
    {
        "wordCn": "穆勒鞋",
        "wordFr": "mules la"
    },
    {
        "wordCn": "超大铆钉穆勒鞋",
        "wordFr": "mules maxi stud"
    },
    {
        "wordCn": "超大铆钉穆勒鞋",
        "wordFr": "mules maxi studs"
    },
    {
        "wordCn": "平底穆勒鞋",
        "wordFr": "mules plates"
    },
    {
        "wordCn": "裸跟穆勒鞋",
        "wordFr": "mules slingback"
    },
    {
        "wordCn": "皮质凉鞋",
        "wordFr": "mules wedge"
    },
    {
        "wordCn": "系带穆勒鞋",
        "wordFr": "mules à brides"
    },
    {
        "wordCn": "女士链带穆勒鞋",
        "wordFr": "mules à chaîne"
    },
    {
        "wordCn": "珐琅链条缀饰乐福鞋",
        "wordFr": "mules à chaîne émaillée"
    },
    {
        "wordCn": "带标识穆勒鞋",
        "wordFr": "mules à logo"
    },
    {
        "wordCn": "矮跟穆勒鞋",
        "wordFr": "mules à petit talon"
    },
    {
        "wordCn": "魔术贴穆勒鞋",
        "wordFr": "mules à scratch"
    },
    {
        "wordCn": "有跟穆勒鞋",
        "wordFr": "mules à talon"
    },
    {
        "wordCn": "高跟穆勒鞋",
        "wordFr": "mules à talon haut"
    },
    {
        "wordCn": "中高跟穆勒鞋",
        "wordFr": "mules à talon mi-haut"
    },
    {
        "wordCn": "平跟穆勒鞋",
        "wordFr": "mules à talon plat"
    },
    {
        "wordCn": "拖鞋",
        "wordFr": "pantoufles"
    },
    {
        "wordCn": "防水台",
        "wordFr": "platform sandal"
    },
    {
        "wordCn": "防水台女鞋",
        "wordFr": "platform "
    },
    {
        "wordCn": "轻软舞鞋",
        "wordFr": "pumps"
    },
    {
        "wordCn": "露跟鞋",
        "wordFr": "ribbon"
    },
    {
        "wordCn": "牛津鞋",
        "wordFr": "richelieu"
    },
    {
        "wordCn": "乐福鞋",
        "wordFr": "richelieus"
    },
    {
        "wordCn": "套鞋",
        "wordFr": "sabot"
    },
    {
        "wordCn": "缎面有跟套鞋",
        "wordFr": "sabot avec talon en satin"
    },
    {
        "wordCn": "植物鞣革套鞋",
        "wordFr": "sabot en cuir à tannage végétal"
    },
    {
        "wordCn": "套鞋",
        "wordFr": "sabots"
    },
    {
        "wordCn": "长毛效果套鞋",
        "wordFr": "sabots effet poils longs"
    },
    {
        "wordCn": "拖鞋式皮革木底鞋",
        "wordFr": "sabots en cuir à enfiler"
    },
    {
        "wordCn": "麂皮套鞋",
        "wordFr": "sabots en daim"
    },
    {
        "wordCn": "皮革毛边套鞋",
        "wordFr": "sabots fourrés en cuir"
    },
    {
        "wordCn": "凉鞋",
        "wordFr": "sandale"
    },
    {
        "wordCn": "提花织物条带凉鞋",
        "wordFr": "sandale a lanières textile avec jacquard"
    },
    {
        "wordCn": "踝带凉鞋",
        "wordFr": "sandale avec bride de cheville"
    },
    {
        "wordCn": "缝线凉鞋",
        "wordFr": "sandale avec coutures apparentes"
    },
    {
        "wordCn": "凉鞋",
        "wordFr": "sandale en caoutchouc"
    },
    {
        "wordCn": "羊毛毡",
        "wordFr": "sandale en feutre de laine"
    },
    {
        "wordCn": "卷毛面料",
        "wordFr": "sandale en matière bouclée"
    },
    {
        "wordCn": "平底凉鞋",
        "wordFr": "sandale plate"
    },
    {
        "wordCn": "渔夫风格凉鞋",
        "wordFr": "sandale style pêcheur"
    },
    {
        "wordCn": "有跟凉鞋",
        "wordFr": "sandale à talon"
    },
    {
        "wordCn": "高跟凉鞋",
        "wordFr": "sandale à talons hauts"
    },
    {
        "wordCn": "凉鞋",
        "wordFr": "sandales"
    },
    {
        "wordCn": "凉鞋亚利桑那科技",
        "wordFr": "sandales arizona tech"
    },
    {
        "wordCn": "首饰凉鞋",
        "wordFr": "sandales bijoux"
    },
    {
        "wordCn": "坡跟凉鞋",
        "wordFr": "sandales compensées"
    },
    {
        "wordCn": "金色金属纳帕皮坡跟鞋",
        "wordFr": "sandales compensées en cuir nappa métallisé doré"
    },
    {
        "wordCn": "女士刺绣船锚泳池凉拖",
        "wordFr": "sandales de piscine avec ancre brodée"
    },
    {
        "wordCn": "长毛效果凉鞋",
        "wordFr": "sandales effet poils longs"
    },
    {
        "wordCn": "马特拉斯纹雪尼尔绒面凉鞋",
        "wordFr": "sandales en chenille velours matelassé"
    },
    {
        "wordCn": "格纹棉凉鞋",
        "wordFr": "sandales en coton à carreaux"
    },
    {
        "wordCn": "小牛皮凉鞋",
        "wordFr": "sandales en cuir de veau"
    },
    {
        "wordCn": "蜥蜴皮凉鞋",
        "wordFr": "sandales en cuir effet lézard"
    },
    {
        "wordCn": "马特拉斯纹皮革凉鞋",
        "wordFr": "sandales en cuir matelassé"
    },
    {
        "wordCn": "金色金属纳帕皮凉鞋",
        "wordFr": "sandales en cuir nappa métallisé doré"
    },
    {
        "wordCn": "小马皮凉鞋",
        "wordFr": "sandales en cuir pony"
    },
    {
        "wordCn": "漆皮凉鞋",
        "wordFr": "sandales en cuir verni"
    },
    {
        "wordCn": "麂皮凉鞋",
        "wordFr": "sandales en daim"
    },
    {
        "wordCn": "仿蟒蛇皮凉鞋",
        "wordFr": "sandales en faux cuir effet python"
    },
    {
        "wordCn": "绒面革凉鞋",
        "wordFr": "sandales en suède"
    },
    {
        "wordCn": "海绵面料凉鞋",
        "wordFr": "sandales en tissu éponge"
    },
    {
        "wordCn": "绒面革凉鞋",
        "wordFr": "sandales en velours"
    },
    {
        "wordCn": "薄底浅口鞋",
        "wordFr": "sandales flex"
    },
    {
        "wordCn": "凉鞋吉萨科技",
        "wordFr": "sandales gizeh tech"
    },
    {
        "wordCn": "钩环凉鞋",
        "wordFr": "sandales hook-and-loop"
    },
    {
        "wordCn": "碎纹皮凉鞋",
        "wordFr": "sandales lamé"
    },
    {
        "wordCn": "超大饰钉凉鞋",
        "wordFr": "sandales maxi stud"
    },
    {
        "wordCn": "凉鞋米兰科技",
        "wordFr": "sandales milano tech"
    },
    {
        "wordCn": "平台凉鞋",
        "wordFr": "sandales plateforme"
    },
    {
        "wordCn": "平底凉鞋",
        "wordFr": "sandales plates"
    },
    {
        "wordCn": "小牛皮平底凉鞋",
        "wordFr": "sandales plates en cuir de veau"
    },
    {
        "wordCn": "皮革、仿皮草平底凉鞋",
        "wordFr": "sandales plates en cuir et fausse fourrure"
    },
    {
        "wordCn": "平底凉鞋",
        "wordFr": "sandales plates la"
    },
    {
        "wordCn": "带标识平底凉鞋",
        "wordFr": "sandales plates à logo"
    },
    {
        "wordCn": "玫瑰凉鞋",
        "wordFr": "sandales rose"
    },
    {
        "wordCn": "露跟凉鞋",
        "wordFr": "sandales slingback"
    },
    {
        "wordCn": "凉鞋",
        "wordFr": "sandales stretch"
    },
    {
        "wordCn": "脚踝系带凉鞋",
        "wordFr": "sandales à bride cheville nouée"
    },
    {
        "wordCn": "细带凉鞋",
        "wordFr": "sandales à brides"
    },
    {
        "wordCn": "大蝴蝶结凉鞋",
        "wordFr": "sandales à gros nœud"
    },
    {
        "wordCn": "印花凉鞋",
        "wordFr": "sandales à imprimé"
    },
    {
        "wordCn": "宽饰带凉鞋",
        "wordFr": "sandales à large bride"
    },
    {
        "wordCn": "珍珠凉鞋",
        "wordFr": "sandales à perles"
    },
    {
        "wordCn": "小跟凉鞋",
        "wordFr": "sandales à petit talon"
    },
    {
        "wordCn": "防水台凉鞋",
        "wordFr": "sandales à plateforme"
    },
    {
        "wordCn": "黑色纳帕皮防水台凉鞋",
        "wordFr": "sandales à plateforme en cuir nappa noir"
    },
    {
        "wordCn": "魔术贴凉鞋",
        "wordFr": "sandales à scratch"
    },
    {
        "wordCn": "厚底凉鞋",
        "wordFr": "sandales à semelle épaisse"
    },
    {
        "wordCn": "有根凉鞋",
        "wordFr": "sandales à talon"
    },
    {
        "wordCn": "脚趾装饰皮革细高跟凉鞋",
        "wordFr": "sandales à talon aiguille en cuir avec boucle orteil"
    },
    {
        "wordCn": "带链高跟凉鞋",
        "wordFr": "sandales à talon avec chaine"
    },
    {
        "wordCn": "专属标识装饰皮革粗跟凉鞋",
        "wordFr": "sandales à talon bottier en cuir monogram"
    },
    {
        "wordCn": "高跟凉鞋",
        "wordFr": "sandales à talons"
    },
    {
        "wordCn": "高跟凉鞋",
        "wordFr": "sandales à talons hauts"
    },
    {
        "wordCn": "鞋底",
        "wordFr": "semelle"
    },
    {
        "wordCn": "皮毛一体",
        "wordFr": "shoe"
    },
    {
        "wordCn": "拖鞋",
        "wordFr": "slides"
    },
    {
        "wordCn": "露跟凉鞋",
        "wordFr": "slingback"
    },
    {
        "wordCn": "露跟鞋",
        "wordFr": "slingbacks"
    },
    {
        "wordCn": "一脚蹬款",
        "wordFr": "slip on"
    },
    {
        "wordCn": "拖鞋",
        "wordFr": "slipper"
    },
    {
        "wordCn": "拖鞋",
        "wordFr": "slippers"
    },
    {
        "wordCn": "羽毛拖鞋",
        "wordFr": "slippers plumes"
    },
    {
        "wordCn": "运动鞋",
        "wordFr": "sneaker"
    },
    {
        "wordCn": "低帮运动鞋",
        "wordFr": "sneaker basse"
    },
    {
        "wordCn": "高帮粘带运动鞋",
        "wordFr": "sneaker haute à scratch"
    },
    {
        "wordCn": "运动鞋",
        "wordFr": "sneaker lv escale"
    },
    {
        "wordCn": "牛皮革高帮运动鞋荧光白",
        "wordFr": "sneaker montante trainer veaublanc optique"
    },
    {
        "wordCn": "运动鞋",
        "wordFr": "sneakers"
    },
    {
        "wordCn": "徽标运动鞋",
        "wordFr": "sneakers avec logo"
    },
    {
        "wordCn": "低帮运动鞋",
        "wordFr": "sneakers basses"
    },
    {
        "wordCn": "低帮印花运动鞋",
        "wordFr": "sneakers basses print"
    },
    {
        "wordCn": "低帮条纹运动鞋",
        "wordFr": "sneakers basses stripe"
    },
    {
        "wordCn": "字母花押低帮运动鞋",
        "wordFr": "sneakers basses à monogramme"
    },
    {
        "wordCn": "错视效果低帮运动鞋",
        "wordFr": "sneakers basses à motif trompe-l'œil"
    },
    {
        "wordCn": "水钻搭扣科技面料运动鞋",
        "wordFr": "sneakers boucle strass en tissu technique"
    },
    {
        "wordCn": "格纹棉和皮革运动鞋",
        "wordFr": "sneakers check"
    },
    {
        "wordCn": "运动鞋",
        "wordFr": "sneakers court"
    },
    {
        "wordCn": "芭蕾运动鞋",
        "wordFr": "sneakers de ballet"
    },
    {
        "wordCn": "双轮尼龙华达呢运动鞋",
        "wordFr": "sneakers double wheel en gabardine de nylon"
    },
    {
        "wordCn": "皮革运动鞋",
        "wordFr": "sneakers en cuir"
    },
    {
        "wordCn": "面料、皮革运动鞋",
        "wordFr": "sneakers en cuir et tissu"
    },
    {
        "wordCn": "厚底皮革运动鞋",
        "wordFr": "sneakers en cuir oversize"
    },
    {
        "wordCn": "再生涤纶运动鞋",
        "wordFr": "sneakers en polyester recyclé"
    },
    {
        "wordCn": "运动鞋",
        "wordFr": "sneakers en tissu blanc"
    },
    {
        "wordCn": "高性能面料运动鞋",
        "wordFr": "sneakers en tissu technique"
    },
    {
        "wordCn": "低帮篮球鞋",
        "wordFr": "sneakers flow runner"
    },
    {
        "wordCn": "华达呢运动鞋",
        "wordFr": "sneakers gabardine"
    },
    {
        "wordCn": "高帮运动鞋",
        "wordFr": "sneakers hautes"
    },
    {
        "wordCn": "高帮运动鞋",
        "wordFr": "sneakers hauts"
    },
    {
        "wordCn": "提花运动鞋",
        "wordFr": "sneakers jacquard"
    },
    {
        "wordCn": "带标志运动鞋",
        "wordFr": "sneakers logo"
    },
    {
        "wordCn": "低帮鞋",
        "wordFr": "sneakers low"
    },
    {
        "wordCn": "双色低帮运动鞋",
        "wordFr": "sneakers low bicolore"
    },
    {
        "wordCn": "粉色羊皮低帮运动鞋",
        "wordFr": "sneakers low en cuir de chèvre rose"
    },
    {
        "wordCn": "低帮真皮、运动鞋",
        "wordFr": "sneakers low en cuir et suede"
    },
    {
        "wordCn": "低帮袜子运动鞋",
        "wordFr": "sneakers low sock"
    },
    {
        "wordCn": "低帮运动鞋",
        "wordFr": "sneakers low top"
    },
    {
        "wordCn": "高帮运动鞋",
        "wordFr": "sneakers montantes"
    },
    {
        "wordCn": "尼龙轮高帮运动鞋",
        "wordFr": "sneakers montantes wheel re-nylon"
    },
    {
        "wordCn": "装饰有图案的运动鞋",
        "wordFr": "sneakers ornée de"
    },
    {
        "wordCn": "装饰有图案的运动鞋",
        "wordFr": "sneakers ornées de"
    },
    {
        "wordCn": "厚底运动鞋",
        "wordFr": "sneakers oversize"
    },
    {
        "wordCn": "运动鞋",
        "wordFr": "sneakers prada lane"
    },
    {
        "wordCn": "玫瑰运动鞋",
        "wordFr": "sneakers rose"
    },
    {
        "wordCn": "跑步运动鞋",
        "wordFr": "sneakers running"
    },
    {
        "wordCn": "袜子跑步鞋",
        "wordFr": "sneakers sock runner"
    },
    {
        "wordCn": "麂皮运动鞋",
        "wordFr": "sneakers suede"
    },
    {
        "wordCn": "魔术贴运动鞋",
        "wordFr": "sneakers velcro"
    },
    {
        "wordCn": "复古运动鞋",
        "wordFr": "sneakers vintage"
    },
    {
        "wordCn": "复古格纹运动鞋",
        "wordFr": "sneakers vintage check"
    },
    {
        "wordCn": "带标志运动鞋",
        "wordFr": "sneakers à logo"
    },
    {
        "wordCn": "厚底运动鞋",
        "wordFr": "sneakers à semelle épaisse"
    },
    {
        "wordCn": "低帮橡胶鞋",
        "wordFr": "souliers bas en gomme"
    },
    {
        "wordCn": "坡跟橡胶鞋",
        "wordFr": "souliers compensés en gomme"
    },
    {
        "wordCn": "条纹蜂鸟运动鞋",
        "wordFr": "stripe bee bird"
    },
    {
        "wordCn": "运动鞋",
        "wordFr": "tabi sneakers"
    },
    {
        "wordCn": "超大铆钉拖鞋",
        "wordFr": "tong maxi stud"
    },
    {
        "wordCn": "人字拖",
        "wordFr": "tongs"
    },
    {
        "wordCn": "超大铆钉拖鞋",
        "wordFr": "tongs maxi stud"
    },
    {
        "wordCn": "复古跑鞋",
        "wordFr": "vintage runner"
    },
    {
        "wordCn": "皮革系带",
        "wordFr": "à lacets en cuir"
    }
]