[
    {
        "wordCn": "仙人掌饰件",
        "wordFr": "charm cactus"
    },
    {
        "wordCn": "渐变饰件",
        "wordFr": "charm dégradé"
    },
    {
        "wordCn": "迷你包",
        "wordFr": "mini sac"
    },
    {
        "wordCn": "小号手提袋",
        "wordFr": "petit sac cabas"
    },
    {
        "wordCn": "手拿包",
        "wordFr": "pochette"
    },
    {
        "wordCn": "大象手提袋",
        "wordFr": "sac cabas elephant"
    },
    {
        "wordCn": "彩虹手提袋",
        "wordFr": "sac cabas rainbow"
    },
    {
        "wordCn": "流苏款大象包",
        "wordFr": "sac elephant pocket fringes"
    },
    {
        "wordCn": "小号手提包",
        "wordFr": " petit sac"
    },
    {
        "wordCn": "小号手提袋",
        "wordFr": " petit sac cabas"
    },
    {
        "wordCn": "小号单肩包",
        "wordFr": " petit sac porté épaule"
    },
    {
        "wordCn": "凉鞋",
        "wordFr": " petit sac the"
    },
    {
        "wordCn": "链带钱包",
        "wordFr": " portefeuille à chaîne"
    },
    {
        "wordCn": "手提袋",
        "wordFr": " sac cabas"
    },
    {
        "wordCn": "新月包",
        "wordFr": " sac hobo"
    },
    {
        "wordCn": "中号手提包",
        "wordFr": " sac moyen"
    },
    {
        "wordCn": "单肩包",
        "wordFr": " sac porté épaule"
    },
    {
        "wordCn": "法棍包",
        "wordFr": "baguette"
    },
    {
        "wordCn": "大号",
        "wordFr": "baguette large"
    },
    {
        "wordCn": "腰包",
        "wordFr": "banane"
    },
    {
        "wordCn": "背带",
        "wordFr": "bandoulière"
    },
    {
        "wordCn": "可调节肩带",
        "wordFr": "bandoulière ajustable avec anneau"
    },
    {
        "wordCn": "肩带",
        "wordFr": "bandoulière avec anneau"
    },
    {
        "wordCn": "肩带",
        "wordFr": "bandoulière de sac"
    },
    {
        "wordCn": "细肩带",
        "wordFr": "bandoulière fine"
    },
    {
        "wordCn": "复古织物格纹迷你包",
        "wordFr": "bb"
    },
    {
        "wordCn": "包饰",
        "wordFr": "bijou de sac"
    },
    {
        "wordCn": "包饰与钥匙扣",
        "wordFr": "bijou de sac et porte-clés"
    },
    {
        "wordCn": "羽毛吊饰",
        "wordFr": "bijou de sac feather"
    },
    {
        "wordCn": "金属牌包饰",
        "wordFr": "bijou de sac plaque"
    },
    {
        "wordCn": "托特包",
        "wordFr": "cabas"
    },
    {
        "wordCn": "号双材质手提袋",
        "wordFr": "cabas bi-matière"
    },
    {
        "wordCn": "皮革手提包",
        "wordFr": "cabas en cuir"
    },
    {
        "wordCn": "号酒椰纤维金银纱手提袋",
        "wordFr": "cabas en raphia et lurex"
    },
    {
        "wordCn": "加衬尼龙托特包",
        "wordFr": "cabas en re-nylon matelassé"
    },
    {
        "wordCn": "帆布、皮革贴片手提袋",
        "wordFr": "cabas en toile avec empiècements en cuir"
    },
    {
        "wordCn": "棉布手提袋",
        "wordFr": "cabas en toile de coton"
    },
    {
        "wordCn": "专属帆布手提袋",
        "wordFr": "cabas en toile exclusive"
    },
    {
        "wordCn": "刺绣款纺织面料横式手提袋",
        "wordFr": "cabas horizontal textile avec broderies"
    },
    {
        "wordCn": "大号磨砂皮锁眼拉链手提包",
        "wordFr": "cabas l zippé cuir nubuck et œillets"
    },
    {
        "wordCn": "大号亚麻亮片拉链单肩手提袋",
        "wordFr": "cabas l zippé porté epaule lin et paillettes"
    },
    {
        "wordCn": "帆布和亮片拉链袋",
        "wordFr": "cabas l zippé porté epaule toile et paillettes"
    },
    {
        "wordCn": "中号磨砂皮锁眼手提包",
        "wordFr": "cabas m cuir nubuck et œillets"
    },
    {
        "wordCn": "中号亚麻亮片手提包",
        "wordFr": "cabas m lin et paillettes"
    },
    {
        "wordCn": "中小号系列纺织面料、小牛皮手提袋",
        "wordFr": "cabas modèle teen textile et veau"
    },
    {
        "wordCn": "中小号系列帆布、小牛皮手提袋",
        "wordFr": "cabas modèle teen toile et veau"
    },
    {
        "wordCn": "中小号系列闪亮小牛皮手提袋",
        "wordFr": "cabas modèle teen veau brillant"
    },
    {
        "wordCn": "中号手提袋",
        "wordFr": "cabas moyen modèle"
    },
    {
        "wordCn": "粒面小牛皮小号手提袋",
        "wordFr": "cabas petit modèle en veau grainé"
    },
    {
        "wordCn": "号酒椰纤维手提袋",
        "wordFr": "cabas raphia"
    },
    {
        "wordCn": "号酒椰纤维、亮片手提袋",
        "wordFr": "cabas raphia et paillettes"
    },
    {
        "wordCn": "小号手提袋",
        "wordFr": "cabas s"
    },
    {
        "wordCn": "小号裂纹皮革和手提包",
        "wordFr": "cabas s cuir craquelé et œillets"
    },
    {
        "wordCn": "小号磨砂皮锁眼手提包",
        "wordFr": "cabas s cuir nubuck et œillets"
    },
    {
        "wordCn": "小号亚麻亮片手提包",
        "wordFr": "cabas s lin et paillettes"
    },
    {
        "wordCn": "购物袋",
        "wordFr": "cabas shopping"
    },
    {
        "wordCn": "迷你托特包",
        "wordFr": "cabas tote mini"
    },
    {
        "wordCn": "帆布涂层迷你托特手提袋",
        "wordFr": "cabas tote mini en toile enduite"
    },
    {
        "wordCn": "中号托特包",
        "wordFr": "cabas tote médium"
    },
    {
        "wordCn": "水洗牛仔中号托特手提袋",
        "wordFr": "cabas tote médium en denim bleached"
    },
    {
        "wordCn": "印花帆布和小牛皮立式迷你手提袋",
        "wordFr": "cabas vertical mini modèle en toile imprimé et veau"
    },
    {
        "wordCn": " é印花和小牛皮款立式迷你手提袋",
        "wordFr": "cabas vertical mini modèle textile imprimé céline et veau"
    },
    {
        "wordCn": "超大号亚麻亮片手提包",
        "wordFr": "cabas xl lin et paillettes"
    },
    {
        "wordCn": "复古织物格纹链条包",
        "wordFr": "chaine"
    },
    {
        "wordCn": "手拿包",
        "wordFr": "clutch"
    },
    {
        "wordCn": "新月形晚宴包",
        "wordFr": "clutch demi-lune"
    },
    {
        "wordCn": "链带长款皮夹",
        "wordFr": "continental with chain"
    },
    {
        "wordCn": "双搭",
        "wordFr": "duo"
    },
    {
        "wordCn": "藤篮包",
        "wordFr": "en rotin"
    },
    {
        "wordCn": "行李箱吊牌",
        "wordFr": "etiquette bagage"
    },
    {
        "wordCn": "迷你牛角包",
        "wordFr": "fendi cookie"
    },
    {
        "wordCn": "小号",
        "wordFr": "fendi small"
    },
    {
        "wordCn": "帆布中号折叠手提袋",
        "wordFr": "folded cabas moyen modèle en toile"
    },
    {
        "wordCn": "小号粒面小牛皮折叠款手提袋",
        "wordFr": "folded cabas petit modèle veau grainé"
    },
    {
        "wordCn": "小号粒面牛皮革折叠手袋",
        "wordFr": "folded petit modèle veau grainé"
    },
    {
        "wordCn": "大号手提包",
        "wordFr": "grand sac"
    },
    {
        "wordCn": "大号帆布手提袋",
        "wordFr": "grand sac cabas en canvas"
    },
    {
        "wordCn": "大号黑色酒椰长方形手提袋",
        "wordFr": "grand sac cabas horizontal en raphia noir"
    },
    {
        "wordCn": "大号链条新月包",
        "wordFr": "grand sac hobo avec chaîne"
    },
    {
        "wordCn": "大号单肩包",
        "wordFr": "grand sac porté épaule"
    },
    {
        "wordCn": "链条包",
        "wordFr": "grand sac the shoulder bag en nappa avec chaîne"
    },
    {
        "wordCn": "大号手提包",
        "wordFr": "grand sac à main"
    },
    {
        "wordCn": "大号浸染羔羊皮埃伦匹亚收纳袋",
        "wordFr": "grande pochette en cuir d'agneau plongé"
    },
    {
        "wordCn": "真皮手提包",
        "wordFr": "handle bag en cuir"
    },
    {
        "wordCn": "大号手提包",
        "wordFr": "large"
    },
    {
        "wordCn": "大号手提包",
        "wordFr": "large cabas"
    },
    {
        "wordCn": "手提袋",
        "wordFr": "large sac cabas"
    },
    {
        "wordCn": "徽标托特包",
        "wordFr": "large sac cabas woody"
    },
    {
        "wordCn": "手提包",
        "wordFr": "le"
    },
    {
        "wordCn": "大号女包",
        "wordFr": "le grand"
    },
    {
        "wordCn": "大号手提袋",
        "wordFr": "le grand sac cabas"
    },
    {
        "wordCn": "长款女包",
        "wordFr": "le long"
    },
    {
        "wordCn": "迷你手提袋",
        "wordFr": "le mini sac cabas"
    },
    {
        "wordCn": "中号女包",
        "wordFr": "le moyen"
    },
    {
        "wordCn": "小号手提袋",
        "wordFr": "le petit sac cabas"
    },
    {
        "wordCn": "小号旅行袋",
        "wordFr": "le petit sac cabas teddy"
    },
    {
        "wordCn": "钥匙环",
        "wordFr": "le porte cle"
    },
    {
        "wordCn": "手提包",
        "wordFr": "le sac"
    },
    {
        "wordCn": "桶包",
        "wordFr": "le sac seau"
    },
    {
        "wordCn": "亚麻和亮片手提袋",
        "wordFr": "lin et paillettes"
    },
    {
        "wordCn": "邮差包",
        "wordFr": "messenger bag"
    },
    {
        "wordCn": "迷你专属标识装饰帆布拼皮革托特包",
        "wordFr": "micro cabas en toile et cuir monogram"
    },
    {
        "wordCn": "微型手提包",
        "wordFr": "micro sac"
    },
    {
        "wordCn": "单肩包",
        "wordFr": "micro sac four ring"
    },
    {
        "wordCn": "微型梳妆包",
        "wordFr": "micro vanity"
    },
    {
        "wordCn": "随身化妆包",
        "wordFr": "minaudière"
    },
    {
        "wordCn": "迷你包",
        "wordFr": "mini"
    },
    {
        "wordCn": "迷你手袋",
        "wordFr": "mini 1997"
    },
    {
        "wordCn": "棕色皮革双肩包",
        "wordFr": "mini backpack"
    },
    {
        "wordCn": "迷你",
        "wordFr": "mini baguette"
    },
    {
        "wordCn": "迷你手提袋",
        "wordFr": "mini cabas"
    },
    {
        "wordCn": "迷你人造酒椰纤维拼皮革芙蕾雅托特包",
        "wordFr": "mini cabas en faux raphia et cuir"
    },
    {
        "wordCn": "迷你手机袋",
        "wordFr": "mini cabas téléphone "
    },
    {
        "wordCn": "迷你保险箱",
        "wordFr": "mini coffre"
    },
    {
        "wordCn": "迷你信封包",
        "wordFr": "mini envelope"
    },
    {
        "wordCn": "迷你手拿包",
        "wordFr": "mini pochette"
    },
    {
        "wordCn": "迷你手袋",
        "wordFr": "mini sac"
    },
    {
        "wordCn": "迷你包",
        "wordFr": "mini sac avec chaîne"
    },
    {
        "wordCn": "迷你肩带包",
        "wordFr": "mini sac bandoulière"
    },
    {
        "wordCn": "迷你包袋",
        "wordFr": "mini sac bum bag"
    },
    {
        "wordCn": "迷你托特包",
        "wordFr": "mini sac cabas"
    },
    {
        "wordCn": "迷你托特妈咪包",
        "wordFr": "mini sac cabas mama"
    },
    {
        "wordCn": "迷你帆布手提袋",
        "wordFr": "mini sac cabas t screw"
    },
    {
        "wordCn": "迷你绗缝摄影包",
        "wordFr": "mini sac caméra matelassé"
    },
    {
        "wordCn": "迷你链条包",
        "wordFr": "mini sac chaîne"
    },
    {
        "wordCn": "迷你肩带包",
        "wordFr": "mini sac en bandoulière"
    },
    {
        "wordCn": "亮面皮革迷你手袋",
        "wordFr": "mini sac en cuir brossé"
    },
    {
        "wordCn": "迷你绗缝包",
        "wordFr": "mini sac en cuir matelassé"
    },
    {
        "wordCn": "酒椰纤维迷你包",
        "wordFr": "mini sac en raphia brodé"
    },
    {
        "wordCn": "亮片缀饰缎面迷你手袋",
        "wordFr": "mini sac en satin à sequins"
    },
    {
        "wordCn": "手袋",
        "wordFr": "mini sac four ring avec chaîne"
    },
    {
        "wordCn": "迷你斜挎包",
        "wordFr": "mini sac porté croisé"
    },
    {
        "wordCn": "绗缝单肩迷你包",
        "wordFr": "mini sac porté croisé matelassé"
    },
    {
        "wordCn": "迷你单肩包",
        "wordFr": "mini sac porté épaule"
    },
    {
        "wordCn": "迷你单肩包",
        "wordFr": "mini sac porté épaule falabella"
    },
    {
        "wordCn": "迷你桶包",
        "wordFr": "mini sac seau"
    },
    {
        "wordCn": "酒椰皮革迷你桶包",
        "wordFr": "mini sac seau en raphia et cuir noir"
    },
    {
        "wordCn": "迷你篮式水桶包",
        "wordFr": "mini sac seau panier"
    },
    {
        "wordCn": "小号风琴包",
        "wordFr": "mini sac soft trunk"
    },
    {
        "wordCn": "迷你手提袋",
        "wordFr": "mini sac tote"
    },
    {
        "wordCn": "迷你三色",
        "wordFr": "mini sac tricolore"
    },
    {
        "wordCn": "竖形迷你女包",
        "wordFr": "mini sac vertical"
    },
    {
        "wordCn": "迷你拉链",
        "wordFr": "mini sac zippé"
    },
    {
        "wordCn": "迷你",
        "wordFr": "mini sac à"
    },
    {
        "wordCn": "迷你肩带包",
        "wordFr": "mini sac à bandoulière"
    },
    {
        "wordCn": "迷你肩带包",
        "wordFr": "mini sac à bandoulière falabella"
    },
    {
        "wordCn": "小号带标识肩带包",
        "wordFr": "mini sac à logo"
    },
    {
        "wordCn": "单肩包",
        "wordFr": "mini sac à logo stella"
    },
    {
        "wordCn": "迷你手提包",
        "wordFr": "mini sac à main"
    },
    {
        "wordCn": "迷你托特包",
        "wordFr": "mini tote-bag"
    },
    {
        "wordCn": "迷你手袋",
        "wordFr": "mini veau lisse"
    },
    {
        "wordCn": "牛皮拉链迷你斜挎包",
        "wordFr": "mini zip"
    },
    {
        "wordCn": "短款迷你钱包",
        "wordFr": "mini-portefeuille compact"
    },
    {
        "wordCn": "迷你皮革包袋",
        "wordFr": "mini-sac en veau lisse"
    },
    {
        "wordCn": "中号手袋",
        "wordFr": "mm"
    },
    {
        "wordCn": "中号双面牛皮手提袋",
        "wordFr": "mm reversible"
    },
    {
        "wordCn": "中号拉链牛皮手提袋",
        "wordFr": "mm zip"
    },
    {
        "wordCn": "亮泽牛皮革手袋",
        "wordFr": "modèle veau brillant"
    },
    {
        "wordCn": "多用钱包",
        "wordFr": "multi-portefeuille"
    },
    {
        "wordCn": "金属质感单肩包",
        "wordFr": "métallique"
    },
    {
        "wordCn": "酒椰纤维金银纱纳米包",
        "wordFr": "nano en raphia et lurex"
    },
    {
        "wordCn": "腰包",
        "wordFr": "neck pouch"
    },
    {
        "wordCn": "中哦！手提袋",
        "wordFr": "oh! tote ruban duo mm"
    },
    {
        "wordCn": "篮子包",
        "wordFr": "panier"
    },
    {
        "wordCn": "酒椰纤维金银纱藤篮包",
        "wordFr": "panier en raphia et lurex"
    },
    {
        "wordCn": "小号篮子包",
        "wordFr": "panier petit sac"
    },
    {
        "wordCn": "卡片夹",
        "wordFr": "pc tu"
    },
    {
        "wordCn": "小号手提袋",
        "wordFr": "petit cabas"
    },
    {
        "wordCn": "小号系列帆布面料、小牛皮手提袋",
        "wordFr": "petit cabas toile et veau"
    },
    {
        "wordCn": "粒面小牛皮小号手提袋",
        "wordFr": "petit cabas veau grainé"
    },
    {
        "wordCn": "小号手提包",
        "wordFr": "petit sac"
    },
    {
        "wordCn": "小号手提包",
        "wordFr": "petit sac 4g"
    },
    {
        "wordCn": "小号手提包",
        "wordFr": "petit sac anagram"
    },
    {
        "wordCn": "小号链带包",
        "wordFr": "petit sac avec chaine"
    },
    {
        "wordCn": "小号篮子包",
        "wordFr": "petit sac basket"
    },
    {
        "wordCn": "小号方包",
        "wordFr": "petit sac boîte"
    },
    {
        "wordCn": "小号手提袋",
        "wordFr": "petit sac cabas"
    },
    {
        "wordCn": "小号粒面小牛皮手提袋",
        "wordFr": "petit sac cabas anagram en cuir de veau grainé"
    },
    {
        "wordCn": "单肩包",
        "wordFr": "petit sac caméra"
    },
    {
        "wordCn": "小号旅行箱",
        "wordFr": "petit sac de voyage"
    },
    {
        "wordCn": "小号迷你单肩包",
        "wordFr": "petit sac en bandoulière"
    },
    {
        "wordCn": "小号迷你单肩包",
        "wordFr": "petit sac en bandoulière 4g"
    },
    {
        "wordCn": "小号帆布手提包",
        "wordFr": "petit sac en toile"
    },
    {
        "wordCn": "小号格纹帆布拼皮革埃伦匹亚包",
        "wordFr": "petit sac en toile check et cuir"
    },
    {
        "wordCn": "小号针刺棉帆布萝纳包",
        "wordFr": "petit sac en toile piquée"
    },
    {
        "wordCn": "小号单肩包",
        "wordFr": "petit sac frayme porté épaule"
    },
    {
        "wordCn": "真皮迷你包",
        "wordFr": "petit sac gate en cuir"
    },
    {
        "wordCn": "小号手提包",
        "wordFr": "petit sac hobo"
    },
    {
        "wordCn": "小号手袋",
        "wordFr": "petit sac hobo atelier bag 03 rose edition"
    },
    {
        "wordCn": "小号链条新月包",
        "wordFr": "petit sac hobo avec chaîne"
    },
    {
        "wordCn": "手袋",
        "wordFr": "petit sac hobo la medusa"
    },
    {
        "wordCn": "小号手提包",
        "wordFr": "petit sac la"
    },
    {
        "wordCn": "小号绗缝羔羊皮萝纳包",
        "wordFr": "petit sac lola matelassé en cuir d'agneau"
    },
    {
        "wordCn": "绗缝小羊皮包袋",
        "wordFr": "petit sac matelassé en cuir d'agneau"
    },
    {
        "wordCn": "经典条纹绗缝小号手袋",
        "wordFr": "petit sac matelassé à rayures iconiques"
    },
    {
        "wordCn": "花押环保帆布条纹手袋",
        "wordFr": "petit sac monogramme e-canvas stripe"
    },
    {
        "wordCn": "小号新月包",
        "wordFr": "petit sac oboe"
    },
    {
        "wordCn": "单颗饰钉小号手提包",
        "wordFr": "petit sac one stud"
    },
    {
        "wordCn": "小号藤篮",
        "wordFr": "petit sac panier"
    },
    {
        "wordCn": "酒椰皮革款小号藤篮包",
        "wordFr": "petit sac panier en raphia et cuir"
    },
    {
        "wordCn": "小号手包",
        "wordFr": "petit sac pochette"
    },
    {
        "wordCn": "小号圆形单肩包",
        "wordFr": "petit sac rond à bandoulière"
    },
    {
        "wordCn": "小号马鞍包",
        "wordFr": "petit sac saddle"
    },
    {
        "wordCn": "小号水桶包",
        "wordFr": "petit sac seau"
    },
    {
        "wordCn": "手袋",
        "wordFr": "petit sac skull"
    },
    {
        "wordCn": "小号链条单肩包",
        "wordFr": "petit sac à bandoulière chain"
    },
    {
        "wordCn": "手袋",
        "wordFr": "petit sac à bandoulière en veau"
    },
    {
        "wordCn": "小号手提包",
        "wordFr": "petit sac à main"
    },
    {
        "wordCn": "饰钉小号手提包",
        "wordFr": "petit sac à main stud the handle bag en nappa"
    },
    {
        "wordCn": "迷你手提包",
        "wordFr": "petit sac à main the handle bag en nappa"
    },
    {
        "wordCn": "迷你翻盖、链带包",
        "wordFr": "petit sac à rabat et à chaîne"
    },
    {
        "wordCn": "小号托特包",
        "wordFr": "petit tote-bag"
    },
    {
        "wordCn": "小号印花小牛皮面料手袋",
        "wordFr": "petite pochette textile imprimé et veau"
    },
    {
        "wordCn": "小号双面复古织物格纹手提袋",
        "wordFr": "pm reversible"
    },
    {
        "wordCn": "小号双面牛皮手提袋",
        "wordFr": "pm reversible taurillon"
    },
    {
        "wordCn": "翻盖口袋",
        "wordFr": "poche à rabat"
    },
    {
        "wordCn": "手拿包",
        "wordFr": "pochette"
    },
    {
        "wordCn": "链带手拿包",
        "wordFr": "pochette avec chaîne"
    },
    {
        "wordCn": "海滩手拿包",
        "wordFr": "pochette beach"
    },
    {
        "wordCn": "马鞍腰包",
        "wordFr": "pochette ceinture saddle"
    },
    {
        "wordCn": "亮泽牛皮革链条钱包",
        "wordFr": "pochette cuir triomphe  veau satiné"
    },
    {
        "wordCn": "奢华小号手提袋",
        "wordFr": "pochette deluxe"
    },
    {
        "wordCn": "手拿包印花",
        "wordFr": "pochette "
    },
    {
        "wordCn": "手拿包",
        "wordFr": "pochette en crochet"
    },
    {
        "wordCn": "皮革手拿包",
        "wordFr": "pochette en cuir"
    },
    {
        "wordCn": "小牛皮零钱袋",
        "wordFr": "pochette en cuir de veau"
    },
    {
        "wordCn": "插扣皮革手包",
        "wordFr": "pochette en cuir à boucle"
    },
    {
        "wordCn": "覆有水晶，金色蜂蜜绒面革手拿包",
        "wordFr": "pochette en daim miel doré recouvert de cristaux"
    },
    {
        "wordCn": "帆布手拿包",
        "wordFr": "pochette en toile"
    },
    {
        "wordCn": "大号手拿包",
        "wordFr": "pochette l"
    },
    {
        "wordCn": "大号手拿包",
        "wordFr": "pochette l soft"
    },
    {
        "wordCn": "长款手拿包",
        "wordFr": "pochette longue"
    },
    {
        "wordCn": "相机包",
        "wordFr": "pochette louis vuitton"
    },
    {
        "wordCn": "缎面小牛皮链带手拿包",
        "wordFr": "pochette maillon triomphe en veau satiné"
    },
    {
        "wordCn": "中号手拿包",
        "wordFr": "pochette medium"
    },
    {
        "wordCn": "迷你手拿包",
        "wordFr": "pochette mini"
    },
    {
        "wordCn": "迷你手拿包",
        "wordFr": "pochette mini pouch"
    },
    {
        "wordCn": "扁平手拿包",
        "wordFr": "pochette plate"
    },
    {
        "wordCn": "大号扁平手拿包",
        "wordFr": "pochette plate grand format"
    },
    {
        "wordCn": "中号手拿包",
        "wordFr": "pochette plate medium"
    },
    {
        "wordCn": "钥匙夹手拿包",
        "wordFr": "pochette porte-clés"
    },
    {
        "wordCn": "手机包",
        "wordFr": "pochette pour téléphone"
    },
    {
        "wordCn": "小号软面手拿包",
        "wordFr": "pochette s soft"
    },
    {
        "wordCn": "马鞍手拿包",
        "wordFr": "pochette saddle"
    },
    {
        "wordCn": "刺绣帆布马鞍手袋",
        "wordFr": "pochette saddle en toile brodée"
    },
    {
        "wordCn": "印花织物小号饰带手拿包",
        "wordFr": "pochette textile logo"
    },
    {
        "wordCn": "帆布、羊羔皮手袋",
        "wordFr": "pochette toile et agneau"
    },
    {
        "wordCn": "光面小牛皮单肩手拿包",
        "wordFr": "pochette à bandoulière veau lisse"
    },
    {
        "wordCn": "牛仔标识手拿包",
        "wordFr": "pochette à logo en jean"
    },
    {
        "wordCn": "字母花押皮革卡包",
        "wordFr": "porte-carte en cuir débossé monogramme"
    },
    {
        "wordCn": "字母花押皮革链带卡包",
        "wordFr": "porte-carte à chaîne en cuir débossé monogramme"
    },
    {
        "wordCn": "卡夹",
        "wordFr": "porte-cartes"
    },
    {
        "wordCn": "肩带卡包",
        "wordFr": "porte-cartes avec bandoulière"
    },
    {
        "wordCn": "文件包",
        "wordFr": "porte-documents"
    },
    {
        "wordCn": "格纹棉质埃伦匹亚零钱夹",
        "wordFr": "porte-monnaie en coton check"
    },
    {
        "wordCn": "浅色字母花押镜面皮革零钱包",
        "wordFr": "porte-monnaie en cuir miroir débossé monogramme pâle"
    },
    {
        "wordCn": "耳机袋",
        "wordFr": "porte-écouteurs"
    },
    {
        "wordCn": "链带钱包",
        "wordFr": "portefeuille avec chaîne"
    },
    {
        "wordCn": "字母花押压印皮革钱包",
        "wordFr": "portefeuille en cuir débossé monogramme"
    },
    {
        "wordCn": "卡夹和零钱包",
        "wordFr": "portefeuille en cuir matelassé"
    },
    {
        "wordCn": "链带钱包",
        "wordFr": "portefeuille à bandoulière"
    },
    {
        "wordCn": "链带皮夹",
        "wordFr": "portefeuille à chaîne"
    },
    {
        "wordCn": "手拿包",
        "wordFr": "pouch"
    },
    {
        "wordCn": "护照夹",
        "wordFr": "pp tu"
    },
    {
        "wordCn": "酒椰手提包",
        "wordFr": "raffia"
    },
    {
        "wordCn": "手提包",
        "wordFr": "sac"
    },
    {
        "wordCn": "大号缎面牛皮革手袋",
        "wordFr": "sac 16 grand modèle veau satiné"
    },
    {
        "wordCn": "迷你肩带包",
        "wordFr": "sac 4g mini modèle en cuir box"
    },
    {
        "wordCn": "小号手袋",
        "wordFr": "sac 4g petit modèle en cuir 4g"
    },
    {
        "wordCn": "手提包",
        "wordFr": "sac a main"
    },
    {
        "wordCn": "风琴包",
        "wordFr": "sac accordion"
    },
    {
        "wordCn": "中号锚形单肩包",
        "wordFr": "sac ancre moyen modèle porté épaule"
    },
    {
        "wordCn": "锚形单肩包",
        "wordFr": "sac ancre porté épaule"
    },
    {
        "wordCn": "  光面小牛皮背带中号手提包",
        "wordFr": "sac ava moyen modèle avec strap veau lisse"
    },
    {
        "wordCn": "立体手提包",
        "wordFr": "sac avec cadre"
    },
    {
        "wordCn": "缎面小牛皮中号链带包",
        "wordFr": "sac avec chaine moyen modèle veau satiné"
    },
    {
        "wordCn": "缝线包",
        "wordFr": "sac avec coutures apparentes"
    },
    {
        "wordCn": "法棍包",
        "wordFr": "sac baguette"
    },
    {
        "wordCn": "长链款法棍包",
        "wordFr": "sac baguette chaîne et ancre"
    },
    {
        "wordCn": "同色系链条法棍锚形包",
        "wordFr": "sac baguette chaîne et ancre ton sur ton"
    },
    {
        "wordCn": "腰包",
        "wordFr": "sac banane"
    },
    {
        "wordCn": "肩带包",
        "wordFr": "sac bandoulière"
    },
    {
        "wordCn": "皮革斜挎包",
        "wordFr": "sac bandoulière en cuir"
    },
    {
        "wordCn": "粒面皮革挎包",
        "wordFr": "sac bandoulière en cuir grainé"
    },
    {
        "wordCn": "迷你肩带包",
        "wordFr": "sac bandoulière mini"
    },
    {
        "wordCn": "中号锚形单肩包",
        "wordFr": "sac bandoulière moyen modèle"
    },
    {
        "wordCn": "圆筒包",
        "wordFr": "sac barrel"
    },
    {
        "wordCn": "篮子包",
        "wordFr": "sac basket"
    },
    {
        "wordCn": "复古织物格纹迷你包",
        "wordFr": "sac bb"
    },
    {
        "wordCn": "微型款鳄鱼纹牛皮腰带包",
        "wordFr": "sac belt micro modèle veau façon crocodile"
    },
    {
        "wordCn": "迷你粒面小牛皮腰包",
        "wordFr": "sac belt mini modèle veau grainé"
    },
    {
        "wordCn": "腰包",
        "wordFr": "sac belt veau grainé"
    },
    {
        "wordCn": "褡裢包",
        "wordFr": "sac besace"
    },
    {
        "wordCn": "迷你手写体标志印花波士顿包",
        "wordFr": "sac boston modèle mini toile triomphe avec broderie celine"
    },
    {
        "wordCn": "提包",
        "wordFr": "sac bourse"
    },
    {
        "wordCn": "小号方包",
        "wordFr": "sac boîte petit modèle"
    },
    {
        "wordCn": "手提包",
        "wordFr": "sac bulb"
    },
    {
        "wordCn": "手提袋",
        "wordFr": "sac cabas"
    },
    {
        "wordCn": "系带手提包",
        "wordFr": "sac cabas avec boucle de ceinture"
    },
    {
        "wordCn": "带前袋款手提袋",
        "wordFr": "sac cabas avec poche à l'avant"
    },
    {
        "wordCn": "大楼印花图案托特包",
        "wordFr": "sac cabas building"
    },
    {
        "wordCn": "色块手提包",
        "wordFr": "sac cabas color block"
    },
    {
        "wordCn": "手提购物袋",
        "wordFr": "sac cabas de shopping"
    },
    {
        "wordCn": "钩针手提袋",
        "wordFr": "sac cabas en crochet"
    },
    {
        "wordCn": "印花手提袋",
        "wordFr": "sac cabas en imprimé"
    },
    {
        "wordCn": "立体透视图案提花手提袋",
        "wordFr": "sac cabas en jacquard à motif trompe-l'œil"
    },
    {
        "wordCn": "针织手提袋",
        "wordFr": "sac cabas en maille"
    },
    {
        "wordCn": "麦秸托特包",
        "wordFr": "sac cabas en paille de blé"
    },
    {
        "wordCn": "酒椰纤维手提袋",
        "wordFr": "sac cabas en raphia"
    },
    {
        "wordCn": "手提包",
        "wordFr": "sac cabas falabella"
    },
    {
        "wordCn": "单肩手提袋",
        "wordFr": "sac cabas frayme porté épaule"
    },
    {
        "wordCn": "大号托特妈咪包",
        "wordFr": "sac cabas mama grand modèle"
    },
    {
        "wordCn": "尼龙绗缝托特包",
        "wordFr": "sac cabas matelassé"
    },
    {
        "wordCn": "手提袋",
        "wordFr": "sac cabas modèle toile imprimé et veau"
    },
    {
        "wordCn": "印花帆布、小牛皮款立式手提袋",
        "wordFr": "sac cabas modèle vertical toile imprimé et veau"
    },
    {
        "wordCn": "系列纺织面料、小牛皮中号手提袋",
        "wordFr": "sac cabas moyen modèle textile et veau"
    },
    {
        "wordCn": "小号手提包",
        "wordFr": "sac cabas petit"
    },
    {
        "wordCn": "印花帆布和小牛皮款立式手提袋",
        "wordFr": "sac cabas petit modèle vertical en toile imprimé et veau"
    },
    {
        "wordCn": "尼龙绗缝托特包",
        "wordFr": "sac cabas tricolore matelassé"
    },
    {
        "wordCn": "针织购物袋",
        "wordFr": "sac cabas tricoté"
    },
    {
        "wordCn": "徽标托特包",
        "wordFr": "sac cabas woody"
    },
    {
        "wordCn": "立体透视图案手提袋",
        "wordFr": "sac cabas à motif trompe-l'œil"
    },
    {
        "wordCn": "鳄鱼纹购物包",
        "wordFr": "sac cabas à relief crocodile"
    },
    {
        "wordCn": "摄影包",
        "wordFr": "sac camera"
    },
    {
        "wordCn": "真皮摄影包",
        "wordFr": "sac camera en cuir"
    },
    {
        "wordCn": "相机包",
        "wordFr": "sac camera porté épaule cuir triomphe toile triomphe et veau"
    },
    {
        "wordCn": "摄影包",
        "wordFr": "sac caméra"
    },
    {
        "wordCn": "帆布单肩包",
        "wordFr": "sac canvas à bandoulière"
    },
    {
        "wordCn": "帽形包",
        "wordFr": "sac casquette"
    },
    {
        "wordCn": "腰包",
        "wordFr": "sac ceinture"
    },
    {
        "wordCn": "中号羊羔皮填充款链条手提包",
        "wordFr": "sac chaine moyen modèle agneau matelassé"
    },
    {
        "wordCn": "中号水蛇皮链带包",
        "wordFr": "sac chaine moyen modèle en serpent d'eau"
    },
    {
        "wordCn": "中号小牛皮链带包",
        "wordFr": "sac chaine moyen modèle en veau"
    },
    {
        "wordCn": "小牛皮小号链带包",
        "wordFr": "sac chaine petit modèle veau"
    },
    {
        "wordCn": "式链手提包",
        "wordFr": "sac chaîne"
    },
    {
        "wordCn": "小牛皮经典",
        "wordFr": "sac classic modèle veau liégé"
    },
    {
        "wordCn": "天然蜥蜴皮中小号经典包",
        "wordFr": "sac classic teen modèle lézard naturel"
    },
    {
        "wordCn": "纺织面料、天然小牛皮中小号手提包",
        "wordFr": "sac classic teen modèle textile et veau naturel"
    },
    {
        "wordCn": "水洗牛仔裁剪款小号手提包",
        "wordFr": "sac cut out petit modèle en denim bleached"
    },
    {
        "wordCn": "海滩包",
        "wordFr": "sac de plage"
    },
    {
        "wordCn": "真丝包袋",
        "wordFr": "sac de plage en soie"
    },
    {
        "wordCn": "中号购物袋",
        "wordFr": "sac de shopping moyen modèle"
    },
    {
        "wordCn": "扁平款购物包",
        "wordFr": "sac de shopping plat"
    },
    {
        "wordCn": "晚装包",
        "wordFr": "sac de soirée la"
    },
    {
        "wordCn": "立体透视图案提花面料旅行袋",
        "wordFr": "sac de voyage en jacquard à motif trompe-l'œil"
    },
    {
        "wordCn": "光滑皮革半月包",
        "wordFr": "sac demi-lune"
    },
    {
        "wordCn": "迷你半月包",
        "wordFr": "sac demi-lune mini"
    },
    {
        "wordCn": "牛仔、小牛皮手提包",
        "wordFr": "sac denim et veau"
    },
    {
        "wordCn": "手袋",
        "wordFr": "sac "
    },
    {
        "wordCn": "大号手袋",
        "wordFr": "sac  large"
    },
    {
        "wordCn": "中号手袋",
        "wordFr": "sac  medium"
    },
    {
        "wordCn": "小号手袋",
        "wordFr": "sac  small"
    },
    {
        "wordCn": "两用手袋",
        "wordFr": "sac double porté"
    },
    {
        "wordCn": "小号抽绳帆布包",
        "wordFr": "sac drawstring petit modèle en canvas"
    },
    {
        "wordCn": "晚装包",
        "wordFr": "sac du soir"
    },
    {
        "wordCn": "镜子包",
        "wordFr": "sac effet miroir"
    },
    {
        "wordCn": "小号镜子包",
        "wordFr": "sac effet miroir petit modèle"
    },
    {
        "wordCn": "单肩包",
        "wordFr": "sac en bandoulière"
    },
    {
        "wordCn": "插扣皮革斜挎包",
        "wordFr": "sac en bandoulière cuir avec boucle"
    },
    {
        "wordCn": "纯棉提花背包",
        "wordFr": "sac en coton jacquard"
    },
    {
        "wordCn": "钩针手提袋",
        "wordFr": "sac en crochet"
    },
    {
        "wordCn": "皮革手袋",
        "wordFr": "sac en cuir"
    },
    {
        "wordCn": "真皮链带包",
        "wordFr": "sac en cuir avec chaîne"
    },
    {
        "wordCn": "单肩",
        "wordFr": "sac en cuir de veau saffiano"
    },
    {
        "wordCn": "鳄鱼压花皮革手提包",
        "wordFr": "sac en cuir embossé croco"
    },
    {
        "wordCn": "女包",
        "wordFr": "sac en cuir embossé crocodile"
    },
    {
        "wordCn": "珍珠鳄鱼纹手提包",
        "wordFr": "sac en cuir glacé à relief crocodile"
    },
    {
        "wordCn": "荔枝纹手提包",
        "wordFr": "sac en cuir grainé"
    },
    {
        "wordCn": "小牛皮皮包",
        "wordFr": "sac en cuir la medusa"
    },
    {
        "wordCn": "光面皮革手提包",
        "wordFr": "sac en cuir lisse"
    },
    {
        "wordCn": "马特拉斯纹皮包",
        "wordFr": "sac en cuir matelassé"
    },
    {
        "wordCn": "麂皮手提包",
        "wordFr": "sac en cuir velours"
    },
    {
        "wordCn": "麂皮手提包",
        "wordFr": "sac en daim"
    },
    {
        "wordCn": "人造皮草饰边云朵月亮包",
        "wordFr": "sac en format lune avec fausses fourrures"
    },
    {
        "wordCn": "双色提花、皮革贴片手提包",
        "wordFr": "sac en jacquard bicolore et empiècement en cuir"
    },
    {
        "wordCn": "绒面革包",
        "wordFr": "sac en nubuck"
    },
    {
        "wordCn": "马毛皮革包",
        "wordFr": "sac en poils de poney"
    },
    {
        "wordCn": "酒椰手提包",
        "wordFr": "sac en raphia"
    },
    {
        "wordCn": "小号酒椰包",
        "wordFr": "sac en raphia petit modèle"
    },
    {
        "wordCn": "羊皮革手提包",
        "wordFr": "sac en shearling"
    },
    {
        "wordCn": "绒面革、锈色流苏皮革手提包",
        "wordFr": "sac en suède et cuir rouille à franges"
    },
    {
        "wordCn": "羊皮革托特包",
        "wordFr": "sac en teddy de shearling"
    },
    {
        "wordCn": "帆布手提包",
        "wordFr": "sac en tissu"
    },
    {
        "wordCn": "帆布、皮革贴片手提包",
        "wordFr": "sac en toile avec empiècements en cuir"
    },
    {
        "wordCn": "编织手提包",
        "wordFr": "sac en tricot"
    },
    {
        "wordCn": "小牛皮皮包",
        "wordFr": "sac en veau"
    },
    {
        "wordCn": "单肩包",
        "wordFr": "sac en veau lisse"
    },
    {
        "wordCn": "绒面革手提包",
        "wordFr": "sac en velours"
    },
    {
        "wordCn": "羊毛皮信封包",
        "wordFr": "sac envelope en shearling"
    },
    {
        "wordCn": "花卉搭扣信封包",
        "wordFr": "sac envelope à boucle fleurs"
    },
    {
        "wordCn": "网袋",
        "wordFr": "sac filet"
    },
    {
        "wordCn": "平底",
        "wordFr": "sac flat"
    },
    {
        "wordCn": "大号月亮包",
        "wordFr": "sac format lune the bumper"
    },
    {
        "wordCn": "皮革托特包",
        "wordFr": "sac fourre-tout en cuir"
    },
    {
        "wordCn": "帆布托特包",
        "wordFr": "sac fourre-tout en toile"
    },
    {
        "wordCn": "时尚手袋",
        "wordFr": "sac go-go"
    },
    {
        "wordCn": "大号手提袋搭配帆布、小牛皮背带",
        "wordFr": "sac grand modèle avec strap toile et veau"
    },
    {
        "wordCn": "大号云朵月亮包",
        "wordFr": "sac grande taille forme en lune"
    },
    {
        "wordCn": "新月包",
        "wordFr": "sac hobo"
    },
    {
        "wordCn": "皮革新月包",
        "wordFr": "sac hobo en cuir"
    },
    {
        "wordCn": "牛皮流浪包",
        "wordFr": "sac hobo en cuir de veau grainé"
    },
    {
        "wordCn": "沙色流苏绒面革新月包",
        "wordFr": "sac hobo en suède sable à frange"
    },
    {
        "wordCn": "超大号字母花押挂毯新月包",
        "wordFr": "sac hobo maxi format en tapisserie monogramme"
    },
    {
        "wordCn": "中号单肩包",
        "wordFr": "sac hobo medium"
    },
    {
        "wordCn": "酒椰纤维金银纱小号新月包",
        "wordFr": "sac hobo petit modèle en raphia et lurex"
    },
    {
        "wordCn": "光面半月包",
        "wordFr": "sac hobo poli"
    },
    {
        "wordCn": "小号单肩包",
        "wordFr": "sac hobo small"
    },
    {
        "wordCn": "系结包袋",
        "wordFr": "sac knot"
    },
    {
        "wordCn": "大号手提包",
        "wordFr": "sac l"
    },
    {
        "wordCn": "此款",
        "wordFr": "sac large"
    },
    {
        "wordCn": "水桶包",
        "wordFr": "sac le soft curve"
    },
    {
        "wordCn": "迷你锁皮包",
        "wordFr": "sac lock mini en cuir box"
    },
    {
        "wordCn": "长款手提包",
        "wordFr": "sac long"
    },
    {
        "wordCn": "路易丝包",
        "wordFr": "sac louise"
    },
    {
        "wordCn": "款纺织面料、天然小牛皮女包",
        "wordFr": "sac luggage modèle textile et veau naturel"
    },
    {
        "wordCn": "中号手提袋",
        "wordFr": "sac m"
    },
    {
        "wordCn": "中号麂皮包",
        "wordFr": "sac m suede"
    },
    {
        "wordCn": "中号链环包",
        "wordFr": "sac maillon moyen modèle veau"
    },
    {
        "wordCn": "手提包",
        "wordFr": "sac marron"
    },
    {
        "wordCn": "中号手袋",
        "wordFr": "sac medium"
    },
    {
        "wordCn": "邮差包",
        "wordFr": "sac messenger"
    },
    {
        "wordCn": "邮差包",
        "wordFr": "sac messenger en raphia"
    },
    {
        "wordCn": "单肩邮差包",
        "wordFr": "sac messenger à bandoulière"
    },
    {
        "wordCn": "微型女包",
        "wordFr": "sac micro"
    },
    {
        "wordCn": "微型手袋",
        "wordFr": "sac micro olympia"
    },
    {
        "wordCn": "硅胶带纳米旋风包",
        "wordFr": "sac midi twister avec bandoulière en silicone"
    },
    {
        "wordCn": "迷你包",
        "wordFr": "sac mini"
    },
    {
        "wordCn": "迷你包",
        "wordFr": "sac mini en cuir embossé crocodile"
    },
    {
        "wordCn": "迷你酒椰手提包",
        "wordFr": "sac mini en raphia"
    },
    {
        "wordCn": "迷你包",
        "wordFr": "sac mini lock"
    },
    {
        "wordCn": "波纹迷你包",
        "wordFr": "sac mini moiré"
    },
    {
        "wordCn": "迷你购物包",
        "wordFr": "sac mini shopping"
    },
    {
        "wordCn": "迷你包",
        "wordFr": "sac mini à imprimé cœur effet tag"
    },
    {
        "wordCn": "迷你包",
        "wordFr": "sac mini "
    },
    {
        "wordCn": "中号手袋",
        "wordFr": "sac mm"
    },
    {
        "wordCn": "蜥蜴皮革手袋",
        "wordFr": "sac modèle lézard"
    },
    {
        "wordCn": "迷你款粉色提花包",
        "wordFr": "sac modèle mini en jacquard rose et"
    },
    {
        "wordCn": "缎面小牛皮中小号皮包",
        "wordFr": "sac modèle teen veau satiné"
    },
    {
        "wordCn": "软木纹牛皮革手袋",
        "wordFr": "sac modèle veau"
    },
    {
        "wordCn": "抛光牛皮革手袋",
        "wordFr": "sac modèle veau box"
    },
    {
        "wordCn": "鳄鱼纹压花牛皮革手袋",
        "wordFr": "sac modèle veau façon crocodile"
    },
    {
        "wordCn": "粒面牛皮革手袋",
        "wordFr": "sac modèle veau grainé"
    },
    {
        "wordCn": "月亮手袋",
        "wordFr": "sac moon"
    },
    {
        "wordCn": "中号手提包",
        "wordFr": "sac moyen"
    },
    {
        "wordCn": "中号酒椰手提包",
        "wordFr": "sac moyen en raphia"
    },
    {
        "wordCn": "中号帆布手提包",
        "wordFr": "sac moyen modèle en canvas"
    },
    {
        "wordCn": "中号绗缝皮革手提包",
        "wordFr": "sac moyen modèle en cuir matelassé"
    },
    {
        "wordCn": "中号蜥蜴皮手袋",
        "wordFr": "sac moyen modèle en lézard"
    },
    {
        "wordCn": "中号天然小牛皮手袋",
        "wordFr": "sac moyen modèle en veau naturel"
    },
    {
        "wordCn": "中号织物和牛皮革手袋",
        "wordFr": "sac moyen modèle textile et serpent whips"
    },
    {
        "wordCn": "中号织物和牛皮革手袋",
        "wordFr": "sac moyen modèle toile et veau"
    },
    {
        "wordCn": "中号光面小牛皮手提包",
        "wordFr": "sac moyen modèle veau lisse"
    },
    {
        "wordCn": "中号软木纹小牛皮手袋",
        "wordFr": "sac moyen modèle veau liégé"
    },
    {
        "wordCn": "中号粒面小牛皮手袋",
        "wordFr": "sac moyen modèle veau naturel"
    },
    {
        "wordCn": "中号缎面小牛皮革手袋",
        "wordFr": "sac moyen modèle veau satiné"
    },
    {
        "wordCn": "软牛皮中号手袋",
        "wordFr": "sac moyen modèle veau souple"
    },
    {
        "wordCn": "中号柔软粒面小牛皮手提包",
        "wordFr": "sac moyen modèle veau souple grainé"
    },
    {
        "wordCn": "单颗饰钉中号手提包",
        "wordFr": "sac moyen one stud"
    },
    {
        "wordCn": "中号购物包",
        "wordFr": "sac moyen shopping"
    },
    {
        "wordCn": "链条包",
        "wordFr": "sac moyen the shoulder bag en nappa avec chaîne"
    },
    {
        "wordCn": "迷你手提包",
        "wordFr": "sac musubi mini"
    },
    {
        "wordCn": "中号手提包",
        "wordFr": "sac médium"
    },
    {
        "wordCn": "小号迷你单肩包",
        "wordFr": "sac médium en cuir box"
    },
    {
        "wordCn": "纳米包",
        "wordFr": "sac nano"
    },
    {
        "wordCn": "硅胶带纳米旋风包",
        "wordFr": "sac nano twister avec bandoulière en silicone"
    },
    {
        "wordCn": "尼龙包",
        "wordFr": "sac nylon"
    },
    {
        "wordCn": "藤篮手袋",
        "wordFr": "sac panier"
    },
    {
        "wordCn": "草编&皮革中号手提包",
        "wordFr": "sac panier moyen"
    },
    {
        "wordCn": "小号提篮包",
        "wordFr": "sac panier small"
    },
    {
        "wordCn": "小号皮包",
        "wordFr": "sac petit en cuir"
    },
    {
        "wordCn": "小号手提包",
        "wordFr": "sac petit modèle"
    },
    {
        "wordCn": "小号绗缝皮革手提包",
        "wordFr": "sac petit modèle en cuir matelassé"
    },
    {
        "wordCn": "小号合成皮革手提包",
        "wordFr": "sac petit modèle en cuir synthétique"
    },
    {
        "wordCn": "小号提花包",
        "wordFr": "sac petit modèle en jacquard"
    },
    {
        "wordCn": "小号牛皮革手袋",
        "wordFr": "sac petit modèle veau naturel"
    },
    {
        "wordCn": "小号缎面牛皮革手袋",
        "wordFr": "sac petit modèle veau satiné"
    },
    {
        "wordCn": "印花标签效果小号手提包",
        "wordFr": "sac petit modèle à imprimé effet tag"
    },
    {
        "wordCn": "小号鳄鱼包",
        "wordFr": "sac petit modèle à relief crocodile"
    },
    {
        "wordCn": "小号手提包",
        "wordFr": "sac pm"
    },
    {
        "wordCn": "手拿包",
        "wordFr": "sac pochette"
    },
    {
        "wordCn": "斜挎包",
        "wordFr": "sac porté croisé"
    },
    {
        "wordCn": "斜挎包小牛皮",
        "wordFr": "sac porté croisé en cuir de veau"
    },
    {
        "wordCn": "单肩包",
        "wordFr": "sac porté epaule"
    },
    {
        "wordCn": "手提包",
        "wordFr": "sac porté main"
    },
    {
        "wordCn": "单肩包",
        "wordFr": "sac porté épaule"
    },
    {
        "wordCn": "色块款单肩包",
        "wordFr": "sac porté épaule en color block"
    },
    {
        "wordCn": "提花款单肩包",
        "wordFr": "sac porté épaule en jacquard"
    },
    {
        "wordCn": "单肩新月包",
        "wordFr": "sac porté épaule hobo"
    },
    {
        "wordCn": "签名款希腊回纹斜挎包",
        "wordFr": "sac porté épaule la greca signature"
    },
    {
        "wordCn": "中号单肩包",
        "wordFr": "sac porté épaule medium"
    },
    {
        "wordCn": "迷你单肩包",
        "wordFr": "sac porté épaule mini"
    },
    {
        "wordCn": "迷你单肩包",
        "wordFr": "sac porté épaule nano"
    },
    {
        "wordCn": "单颗饰钉单肩包",
        "wordFr": "sac porté épaule one stud"
    },
    {
        "wordCn": "小号单肩包",
        "wordFr": "sac porté épaule small"
    },
    {
        "wordCn": "单肩包",
        "wordFr": "sac porté épaule à logo stella"
    },
    {
        "wordCn": "零钱袋",
        "wordFr": "sac pouch"
    },
    {
        "wordCn": "立体皮革电脑包",
        "wordFr": "sac pour ordinateur armature cuir"
    },
    {
        "wordCn": "圆款手提包",
        "wordFr": "sac rond la"
    },
    {
        "wordCn": "圆形斜挎包",
        "wordFr": "sac rond porté croisé"
    },
    {
        "wordCn": "圆形单肩包",
        "wordFr": "sac rond à bandoulière"
    },
    {
        "wordCn": "小号手提袋",
        "wordFr": "sac s"
    },
    {
        "wordCn": "小号麂皮包",
        "wordFr": "sac s suede"
    },
    {
        "wordCn": "马鞍包",
        "wordFr": "sac saddle"
    },
    {
        "wordCn": "迷你马鞍包",
        "wordFr": "sac saddle mini"
    },
    {
        "wordCn": "圣莫尼卡手提包",
        "wordFr": "sac santa monica"
    },
    {
        "wordCn": "桶包",
        "wordFr": "sac seau"
    },
    {
        "wordCn": "中小号光面小牛皮桶包",
        "wordFr": "sac seau 16 teen modèle veau lisse"
    },
    {
        "wordCn": "纺织面料与小牛皮桶包",
        "wordFr": "sac seau 16 textile et veau"
    },
    {
        "wordCn": "拼色皮革水桶包",
        "wordFr": "sac seau en cuir colorblock"
    },
    {
        "wordCn": "桶包",
        "wordFr": "sac seau la"
    },
    {
        "wordCn": "凯旋帆布中号水桶包",
        "wordFr": "sac seau moyen modèle en toile triomphe"
    },
    {
        "wordCn": "折纸款水桶包",
        "wordFr": "sac seau origami"
    },
    {
        "wordCn": "酒椰纤维纯棉小号桶包",
        "wordFr": "sac seau petit modèle en raphia et coton"
    },
    {
        "wordCn": "小号抽绳帆布包",
        "wordFr": "sac seau petit modèle toile"
    },
    {
        "wordCn": "小号标志印花桶包",
        "wordFr": "sac seau petit modèle toile triomphe et veau"
    },
    {
        "wordCn": "手袋",
        "wordFr": "sac seau since 1854"
    },
    {
        "wordCn": "购物包",
        "wordFr": "sac shopping"
    },
    {
        "wordCn": "大号提花购物包",
        "wordFr": "sac shopping grand modèle en jacquard"
    },
    {
        "wordCn": "小号单肩手提包",
        "wordFr": "sac shoulder pouch"
    },
    {
        "wordCn": "小号手提包",
        "wordFr": "sac small"
    },
    {
        "wordCn": "刺绣标识柔软包袋",
        "wordFr": "sac soft"
    },
    {
        "wordCn": "光面小牛皮大号软手提包",
        "wordFr": "sac soft large veau lisse"
    },
    {
        "wordCn": "中号柔软小牛皮手提包",
        "wordFr": "sac soft moyen modèle veau lisse"
    },
    {
        "wordCn": "小号柔软面手提包",
        "wordFr": "sac soft petit modèle"
    },
    {
        "wordCn": "迷你运动包",
        "wordFr": "sac sport mini"
    },
    {
        "wordCn": "小号运动款手提包",
        "wordFr": "sac sport petit modèle"
    },
    {
        "wordCn": "手提包",
        "wordFr": "sac teen"
    },
    {
        "wordCn": "手提包",
        "wordFr": "sac textile et veau"
    },
    {
        "wordCn": "云朵包",
        "wordFr": "sac the bumper"
    },
    {
        "wordCn": "单肩包",
        "wordFr": "sac the bundle"
    },
    {
        "wordCn": "小号手袋",
        "wordFr": "sac the pm"
    },
    {
        "wordCn": "标志印花和牛皮革手袋",
        "wordFr": "sac toile et veau"
    },
    {
        "wordCn": "标志印花手袋",
        "wordFr": "sac toile triomphe"
    },
    {
        "wordCn": "托特包",
        "wordFr": "sac tote"
    },
    {
        "wordCn": "小号托特包",
        "wordFr": "sac tote small"
    },
    {
        "wordCn": "标识托特包",
        "wordFr": "sac tote à logo"
    },
    {
        "wordCn": "标志印花三角形手袋",
        "wordFr": "sac triangle toile triomphe avec imprimé celine"
    },
    {
        "wordCn": "信封式手拿包",
        "wordFr": "sac trine"
    },
    {
        "wordCn": "纺织面料、天然小牛皮中小号手提包",
        "wordFr": "sac triomphe modèle teen en textile et veau naturel"
    },
    {
        "wordCn": "柔软风琴包",
        "wordFr": "sac trunk soft en cuir de veau tanné"
    },
    {
        "wordCn": "光滑牛皮革手袋",
        "wordFr": "sac veau lisse"
    },
    {
        "wordCn": "刺绣装饰光面皮革手提包",
        "wordFr": "sac veau lissed avec broderie"
    },
    {
        "wordCn": "小号刺绣织物竖款手袋",
        "wordFr": "sac vertical petit modèle textile avec broderies triomphe"
    },
    {
        "wordCn": "复古手提包",
        "wordFr": "sac vintage"
    },
    {
        "wordCn": "加大号手提袋",
        "wordFr": "sac xl"
    },
    {
        "wordCn": "迷你手提包",
        "wordFr": "sac xx mini"
    },
    {
        "wordCn": "拉链包",
        "wordFr": "sac zip"
    },
    {
        "wordCn": "小号拉链手袋",
        "wordFr": "sac zip small"
    },
    {
        "wordCn": "拉链包",
        "wordFr": "sac zippé"
    },
    {
        "wordCn": "垂穗拉链女包",
        "wordFr": "sac zippé avec dragonne"
    },
    {
        "wordCn": "肩带包",
        "wordFr": "sac à bandoulière"
    },
    {
        "wordCn": "拼色单肩包",
        "wordFr": "sac à bandoulière colorblock"
    },
    {
        "wordCn": "皮革挎包",
        "wordFr": "sac à bandoulière en cuir"
    },
    {
        "wordCn": "尼龙、拉绒皮革单肩包",
        "wordFr": "sac à bandoulière en nylon et cuir brossé"
    },
    {
        "wordCn": "斜挎包",
        "wordFr": "sac à bandoulière the"
    },
    {
        "wordCn": "斜挎包",
        "wordFr": "sac à bandoulière the logo strap"
    },
    {
        "wordCn": "标识肩带包",
        "wordFr": "sac à bandoulière à logo"
    },
    {
        "wordCn": "双肩包",
        "wordFr": "sac à dos"
    },
    {
        "wordCn": "背包",
        "wordFr": "sac à dos en cuir lisse"
    },
    {
        "wordCn": "麂皮双肩包",
        "wordFr": "sac à dos en daim"
    },
    {
        "wordCn": "中号双肩包",
        "wordFr": "sac à dos medium"
    },
    {
        "wordCn": "带标识包",
        "wordFr": "sac à logo"
    },
    {
        "wordCn": "手提包",
        "wordFr": "sac à main"
    },
    {
        "wordCn": "立体皮革单肩包",
        "wordFr": "sac à main armature cuir"
    },
    {
        "wordCn": "小号手提包",
        "wordFr": "sac à main moyen en veau grainé"
    },
    {
        "wordCn": "中号手提包",
        "wordFr": "sac à main moyen la"
    },
    {
        "wordCn": "软质皮革手提包",
        "wordFr": "sac à main soft en cuir"
    },
    {
        "wordCn": "”手提包",
        "wordFr": "sac à main the 38"
    },
    {
        "wordCn": "翻盖手提包",
        "wordFr": "sac à rabat"
    },
    {
        "wordCn": "条纹包",
        "wordFr": "sac à rayures"
    },
    {
        "wordCn": "鳄鱼包",
        "wordFr": "sac à relief crocodile"
    },
    {
        "wordCn": "蜥蜴皮包",
        "wordFr": "sac à relief lézard"
    },
    {
        "wordCn": "斜挎包",
        "wordFr": "sacà bandoulière the"
    },
    {
        "wordCn": "帆布束带",
        "wordFr": "sangle en toile"
    },
    {
        "wordCn": "购物袋",
        "wordFr": "shopping"
    },
    {
        "wordCn": "标志印花牛皮革肩背包",
        "wordFr": "shoulder bag toile et veau"
    },
    {
        "wordCn": "天然小牛皮单肩包",
        "wordFr": "shoulder bag veau naturel"
    },
    {
        "wordCn": "缎面小牛皮单肩包",
        "wordFr": "shoulder bag veau satiné"
    },
    {
        "wordCn": "小号手袋",
        "wordFr": "small vanity"
    },
    {
        "wordCn": "斜纹软呢、小牛皮中小号包",
        "wordFr": "teen en tweed et veau"
    },
    {
        "wordCn": "帆布亮片手提袋",
        "wordFr": "toile et pailettes"
    },
    {
        "wordCn": "帆布亮片手提袋",
        "wordFr": "toile et paillettes"
    },
    {
        "wordCn": "托特包",
        "wordFr": "tote bag"
    },
    {
        "wordCn": "软质托特包",
        "wordFr": "tote bag soft"
    },
    {
        "wordCn": "真皮托特包",
        "wordFr": "tote en cuir"
    },
    {
        "wordCn": "大号托特包",
        "wordFr": "tote ruban duo gm"
    },
    {
        "wordCn": "大号托特包",
        "wordFr": "tote ruban gm"
    },
    {
        "wordCn": "手提袋",
        "wordFr": "tote ruban mm"
    },
    {
        "wordCn": "小号缎带手提袋",
        "wordFr": "tote ruban pm"
    },
    {
        "wordCn": "中号化妆包",
        "wordFr": "trousse de toilette moyenne"
    },
    {
        "wordCn": "登机行李箱",
        "wordFr": "valise cabin"
    },
    {
        "wordCn": "系列小号登机行李箱",
        "wordFr": "valise cabin s"
    },
    {
        "wordCn": "大号托运行李箱",
        "wordFr": "valise check-in l"
    },
    {
        "wordCn": "系列中号入住行李箱",
        "wordFr": "valise check-in m"
    },
    {
        "wordCn": "经典登机箱",
        "wordFr": "valise classic cabin"
    },
    {
        "wordCn": "光面小牛皮手提包",
        "wordFr": "veau lisse"
    },
    {
        "wordCn": "配小袋的链带皮夹",
        "wordFr": "wallet on chain avec pochettes"
    }
]