[{
	"name_fr": "Bonnet en maille de laine mélangée avec patch logo",
	"name_zh": "Logo贴片羊毛混纺针织便帽",
	"url_fr": "/fr-fr/p/stone-island/enfant-gar%c3%a7on/76I-OFE085?ColorId=VjBNNjQ1&amp;lvrid=_p_dDWE_gkb"
}, {
	"name_fr": "Sac à dos en toile de coton à carreaux",
	"name_zh": "格纹印花棉质帆布双肩包",
	"url_fr": "/fr-fr/p/burberry/enfant-gar%c3%a7on/76I-18O079?ColorId=QTcwMjY1&amp;lvrid=_p_d335_gkb"
}, {
	"name_fr": "Bonnet en maille de laine mélangée avec patch logo",
	"name_zh": "Logo贴片羊毛混纺针织便帽",
	"url_fr": "/fr-fr/p/stone-island/enfant-gar%c3%a7on/76I-OFE085?ColorId=VjAwMjA1&amp;lvrid=_p_dDWE_gkb"
}, {
	"name_fr": "Sac à dos en nylon imprimé logo",
	"name_zh": "Logo印花尼龙双肩包",
	"url_fr": "/fr-fr/p/dolce-gabbana/enfant-gar%c3%a7on/76I-Z5Y058?ColorId=ODA5OTk1&amp;lvrid=_p_d008_gkb"
}, {
	"name_fr": "Bonnet en cachemire côtelé avec patch logo",
	"name_zh": "Logo贴片罗纹羊绒便帽",
	"url_fr": "/fr-fr/p/brunello-cucinelli/enfant-gar%c3%a7on/76I-4ED074?ColorId=QzA1OA2&amp;lvrid=_p_d4CX_gkb"
}, {
	"name_fr": "Sac à dos en fausse fourrure avec oreilles",
	"name_zh": "耳朵装饰人造皮草双肩包",
	"url_fr": "/fr-fr/p/molo/enfant-gar%c3%a7on/76I-1BE057?ColorId=ODU1Nw2&amp;lvrid=_p_dODW_gkb"
}, {
	"name_fr": "Foulard en maille torsadée de laine à logo",
	"name_zh": "Logo羊毛扭绳针织围巾",
	"url_fr": "/fr-fr/p/moncler/enfant-gar%c3%a7on/76I-4EP027?ColorId=Nzc40&amp;lvrid=_p_d025_gkb"
}, {
	"name_fr": "Bandeau en jacquard à logo",
	"name_zh": "Logo提花帽子",
	"url_fr": "/fr-fr/p/gucci/enfant-gar%c3%a7on/76I-YXC034?ColorId=NDg3NA2&amp;lvrid=_p_d386_gkb"
}, {
	"name_fr": "Bob en gabardine de coton",
	"name_zh": "棉质华达呢渔夫帽",
	"url_fr": "/fr-fr/p/palm-angels/enfant-gar%c3%a7on/76I-Z4T005?ColorId=MTAwMQ2&amp;lvrid=_p_dJRV_gkb"
}, {
	"name_fr": "Casquette en coton à logo brodé",
	"name_zh": "Logo刺绣棉质棒球帽",
	"url_fr": "/fr-fr/p/n%c2%b021/enfant-gar%c3%a7on/76I-18K012?ColorId=ME45MDA1&amp;lvrid=_p_dM7M_gkb"
}, {
	"name_fr": "Casquette en gabardine de coton et teddy",
	"name_zh": "棉质华达呢&amp;毛绒棒球帽",
	"url_fr": "/fr-fr/p/moschino/enfant-gar%c3%a7on/76I-1C1106?ColorId=NjAxMDA1&amp;lvrid=_p_d026_gkb"
}, {
	"name_fr": "Ceinture élastique avec détail web",
	"name_zh": "织带细节弹力腰带",
	"url_fr": "/fr-fr/p/gucci/enfant-gar%c3%a7on/76I-YXC059?ColorId=ODQ5Nw2&amp;lvrid=_p_d386_gkb"
}, {
	"name_fr": "Écharpe en maille de laine GG",
	"name_zh": "GG羊毛针织围巾",
	"url_fr": "/fr-fr/p/gucci/enfant-gar%c3%a7on/76I-YXC040?ColorId=NDgwMA2&amp;lvrid=_p_d386_gkb"
}, {
	"name_fr": "Sac à langer en nylon à logo",
	"name_zh": "Logo尼龙妈咪包",
	"url_fr": "/fr-fr/p/boss/enfant-gar%c3%a7on/76I-OFS081?ColorId=ODQ50&amp;lvrid=_p_dGZ5_gkb"
}, {
	"name_fr": "Bonnet en laine mélangée à logo caoutchouté",
	"name_zh": "橡胶处理logo羊毛混纺便帽",
	"url_fr": "/fr-fr/p/dsquared2/enfant-gar%c3%a7on/76I-LXM042?ColorId=RFE5MDA1&amp;lvrid=_p_d117_gkb"
}, {
	"name_fr": "Peluche lapin en fausse fourrure avec logo",
	"name_zh": "Logo人造皮草兔子玩具",
	"url_fr": "/fr-fr/p/boss/enfant-gar%c3%a7on/76I-OFS082?ColorId=MTBC0&amp;lvrid=_p_dGZ5_gkb"
}, {
	"name_fr": "Ceinture à logo 2 cm",
	"name_zh": "2厘米logo腰带",
	"url_fr": "/fr-fr/p/gucci/enfant-gar%c3%a7on/76I-YXC057?ColorId=OTc0Mg2&amp;lvrid=_p_d386_gkb"
}, {
	"name_fr": "Sac &amp; matelas à langer en toile imprimé logo",
	"name_zh": "Logo印花帆布妈咪包&amp;更换垫",
	"url_fr": "/fr-fr/p/balmain/enfant-gar%c3%a7on/76I-19K051?ColorId=MTA1TkU1&amp;lvrid=_p_dG5B_gkb"
}, {
	"name_fr": "Bob en coton mélangé à carreaux",
	"name_zh": "格纹混棉渔夫帽",
	"url_fr": "/fr-fr/p/burberry/enfant-gar%c3%a7on/75I-1A0027?ColorId=QTcwMjY1&amp;lvrid=_p_d335_gkb"
}, {
	"name_fr": "Couverture en maille de laine et coton biologique",
	"name_zh": "有机棉&amp;羊毛针织毯子",
	"url_fr": "/fr-fr/p/stella-mccartney-kids/enfant-gar%c3%a7on/76I-1C9073?ColorId=OTA10&amp;lvrid=_p_dDWS_gkb"
}, {
	"name_fr": "Couverture en nylon matelassée Longue Saison",
	"name_zh": "Longue Saison logo绗缝尼龙毯子",
	"url_fr": "/fr-fr/p/moncler/enfant-gar%c3%a7on/75I-4DO014?ColorId=MDQy0&amp;lvrid=_p_d025_gkb"
}, {
	"name_fr": "Sac à langer en nylon à logo",
	"name_zh": "周身logo印花尼龙妈咪包",
	"url_fr": "/fr-fr/p/boss/enfant-gar%c3%a7on/75I-1A9096?ColorId=QTMz0&amp;lvrid=_p_dGZ5_gkb"
}, {
	"name_fr": "Ours en peluche avec sweat-shirt à logo",
	"name_zh": "Logo卫衣泰迪熊",
	"url_fr": "/fr-fr/p/givenchy/enfant-gar%c3%a7on/75I-93C041?ColorId=MTBC0&amp;lvrid=_p_d471_gkb"
}, {
	"name_fr": "Parure de lit en coton biologique Teddy Bear",
	"name_zh": "泰迪熊印花有机棉床单套装",
	"url_fr": "/fr-fr/p/snurk/enfant-gar%c3%a7on/76I-4CD026?ColorId=VEVERFkgQkFCWQ2&amp;lvrid=_p_dVMV_gkb"
}, {
	"name_fr": "Parure de lit en coton biologique Animals",
	"name_zh": "动物印花有机棉床单套装",
	"url_fr": "/fr-fr/p/snurk/enfant-gar%c3%a7on/76I-4CD025?ColorId=V0lMRCBGUklFTkRT0&amp;lvrid=_p_dVMV_gkb"
}, {
	"name_fr": "Parure de lit en coton biologique Animals",
	"name_zh": "动物印花有机棉床单套装",
	"url_fr": "/fr-fr/p/snurk/enfant-gar%c3%a7on/76I-4CD024?ColorId=RlVSUlkgRlJJRU5EUw2&amp;lvrid=_p_dVMV_gkb"
}, {
	"name_fr": "Couverture en coton interlock imprimé logo",
	"name_zh": "Logo印花棉质双面布毯子",
	"url_fr": "/fr-fr/p/balmain/enfant-gar%c3%a7on/75I-LYO015?ColorId=MTAwTkU1&amp;lvrid=_p_dG5B_gkb"
}, {
	"name_fr": "Bob en coton à patch logo",
	"name_zh": "Logo贴片棉质渔夫帽",
	"url_fr": "/fr-fr/p/dolce-gabbana/enfant-gar%c3%a7on/75I-6SR043?ColorId=VjQ2NTU1&amp;lvrid=_p_d008_gkb"
}, {
	"name_fr": "Couverture en coton imprimé",
	"name_zh": "印花棉质毯子",
	"url_fr": "/fr-fr/p/roberto-cavalli/enfant-gar%c3%a7on/75I-4CO025?ColorId=VDA4MDc1&amp;lvrid=_p_d029_gkb"
}, {
	"name_fr": "Casquette en coton à logo",
	"name_zh": "Logo棉质棒球帽",
	"url_fr": "/fr-fr/p/moncler/enfant-gar%c3%a7on/75I-4DO004?ColorId=NzQy0&amp;lvrid=_p_d025_gkb"
}, {
	"name_fr": "Ceinture avec logo",
	"name_zh": "Logo腰带",
	"url_fr": "/fr-fr/p/gucci/enfant-gar%c3%a7on/75I-FHA026?ColorId=ODQ3OQ2&amp;lvrid=_p_d386_gkb"
}, {
	"name_fr": "Couverture en cachemire GG",
	"name_zh": "GG羊绒毯子",
	"url_fr": "/fr-fr/p/gucci/enfant-gar%c3%a7on/75I-FHA012?ColorId=OTc2NA2&amp;lvrid=_p_d386_gkb"
}, {
	"name_fr": "Lunettes de soleil en polycarbonate",
	"name_zh": "聚碳酸酯太阳镜",
	"url_fr": "/fr-fr/p/molo/enfant-gar%c3%a7on/75I-WVK003?ColorId=NzU3NQ2&amp;lvrid=_p_dODW_gkb"
}, {
	"name_fr": "Lunettes de soleil en polyéthylène mélangé recyclé",
	"name_zh": "再生混合聚乙烯太阳镜",
	"url_fr": "/fr-fr/p/molo/enfant-gar%c3%a7on/75I-WVK001?ColorId=ODQ1NQ2&amp;lvrid=_p_dODW_gkb"
}, {
	"name_fr": "Serviette en coton imprimé Baroque",
	"name_zh": "巴洛克印花棉质毛巾",
	"url_fr": "/fr-fr/p/versace/enfant-gar%c3%a7on/75I-1V1079?ColorId=NUIwMDA1&amp;lvrid=_p_dN5F_gkb"
}, {
	"name_fr": "Sac de couchage en sergé de coton matelassé à logo",
	"name_zh": "Logo绗缝棉质斜纹睡袋",
	"url_fr": "/fr-fr/p/burberry/enfant-gar%c3%a7on/75I-1A0023?ColorId=QTcwMjY1&amp;lvrid=_p_d335_gkb"
}, {
	"name_fr": "Casquette en gabardine de coton à logo",
	"name_zh": "Logo棉质华达呢棒球帽",
	"url_fr": "/fr-fr/p/burberry/enfant-gar%c3%a7on/75I-1A0030?ColorId=QTEyMjI1&amp;lvrid=_p_d335_gkb"
}, {
	"name_fr": "Écharpe en coton jacquard",
	"name_zh": "提花纯棉围巾",
	"url_fr": "/fr-fr/p/off-white/enfant-gar%c3%a7on/74I-19E042?ColorId=NTYxMA2&amp;lvrid=_p_dJRD_gkb"
}, {
	"name_fr": "Lapin en peluche douce",
	"name_zh": "柔软兔子毛绒玩具",
	"url_fr": "/fr-fr/p/tartine-et-chocolat/enfant-gar%c3%a7on/76I-4C2017?ColorId=MTE1&amp;lvrid=_p_d8ZF_gkb"
}, {
	"name_fr": "Ours en peluche douce",
	"name_zh": "柔软小熊毛绒玩具",
	"url_fr": "/fr-fr/p/tartine-et-chocolat/enfant-gar%c3%a7on/76I-4C2008?ColorId=MTE1&amp;lvrid=_p_d8ZF_gkb"
}, {
	"name_fr": "Mouton peluche en coton",
	"name_zh": "柔软绵羊玩具",
	"url_fr": "/fr-fr/p/tartine-et-chocolat/enfant-gar%c3%a7on/76I-4C2006?ColorId=MTE1&amp;lvrid=_p_d8ZF_gkb"
}, {
	"name_fr": "Chien peluche en coton",
	"name_zh": "Dog柔软毛绒玩具",
	"url_fr": "/fr-fr/p/tartine-et-chocolat/enfant-gar%c3%a7on/76I-4C2005?ColorId=MjE1&amp;lvrid=_p_d8ZF_gkb"
}, {
	"name_fr": "Ceinture en cuir avec boucle logo",
	"name_zh": "LOGO搭扣皮革腰带",
	"url_fr": "/fr-fr/p/dolce-gabbana/enfant-gar%c3%a7on/74I-IKJ013?ColorId=ODA5OTk1&amp;lvrid=_p_d008_gkb"
}, {
	"name_fr": "BOB EN NYLON IMPRIMÉ LOGO",
	"name_zh": "LOGO印花尼龙渔夫帽",
	"url_fr": "/fr-fr/p/balmain/enfant-gar%c3%a7on/74I-19K036?ColorId=NzIw0&amp;lvrid=_p_dG5B_gkb"
}, {
	"name_fr": "Bonnet en maille de laine vierge à logo",
	"name_zh": "Logo初剪羊毛针织便帽",
	"url_fr": "/fr-fr/p/moncler/enfant-gar%c3%a7on/74I-FI4050?ColorId=OTk50&amp;lvrid=_p_d025_gkb"
}, {
	"name_fr": "Sac à langer en nylon à logo",
	"name_zh": "Logo尼龙妈咪包",
	"url_fr": "/fr-fr/p/boss/enfant-gar%c3%a7on/75I-1A9095?ColorId=MDlC0&amp;lvrid=_p_dGZ5_gkb"
}, {
	"name_fr": "Lunettes de soleil en polycarbonate",
	"name_zh": "聚碳酸酯太阳镜",
	"url_fr": "/fr-fr/p/molo/enfant-gar%c3%a7on/75I-WVK002?ColorId=MjQ2MA2&amp;lvrid=_p_dODW_gkb"
}, {
	"name_fr": "Bonnet en maille de laine mélangée à logo",
	"name_zh": "Logo羊毛混纺针织便帽",
	"url_fr": "/fr-fr/p/moncler/enfant-gar%c3%a7on/74I-FI4045?ColorId=OTU20&amp;lvrid=_p_d025_gkb"
}, {
	"name_fr": "Gants en maille de laine mélangée à logo",
	"name_zh": "Logo羊毛混纺针织手套",
	"url_fr": "/fr-fr/p/moncler/enfant-gar%c3%a7on/74I-FI4047?ColorId=OTU20&amp;lvrid=_p_d025_gkb"
}, {
	"name_fr": "Porte-clés Medusa",
	"name_zh": "美杜莎钥匙链",
	"url_fr": "/fr-fr/p/versace/enfant-gar%c3%a7on/74I-LXR052?ColorId=MUIwMFY1&amp;lvrid=_p_dN5F_gkb"
}, {
	"name_fr": "Écharpe en coton jacquard",
	"name_zh": "提花纯棉围巾",
	"url_fr": "/fr-fr/p/off-white/enfant-gar%c3%a7on/74I-19E042?ColorId=MTAwMQ2&amp;lvrid=_p_dJRD_gkb"
}, {
	"name_fr": "Housse de couette &amp; taie d'oreiller en coton bio",
	"name_zh": "印花有机棉毯子&amp;抱枕",
	"url_fr": "/fr-fr/p/liewood/enfant-gar%c3%a7on/74I-4C3015?ColorId=OTc4MA2&amp;lvrid=_p_d4C3_gkb"
}, {
	"name_fr": "Housse de couette &amp; taie d'oreiller en coton bio",
	"name_zh": "动物印花有机棉毯子&amp;抱枕",
	"url_fr": "/fr-fr/p/liewood/enfant-gar%c3%a7on/74I-4C3008?ColorId=MTE1MA2&amp;lvrid=_p_d4C3_gkb"
}, {
	"name_fr": "Casquette en gabardine de coton à carreaux",
	"name_zh": "格纹棉质华达呢棒球帽",
	"url_fr": "/fr-fr/p/burberry/enfant-gar%c3%a7on/75I-1A0038?ColorId=QTcwMjg1&amp;lvrid=_p_d335_gkb"
}, {
	"name_fr": "Couverture en maille de laine et cachemire",
	"name_zh": "羊绒&amp;羊毛嵌花针织毯子",
	"url_fr": "/fr-fr/p/burberry/enfant-gar%c3%a7on/74I-19N054?ColorId=QTI0MjI1&amp;lvrid=_p_d335_gkb"
}, {
	"name_fr": "Bonnet en laine vierge à logo",
	"name_zh": "Logo初剪羊毛便帽",
	"url_fr": "/fr-fr/p/moncler/enfant-gar%c3%a7on/74I-FI4052?ColorId=NDU10&amp;lvrid=_p_d025_gkb"
}, {
	"name_fr": "SAC BANANE EN NYLON AVEC LOGO",
	"name_zh": "LOGO印花尼龙腰包",
	"url_fr": "/fr-fr/p/dolce-gabbana/enfant-gar%c3%a7on/72I-8YQ045?ColorId=SE5OTVc1&amp;lvrid=_p_d008_gkb"
}, {
	"name_fr": "Casquette en coton",
	"name_zh": "纯棉棒球帽",
	"url_fr": "/fr-fr/p/burberry/enfant-gar%c3%a7on/74I-1VI036?ColorId=QTE0NjQ1&amp;lvrid=_p_d335_gkb"
}, {
	"name_fr": "CASQUETTE EN TOILE DE COTON \"GG SUPREME\"",
	"name_zh": "GG SUPREME棉帆布司机帽",
	"url_fr": "/fr-fr/p/gucci/enfant-gar%c3%a7on/73I-LAS054?ColorId=MjE2OA2&amp;lvrid=_p_d386_gkb"
}, {
	"name_fr": "CEINTURE EN CUIR AVEC LOGO EMBOSSÉ",
	"name_zh": "LOGO压纹皮革腰带",
	"url_fr": "/fr-fr/p/gucci/enfant-gar%c3%a7on/71I-LAS018?ColorId=MTAwMA2&amp;lvrid=_p_d386_gkb"
}, {
	"name_fr": "Casquette en gabardine de coton",
	"name_zh": "棉质华达呢棒球帽",
	"url_fr": "/fr-fr/p/off-white/enfant-gar%c3%a7on/74I-19E045?ColorId=NDYxOA2&amp;lvrid=_p_dJRD_gkb"
}, {
	"name_fr": "Ceinture en simili-cuir GG",
	"name_zh": "GG仿皮腰带",
	"url_fr": "/fr-fr/p/gucci/enfant-gar%c3%a7on/74I-191001?ColorId=OTc5Mg2&amp;lvrid=_p_d386_gkb"
}, {
	"name_fr": "Écharpe en coton jacquard",
	"name_zh": "提花纯棉围巾",
	"url_fr": "/fr-fr/p/off-white/enfant-gar%c3%a7on/74I-19E043?ColorId=MjUwMQ2&amp;lvrid=_p_dJRD_gkb"
}, {
	"name_fr": "Gants de ski en nylon technique à logo",
	"name_zh": "Logo科技织物尼龙滑雪手套",
	"url_fr": "/fr-fr/p/moncler-grenoble/enfant-gar%c3%a7on/74I-LXV015?ColorId=NTI10&amp;lvrid=_p_dL72_gkb"
}, {
	"name_fr": "BOB EN COTON MÉLANGÉ \"GG SUPREME\"",
	"name_zh": "GG SUPREME LOGO混棉渔夫帽",
	"url_fr": "/fr-fr/p/gucci/enfant-gar%c3%a7on/73I-LAS053?ColorId=MjE2OA2&amp;lvrid=_p_d386_gkb"
}, {
	"name_fr": "Ceinture en cuir avec boucle Medusa",
	"name_zh": "Medusa搭扣皮革腰带",
	"url_fr": "/fr-fr/p/versace/enfant-gar%c3%a7on/74I-LXR050?ColorId=MUIwMFY1&amp;lvrid=_p_dN5F_gkb"
}, {
	"name_fr": "COUVERTURE EN LAINE JACQUARD",
	"name_zh": "LOGO提花羊毛毯子",
	"url_fr": "/fr-fr/p/gucci/enfant-gar%c3%a7on/72I-LAS002?ColorId=OTI2Mw2&amp;lvrid=_p_d386_gkb"
}, {
	"name_fr": "Sac de couchage en nylon à capuche",
	"name_zh": "Logo连帽尼龙羽绒睡袋",
	"url_fr": "/fr-fr/p/moncler/enfant-gar%c3%a7on/74I-FI4005?ColorId=MDQy0&amp;lvrid=_p_d025_gkb"
}, {
	"name_fr": "Bonnet en maille de coton avec patch logo",
	"name_zh": "LOGO贴片棉质针织便帽",
	"url_fr": "/fr-fr/p/moncler/enfant-gar%c3%a7on/74I-FI4019?ColorId=OTg10&amp;lvrid=_p_d025_gkb"
}, {
	"name_fr": "Ours en peluche en laine mérinos à carreaux",
	"name_zh": "格纹美利奴羊毛小熊玩具",
	"url_fr": "/fr-fr/p/burberry/enfant-gar%c3%a7on/74I-1VI033?ColorId=QTcwMjY1&amp;lvrid=_p_d335_gkb"
}, {
	"name_fr": "Couverture en laine mélangée à logo GG",
	"name_zh": "GG logo羊毛混纺毯子",
	"url_fr": "/fr-fr/p/gucci/enfant-gar%c3%a7on/74I-191044?ColorId=NDg3Nw2&amp;lvrid=_p_d386_gkb"
}, {
	"name_fr": "CEINTURE ÉLASTIQUE AVEC DÉTAILS WEB",
	"name_zh": "织带细节松紧腰带",
	"url_fr": "/fr-fr/p/gucci/enfant-gar%c3%a7on/71I-LAS020?ColorId=ODQ5Nw2&amp;lvrid=_p_d386_gkb"
}, {
	"name_fr": "CRAVATE EN SOIE ET LAINE IMPRIMÉ LOGO",
	"name_zh": "LOGO印花羊毛&amp;真丝领带",
	"url_fr": "/fr-fr/p/gucci/enfant-gar%c3%a7on/72I-LAS010?ColorId=NDE3Nw2&amp;lvrid=_p_d386_gkb"
}, {
	"name_fr": "Sac à langer en nylon à logo",
	"name_zh": "Logo尼龙妈咪包",
	"url_fr": "/fr-fr/p/boss/enfant-gar%c3%a7on/76I-OFS080?ColorId=MDlC0&amp;lvrid=_p_dGZ5_gkb"
}, {
	"name_fr": "Sac &amp; matelas à langer en simili-cuir",
	"name_zh": "仿皮妈咪包&amp;尿布垫",
	"url_fr": "/fr-fr/p/karl-lagerfeld/enfant-gar%c3%a7on/76I-OFN037?ColorId=MDlC0&amp;lvrid=_p_d3HD_gkb"
}, {
	"name_fr": "Sac à dos en nylon à logo",
	"name_zh": "Logo尼龙双肩包",
	"url_fr": "/fr-fr/p/boss/enfant-gar%c3%a7on/76I-OFS101?ColorId=ODQ50&amp;lvrid=_p_dGZ5_gkb"
}, {
	"name_fr": "Bonnet en coton avec patch logo avec pompon",
	"name_zh": "Logo贴片绒球棉质便帽",
	"url_fr": "/fr-fr/p/boss/enfant-gar%c3%a7on/76I-OFS095?ColorId=MjY50&amp;lvrid=_p_dGZ5_gkb"
}, {
	"name_fr": "Sac à dos en nylon imprimé",
	"name_zh": "印花尼龙双肩包",
	"url_fr": "/fr-fr/p/marc-jacobs-the/enfant-gar%c3%a7on/76I-4DQ127?ColorId=WDU40&amp;lvrid=_p_d124_gkb"
}, {
	"name_fr": "Bonnet en maille de laine mélangée mérinos",
	"name_zh": "美利奴羊毛混纺针织便帽",
	"url_fr": "/fr-fr/p/barrow/enfant-gar%c3%a7on/76I-1CN015?ColorId=MTEw0&amp;lvrid=_p_dBRW_gkb"
}, {
	"name_fr": "Mouton en peluche douce",
	"name_zh": "柔软绵羊毛绒玩具",
	"url_fr": "/fr-fr/p/tartine-et-chocolat/enfant-gar%c3%a7on/76I-4C2007?ColorId=MTE1&amp;lvrid=_p_d8ZF_gkb"
}, {
	"name_fr": "Chien en peluche douce",
	"name_zh": "柔软小狗毛绒玩具",
	"url_fr": "/fr-fr/p/tartine-et-chocolat/enfant-gar%c3%a7on/76I-4C2004?ColorId=MjE1&amp;lvrid=_p_d8ZF_gkb"
}, {
	"name_fr": "Lapin en peluche douce",
	"name_zh": "柔软兔子毛绒玩具",
	"url_fr": "/fr-fr/p/tartine-et-chocolat/enfant-gar%c3%a7on/76I-4C2012?ColorId=MTE1&amp;lvrid=_p_d8ZF_gkb"
}, {
	"name_fr": "Chapeau rembourré en taffetas de nylon",
	"name_zh": "尼龙塔夫绸羽绒帽",
	"url_fr": "/fr-fr/p/il-gufo/enfant-gar%c3%a7on/76I-8ZC103?ColorId=NDk10&amp;lvrid=_p_dDXF_gkb"
}, {
	"name_fr": "Bonnet en laine mélangée à logo brodé",
	"name_zh": "Logo刺绣羊毛混纺便帽",
	"url_fr": "/fr-fr/p/msgm/enfant-gar%c3%a7on/76I-93F033?ColorId=OTI00&amp;lvrid=_p_dM2F_gkb"
}, {
	"name_fr": "Bonnet en maille de laine avec oreilles appliquées",
	"name_zh": "耳朵装饰羊毛针织帽子",
	"url_fr": "/fr-fr/p/il-gufo/enfant-gar%c3%a7on/76I-1CJ086?ColorId=MTIy0&amp;lvrid=_p_dDXF_gkb"
}, {
	"name_fr": "Casquette en gabardine de coton à logo",
	"name_zh": "Logo棉质华达呢棒球帽",
	"url_fr": "/fr-fr/p/palm-angels/enfant-gar%c3%a7on/76I-1DA046?ColorId=MjUwMQ2&amp;lvrid=_p_dJRV_gkb"
}, {
	"name_fr": "Bob en coton biologique imprimé pommes",
	"name_zh": "苹果印花有机棉渔夫帽",
	"url_fr": "/fr-fr/p/stella-mccartney-kids/enfant-gar%c3%a7on/76I-6SH011?ColorId=NjE4Uk81&amp;lvrid=_p_dDWS_gkb"
}, {
	"name_fr": "Sac de couchage en sergé de coton matelassé",
	"name_zh": "绗缝棉质斜纹睡袋",
	"url_fr": "/fr-fr/p/burberry/enfant-gar%c3%a7on/76I-18O076?ColorId=QTE0NjQ1&amp;lvrid=_p_d335_gkb"
}, {
	"name_fr": "Couverture en coton imprimé",
	"name_zh": "印花棉质毯子",
	"url_fr": "/fr-fr/p/moschino/enfant-gar%c3%a7on/76I-8ZK029?ColorId=NDAzMDQ1&amp;lvrid=_p_d026_gkb"
}, {
	"name_fr": "Couverture en cachemire à motif embossé ours",
	"name_zh": "压纹小熊羊绒毯子",
	"url_fr": "/fr-fr/p/tartine-et-chocolat/enfant-gar%c3%a7on/76I-4C2021?ColorId=MjA1&amp;lvrid=_p_d8ZF_gkb"
}, {
	"name_fr": "Couverture à rayures",
	"name_zh": "条纹毯子",
	"url_fr": "/fr-fr/p/gucci/enfant-gar%c3%a7on/76I-YXC042?ColorId=OTI2OA2&amp;lvrid=_p_d386_gkb"
}, {
	"name_fr": "Parure de lit en coton biologique Gnome",
	"name_zh": "小矮人印花有机棉被罩套装",
	"url_fr": "/fr-fr/p/snurk/enfant-gar%c3%a7on/76I-4CD019?ColorId=R05PTUUgSE9NRUdJUkw1&amp;lvrid=_p_dVMV_gkb"
}, {
	"name_fr": "CEINTURE EN CUIR AVEC LOGO",
	"name_zh": "LOGO皮革腰带",
	"url_fr": "/fr-fr/p/gucci/enfant-gar%c3%a7on/71I-LAS016?ColorId=NDAwOQ2&amp;lvrid=_p_d386_gkb"
}, {
	"name_fr": "CEINTURE EN CUIR AVEC LOGO",
	"name_zh": "LOGO皮革腰带",
	"url_fr": "/fr-fr/p/gucci/enfant-gar%c3%a7on/71I-LAS016?ColorId=MTAwMA2&amp;lvrid=_p_d386_gkb"
}, {
	"name_fr": "Bob en coton mélangé à logo GG Supreme",
	"name_zh": "GG SUPREME LOGO混棉渔夫帽",
	"url_fr": "/fr-fr/p/gucci/enfant-gar%c3%a7on/73I-LAS028?ColorId=MjE3NA2&amp;lvrid=_p_d386_gkb"
}, {
	"name_fr": "Bonnet en maille torsadée de laine vierge à logo",
	"name_zh": "Logo初剪羊毛扭绳针织便帽",
	"url_fr": "/fr-fr/p/moncler/enfant-gar%c3%a7on/74I-FI4024?ColorId=OTgz0&amp;lvrid=_p_d025_gkb"
}, {
	"name_fr": "Bonnet en maille torsadée de laine vierge à logo",
	"name_zh": "Logo初剪羊毛扭绳针织便帽",
	"url_fr": "/fr-fr/p/moncler/enfant-gar%c3%a7on/74I-FI4024?ColorId=Nzc40&amp;lvrid=_p_d025_gkb"
}, {
	"name_fr": "Bonnet en maille torsadée de laine vierge à logo",
	"name_zh": "Logo初剪羊毛扭绳针织便帽",
	"url_fr": "/fr-fr/p/moncler/enfant-gar%c3%a7on/74I-FI4024?ColorId=OTk50&amp;lvrid=_p_d025_gkb"
}, {
	"name_fr": "Bonnet en maille torsadée de laine vierge à logo",
	"name_zh": "Logo初剪羊毛扭绳针织便帽",
	"url_fr": "/fr-fr/p/moncler/enfant-gar%c3%a7on/74I-FI4024?ColorId=NDU10&amp;lvrid=_p_d025_gkb"
}, {
	"name_fr": "Sac à langer en nylon rembourré",
	"name_zh": "填充尼龙妈咪包",
	"url_fr": "/fr-fr/p/givenchy/enfant-gar%c3%a7on/75I-OFL063?ColorId=MDlC0&amp;lvrid=_p_d471_gkb"
}, {
	"name_fr": "Sac &amp; matelas à langer en nylon à logo",
	"name_zh": "Logo尼龙妈咪包&amp;更换垫",
	"url_fr": "/fr-fr/p/givenchy/enfant-gar%c3%a7on/76I-OFL110?ColorId=MDlC0&amp;lvrid=_p_d471_gkb"
}, {
	"name_fr": "Ceinture en simili-cuir avec Medusa Baroque",
	"name_zh": "Medusa搭扣巴洛克仿皮腰带",
	"url_fr": "/fr-fr/p/versace/enfant-gar%c3%a7on/74I-LXR051?ColorId=NVcwN1Y1&amp;lvrid=_p_dN5F_gkb"
}, {
	"name_fr": "Ceinture en simili-cuir avec Medusa Baroque",
	"name_zh": "Medusa搭扣巴洛克仿皮腰带",
	"url_fr": "/fr-fr/p/versace/enfant-gar%c3%a7on/74I-LXR051?ColorId=NVcwOFY1&amp;lvrid=_p_dN5F_gkb"
}, {
	"name_fr": "Bonnet en maille de laine mélangée avec patch logo",
	"name_zh": "Logo贴片羊毛混纺针织便帽",
	"url_fr": "/fr-fr/p/stone-island/enfant-gar%c3%a7on/76I-OFE085?ColorId=VjAwOTk1&amp;lvrid=_p_dDWE_gkb"
}, {
	"name_fr": "Bonnet en maille de laine mélangée avec patch logo",
	"name_zh": "Logo贴片羊毛混纺针织便帽",
	"url_fr": "/fr-fr/p/stone-island/enfant-gar%c3%a7on/76I-OFE085?ColorId=VjAwMjk1&amp;lvrid=_p_dDWE_gkb"
}, {
	"name_fr": "Porte-clés Medusa",
	"name_zh": "美杜莎钥匙链",
	"url_fr": "/fr-fr/p/versace/enfant-gar%c3%a7on/74I-LXR052?ColorId=MU80MlY1&amp;lvrid=_p_dN5F_gkb"
}, {
	"name_fr": "Porte-clés Medusa",
	"name_zh": "美杜莎钥匙链",
	"url_fr": "/fr-fr/p/versace/enfant-gar%c3%a7on/74I-LXR052?ColorId=NlgxMFY1&amp;lvrid=_p_dN5F_gkb"
}, {
	"name_fr": "Porte-clés Medusa",
	"name_zh": "美杜莎钥匙链",
	"url_fr": "/fr-fr/p/versace/enfant-gar%c3%a7on/74I-LXR052?ColorId=MVY0NFY1&amp;lvrid=_p_dN5F_gkb"
}, {
	"name_fr": "Porte-clés Medusa",
	"name_zh": "美杜莎钥匙链",
	"url_fr": "/fr-fr/p/versace/enfant-gar%c3%a7on/74I-LXR052?ColorId=MUc2N1Y1&amp;lvrid=_p_dN5F_gkb"
}, {
	"name_fr": "Bonnet en maille de laine à logo",
	"name_zh": "Logo羊毛针织便帽",
	"url_fr": "/fr-fr/p/moncler/enfant-gar%c3%a7on/76I-4EP016?ColorId=NzUw0&amp;lvrid=_p_d025_gkb"
}, {
	"name_fr": "Sac à dos en nylon à carreaux &amp; matelas à langer",
	"name_zh": "格纹尼龙双肩包",
	"url_fr": "/fr-fr/p/burberry/enfant-gar%c3%a7on/76I-18O081?ColorId=QTExODk1&amp;lvrid=_p_d335_gkb"
}, {
	"name_fr": "Bonnet en maille de laine avec patch logo",
	"name_zh": "Logo贴片羊毛针织便帽",
	"url_fr": "/fr-fr/p/stone-island/enfant-gar%c3%a7on/74I-OFE086?ColorId=VjAwMjk1&amp;lvrid=_p_dDWE_gkb"
}, {
	"name_fr": "Bonnet en maille de laine avec patch logo",
	"name_zh": "Logo贴片羊毛针织便帽",
	"url_fr": "/fr-fr/p/stone-island/enfant-gar%c3%a7on/74I-OFE086?ColorId=VjAwMjI1&amp;lvrid=_p_dDWE_gkb"
}, {
	"name_fr": "Bonnet en maille de laine avec patch logo",
	"name_zh": "Logo贴片羊毛针织便帽",
	"url_fr": "/fr-fr/p/stone-island/enfant-gar%c3%a7on/74I-OFE086?ColorId=VjAwMjA1&amp;lvrid=_p_dDWE_gkb"
}, {
	"name_fr": "Sac &amp; matelas à langer en coton imprimé",
	"name_zh": "印花棉质妈咪包&amp;更换垫",
	"url_fr": "/fr-fr/p/moschino/enfant-gar%c3%a7on/76I-1C1039?ColorId=NDA2NDE1&amp;lvrid=_p_d026_gkb"
}, {
	"name_fr": "Écharpe en laine mélangée à logo GG",
	"name_zh": "GG logo羊毛混纺围巾",
	"url_fr": "/fr-fr/p/gucci/enfant-gar%c3%a7on/74I-191039?ColorId=NDg3Nw2&amp;lvrid=_p_d386_gkb"
}, {
	"name_fr": "Sac à langer en nylon à logo",
	"name_zh": "周身logo印花尼龙妈咪包",
	"url_fr": "/fr-fr/p/boss/enfant-gar%c3%a7on/75I-1A9096?ColorId=ODQ50&amp;lvrid=_p_dGZ5_gkb"
}, {
	"name_fr": "Tote bag en tissu technique GG",
	"name_zh": "GG科技织物托特包",
	"url_fr": "/fr-fr/p/gucci/enfant-gar%c3%a7on/75I-FHA033?ColorId=MzcyNw2&amp;lvrid=_p_d386_gkb"
}, {
	"name_fr": "Manteau en nylon matelassé à logo",
	"name_zh": "Logo绗缝尼龙蓬松手套",
	"url_fr": "/fr-fr/p/moncler/enfant-gar%c3%a7on/76I-4EP026?ColorId=NzFV0&amp;lvrid=_p_d025_gkb"
}, {
	"name_fr": "Bavoir en coton enduit à carreaux",
	"name_zh": "格纹涂层棉质围嘴",
	"url_fr": "/fr-fr/p/burberry/enfant-gar%c3%a7on/74I-LY1036?ColorId=QTcwMjg1&amp;lvrid=_p_d335_gkb"
}, {
	"name_fr": "Gants en maille de laine à rayures",
	"name_zh": "Logo条纹羊毛针织手套",
	"url_fr": "/fr-fr/p/moncler/enfant-gar%c3%a7on/76I-4EP028?ColorId=OTg40&amp;lvrid=_p_d025_gkb"
}, {
	"name_fr": "Sac banane en coton jacquard GG",
	"name_zh": "双G棉质提花腰包",
	"url_fr": "/fr-fr/p/gucci/enfant-gar%c3%a7on/76I-YXC050?ColorId=NDA5NA2&amp;lvrid=_p_d386_gkb"
}, {
	"name_fr": "Tapis d'éveil en velours avec patchs",
	"name_zh": "贴片天鹅绒蓬松游戏垫",
	"url_fr": "/fr-fr/p/tartine-et-chocolat/enfant-gar%c3%a7on/76I-4C2014?ColorId=NjE1&amp;lvrid=_p_d8ZF_gkb"
}, {
	"name_fr": "Sac &amp; matelas à langer en simili-cuir Karl",
	"name_zh": "Karl仿皮妈咪包&amp;更换垫",
	"url_fr": "/fr-fr/p/karl-lagerfeld/enfant-gar%c3%a7on/76I-OFN041?ColorId=MDlC0&amp;lvrid=_p_d3HD_gkb"
}, {
	"name_fr": "Sac à langer en nylon brodé",
	"name_zh": "刺绣尼龙妈咪包",
	"url_fr": "/fr-fr/p/kenzo-kids/enfant-gar%c3%a7on/76I-4DT027?ColorId=MDE00&amp;lvrid=_p_d6TC_gkb"
}, {
	"name_fr": "Sac à langer en nylon brodé",
	"name_zh": "刺绣尼龙妈咪包",
	"url_fr": "/fr-fr/p/kenzo-kids/enfant-gar%c3%a7on/76I-4DT027?ColorId=OTY40&amp;lvrid=_p_d6TC_gkb"
}, {
	"name_fr": "Bonnet en cachemire côtelé avec patch logo",
	"name_zh": "Logo贴片罗纹羊绒便帽",
	"url_fr": "/fr-fr/p/brunello-cucinelli/enfant-gar%c3%a7on/76I-4ED074?ColorId=QzI0MjU1&amp;lvrid=_p_d4CX_gkb"
}, {
	"name_fr": "Bonnet en cachemire côtelé avec patch logo",
	"name_zh": "Logo贴片罗纹羊绒便帽",
	"url_fr": "/fr-fr/p/brunello-cucinelli/enfant-gar%c3%a7on/76I-4ED074?ColorId=QzA3Mw2&amp;lvrid=_p_d4CX_gkb"
}, {
	"name_fr": "Bonnet en jersey imprimé Medusa",
	"name_zh": "Medusa印花平纹针织帽子",
	"url_fr": "/fr-fr/p/versace/enfant-gar%c3%a7on/74I-LXR035?ColorId=MlcxMTA1&amp;lvrid=_p_dN5F_gkb"
}, {
	"name_fr": "Parure de lit en coton biologique Lion",
	"name_zh": "狮子印花有机棉被罩套装",
	"url_fr": "/fr-fr/p/snurk/enfant-gar%c3%a7on/76I-4CD013?ColorId=TElPTg2&amp;lvrid=_p_dVMV_gkb"
}, {
	"name_fr": "Parure de lit en coton biologique Dragon",
	"name_zh": "恐龙印花有机棉被罩套装",
	"url_fr": "/fr-fr/p/snurk/enfant-gar%c3%a7on/76I-4CD011?ColorId=RFJBR09O0&amp;lvrid=_p_dVMV_gkb"
}, {
	"name_fr": "Tapis d'éveil en velours avec patchs",
	"name_zh": "贴片天鹅绒蓬松游戏垫",
	"url_fr": "/fr-fr/p/tartine-et-chocolat/enfant-gar%c3%a7on/76I-4C2015?ColorId=NDE1&amp;lvrid=_p_d8ZF_gkb"
}, {
	"name_fr": "Bob en nylon matelassé à logo",
	"name_zh": "Logo绗缝尼龙渔夫帽",
	"url_fr": "/fr-fr/p/moncler/enfant-gar%c3%a7on/76I-4EP009?ColorId=NzFV0&amp;lvrid=_p_d025_gkb"
}, {
	"name_fr": "Parure de lit en coton biologique Soccer",
	"name_zh": "足球印花有机棉被罩套装",
	"url_fr": "/fr-fr/p/snurk/enfant-gar%c3%a7on/76I-4CD015?ColorId=U09DQ0VSQ0hBTVBCTFVF0&amp;lvrid=_p_dVMV_gkb"
}, {
	"name_fr": "Lot de 2 bonnets en coton imprimé logo",
	"name_zh": "Logo印花棉质便帽2个套装",
	"url_fr": "/fr-fr/p/givenchy/enfant-gar%c3%a7on/76I-OFL133?ColorId=Nzcx0&amp;lvrid=_p_d471_gkb"
}, {
	"name_fr": "Bonnet en maille de laine jacquard à logo",
	"name_zh": "Logo羊毛提花针织便帽",
	"url_fr": "/fr-fr/p/moncler/enfant-gar%c3%a7on/76I-4EP008?ColorId=Nzc40&amp;lvrid=_p_d025_gkb"
}, {
	"name_fr": "Bonnet en coton à rayures",
	"name_zh": "条纹棉质帽子",
	"url_fr": "/fr-fr/p/gucci/enfant-gar%c3%a7on/76I-YXC046?ColorId=OTI2OA2&amp;lvrid=_p_d386_gkb"
}, {
	"name_fr": "Bonnet en maille de coton à logo",
	"name_zh": "Logo棉质针织便帽",
	"url_fr": "/fr-fr/p/moncler/enfant-gar%c3%a7on/76I-4EP007?ColorId=MjA00&amp;lvrid=_p_d025_gkb"
}, {
	"name_fr": "Parure de lit en coton biologique Dinosaur",
	"name_zh": "恐龙印花有机棉被罩套装",
	"url_fr": "/fr-fr/p/snurk/enfant-gar%c3%a7on/76I-4CD012?ColorId=RElOTw2&amp;lvrid=_p_dVMV_gkb"
}, {
	"name_fr": "Peignoir en coton à logo brodé &amp; ceinture",
	"name_zh": "Logo刺绣系腰带棉质浴袍",
	"url_fr": "/fr-fr/p/dsquared2/enfant-gar%c3%a7on/76I-199017?ColorId=RFExMDA1&amp;lvrid=_p_d117_gkb"
}, {
	"name_fr": "Ceinture Junior",
	"name_zh": "Junior腰带",
	"url_fr": "/fr-fr/p/gucci/enfant-gar%c3%a7on/76I-YXC047?ColorId=ODk2Mg2&amp;lvrid=_p_d386_gkb"
}, {
	"name_fr": "Parure de lit en coton biologique Astronaut",
	"name_zh": "宇航员印花有机棉被罩套装",
	"url_fr": "/fr-fr/p/snurk/enfant-gar%c3%a7on/76I-4CD010?ColorId=QVNUUk9OQVVU0&amp;lvrid=_p_dVMV_gkb"
}, {
	"name_fr": "Parure de lit en coton biologique Spaceship",
	"name_zh": "宇宙飞船印花有机棉被罩套装",
	"url_fr": "/fr-fr/p/snurk/enfant-gar%c3%a7on/76I-4CD009?ColorId=Uk9DS0VU0&amp;lvrid=_p_dVMV_gkb"
}, {
	"name_fr": "Parure de lit en coton biologique UFO",
	"name_zh": "UFO印花有机棉被罩套装",
	"url_fr": "/fr-fr/p/snurk/enfant-gar%c3%a7on/76I-4CD008?ColorId=VUZP0&amp;lvrid=_p_dVMV_gkb"
}, {
	"name_fr": "Écharpe en cachemire intarsia à carreaux &amp; franges",
	"name_zh": "格纹嵌花流苏羊绒围巾",
	"url_fr": "/fr-fr/p/burberry/enfant-gar%c3%a7on/76I-18O090?ColorId=QTcwMjY1&amp;lvrid=_p_d335_gkb"
}, {
	"name_fr": "Sac de couchage en polaire technique imprimée",
	"name_zh": "周身印花科技织物拉绒睡袋",
	"url_fr": "/fr-fr/p/moschino/enfant-gar%c3%a7on/76I-1C1010?ColorId=ODQyMzE1&amp;lvrid=_p_d026_gkb"
}, {
	"name_fr": "Bonnet en maille de coton et laine à logo",
	"name_zh": "Logo棉&amp;羊毛针织便帽",
	"url_fr": "/fr-fr/p/lanvin/enfant-gar%c3%a7on/76I-1BV019?ColorId=OTkw0&amp;lvrid=_p_d297_gkb"
}, {
	"name_fr": "Bonnet en maille de coton et laine à logo",
	"name_zh": "Logo棉&amp;羊毛针织便帽",
	"url_fr": "/fr-fr/p/lanvin/enfant-gar%c3%a7on/76I-1BV019?ColorId=MDlC0&amp;lvrid=_p_d297_gkb"
}, {
	"name_fr": "Couverture en jersey de coton rembourré",
	"name_zh": "填充棉质平纹针织毯子",
	"url_fr": "/fr-fr/p/givenchy/enfant-gar%c3%a7on/76I-OFL145?ColorId=Nzcx0&amp;lvrid=_p_d471_gkb"
}, {
	"name_fr": "Bonnet en maille de laine GG",
	"name_zh": "GG羊毛针织便帽",
	"url_fr": "/fr-fr/p/gucci/enfant-gar%c3%a7on/76I-YXC038?ColorId=NDgwMA2&amp;lvrid=_p_d386_gkb"
}, {
	"name_fr": "Bonnet en laine mélangée intarsia",
	"name_zh": "Icon条纹嵌花羊毛混纺便帽",
	"url_fr": "/fr-fr/p/burberry/enfant-gar%c3%a7on/76I-18O087?ColorId=QTcwMjk1&amp;lvrid=_p_d335_gkb"
}, {
	"name_fr": "Bonnet en coton et cachemire à logo",
	"name_zh": "Logo棉&amp;羊绒便帽",
	"url_fr": "/fr-fr/p/givenchy/enfant-gar%c3%a7on/76I-OFL091?ColorId=MDMw0&amp;lvrid=_p_d471_gkb"
}, {
	"name_fr": "Bonnet en molleton de coton imprimé",
	"name_zh": "印花棉质帽子",
	"url_fr": "/fr-fr/p/moschino/enfant-gar%c3%a7on/76I-1C1122?ColorId=MTAwNjM1&amp;lvrid=_p_d026_gkb"
}, {
	"name_fr": "Bonnet en molleton de coton imprimé",
	"name_zh": "印花棉质帽子",
	"url_fr": "/fr-fr/p/moschino/enfant-gar%c3%a7on/76I-1C1122?ColorId=NTAxMDk1&amp;lvrid=_p_d026_gkb"
}, {
	"name_fr": "Bonnet en molleton de coton imprimé",
	"name_zh": "印花棉质帽子",
	"url_fr": "/fr-fr/p/moschino/enfant-gar%c3%a7on/76I-1C1122?ColorId=NDAwMTY1&amp;lvrid=_p_d026_gkb"
}, {
	"name_fr": "Bonnet en laine mélangée à logo brodé",
	"name_zh": "Logo刺绣羊毛混纺便帽",
	"url_fr": "/fr-fr/p/msgm/enfant-gar%c3%a7on/76I-93F033?ColorId=MTEw0&amp;lvrid=_p_dM2F_gkb"
}, {
	"name_fr": "Bonnet en laine mélangée à logo brodé",
	"name_zh": "Logo刺绣羊毛混纺便帽",
	"url_fr": "/fr-fr/p/msgm/enfant-gar%c3%a7on/76I-93F033?ColorId=MDEz0&amp;lvrid=_p_dM2F_gkb"
}, {
	"name_fr": "Bonnet en maille de laine jacquard à logo",
	"name_zh": "Logo羊毛提花针织便帽",
	"url_fr": "/fr-fr/p/moncler/enfant-gar%c3%a7on/76I-4EP006?ColorId=Nzc20&amp;lvrid=_p_d025_gkb"
}, {
	"name_fr": "Parure de lit en coton biologique Panda",
	"name_zh": "熊猫印花有机棉被罩套装",
	"url_fr": "/fr-fr/p/snurk/enfant-gar%c3%a7on/76I-4CD021?ColorId=TEFaWSBQQU5EQQ2&amp;lvrid=_p_dVMV_gkb"
}, {
	"name_fr": "Parure de lit en coton biologique Dog",
	"name_zh": "小狗印花有机棉被罩套装",
	"url_fr": "/fr-fr/p/snurk/enfant-gar%c3%a7on/76I-4CD020?ColorId=Qk9C0&amp;lvrid=_p_dVMV_gkb"
}, {
	"name_fr": "Parure de lit en coton biologique Orangutan",
	"name_zh": "猩猩印花有机棉被罩套装",
	"url_fr": "/fr-fr/p/snurk/enfant-gar%c3%a7on/76I-4CD017?ColorId=QkFOQU5BIE1PTktFWQ2&amp;lvrid=_p_dVMV_gkb"
}, {
	"name_fr": "Parure de lit en coton biologique Surf",
	"name_zh": "冲浪印花有机棉被罩套装",
	"url_fr": "/fr-fr/p/snurk/enfant-gar%c3%a7on/76I-4CD016?ColorId=U1VSRkVS0&amp;lvrid=_p_dVMV_gkb"
}, {
	"name_fr": "Pouf hérisson doux",
	"name_zh": "柔软刺猬沙发",
	"url_fr": "/fr-fr/p/tartine-et-chocolat/enfant-gar%c3%a7on/76I-4C2024?ColorId=MTE1&amp;lvrid=_p_d8ZF_gkb"
}, {
	"name_fr": "Bonnet &amp; chaussons en polaire technique imprimée",
	"name_zh": "周身印花科技织物拉绒帽子&amp;包脚",
	"url_fr": "/fr-fr/p/moschino/enfant-gar%c3%a7on/76I-1C1009?ColorId=ODQyMzE1&amp;lvrid=_p_d026_gkb"
}, {
	"name_fr": "Bonnet en maille de laine et cachemire Elix",
	"name_zh": "Elix羊绒&amp;羊毛针织帽子",
	"url_fr": "/fr-fr/p/the-row/enfant-gar%c3%a7on/76I-1BW011?ColorId=QkxL0&amp;lvrid=_p_d885_gkb"
}, {
	"name_fr": "Bonnet en maille de laine côtelée avec patch logo",
	"name_zh": "Logo贴片罗纹针织羊毛便帽",
	"url_fr": "/fr-fr/p/dolce-gabbana/enfant-gar%c3%a7on/76I-IKJ028?ColorId=VzA4MDA1&amp;lvrid=_p_d008_gkb"
}, {
	"name_fr": "Écharpe en laine GG",
	"name_zh": "GG羊毛围巾",
	"url_fr": "/fr-fr/p/gucci/enfant-gar%c3%a7on/75I-FHA019?ColorId=OTc2NA2&amp;lvrid=_p_d386_gkb"
}, {
	"name_fr": "Casquette en cachemire à logo",
	"name_zh": "Logo羊绒棒球帽",
	"url_fr": "/fr-fr/p/loro-piana/enfant-gar%c3%a7on/74I-4BM003?ColorId=VzAwMA2&amp;lvrid=_p_dKOW_gkb"
}, {
	"name_fr": "Écharpe en maille de laine",
	"name_zh": "针织羊毛围巾",
	"url_fr": "/fr-fr/p/gucci/enfant-gar%c3%a7on/76I-YXC043?ColorId=OTg4OA2&amp;lvrid=_p_d386_gkb"
}, {
	"name_fr": "Sac à dos en nylon imprimé",
	"name_zh": "周身印花尼龙双肩包",
	"url_fr": "/fr-fr/p/palm-angels/enfant-gar%c3%a7on/76I-Z4T006?ColorId=MDExMA2&amp;lvrid=_p_dJRV_gkb"
}, {
	"name_fr": "Parure de lit en coton biologique Slam dunk",
	"name_zh": "灌篮印花有机棉被罩套装",
	"url_fr": "/fr-fr/p/snurk/enfant-gar%c3%a7on/76I-4CD014?ColorId=QkFTS0VUQkFMTCBTVEFS0&amp;lvrid=_p_dVMV_gkb"
}, {
	"name_fr": "Bonnet en maille de laine",
	"name_zh": "针织羊毛帽子",
	"url_fr": "/fr-fr/p/gucci/enfant-gar%c3%a7on/76I-YXC044?ColorId=OTg4OA2&amp;lvrid=_p_d386_gkb"
}, {
	"name_fr": "Bonnet en maille brodée",
	"name_zh": "刺绣针织便帽",
	"url_fr": "/fr-fr/p/kenzo-kids/enfant-gar%c3%a7on/76I-6TC115?ColorId=MDY10&amp;lvrid=_p_d6TC_gkb"
}, {
	"name_fr": "Casquette en gabardine de coton à logo",
	"name_zh": "LOGO棉质华达呢棒球帽",
	"url_fr": "/fr-fr/p/palm-angels/enfant-gar%c3%a7on/75I-4D5053?ColorId=NDYwMQ2&amp;lvrid=_p_dJRV_gkb"
}, {
	"name_fr": "Lot de 2 biberons, une tétine &amp; un clip",
	"name_zh": "Logo奶瓶、安抚奶嘴&amp;夹子套装",
	"url_fr": "/fr-fr/p/boss/enfant-gar%c3%a7on/75I-1A9091?ColorId=MDlC0&amp;lvrid=_p_dGZ5_gkb"
}, {
	"name_fr": "Bonnet en maille de laine à logo",
	"name_zh": "Logo羊毛针织便帽",
	"url_fr": "/fr-fr/p/moncler/enfant-gar%c3%a7on/76I-4EP005?ColorId=MDAy0&amp;lvrid=_p_d025_gkb"
}, {
	"name_fr": "Lot de 2 biberons, une tétine &amp; un clip",
	"name_zh": "Logo奶瓶、安抚奶嘴&amp;夹子套装",
	"url_fr": "/fr-fr/p/boss/enfant-gar%c3%a7on/75I-1A9091?ColorId=MDE20&amp;lvrid=_p_dGZ5_gkb"
}, {
	"name_fr": "Parure de lit en coton biologique Palms",
	"name_zh": "棕榈树印花有机棉被罩套装",
	"url_fr": "/fr-fr/p/snurk/enfant-gar%c3%a7on/76I-4CD022?ColorId=UEFMTSBCRUFDSA2&amp;lvrid=_p_dVMV_gkb"
}, {
	"name_fr": "Bonnet en coton mélangé avec patch logo",
	"name_zh": "Logo贴片混棉便帽",
	"url_fr": "/fr-fr/p/marc-jacobs-the/enfant-gar%c3%a7on/76I-4DQ115?ColorId=ODRF0&amp;lvrid=_p_d124_gkb"
}, {
	"name_fr": "Oie en coton doux",
	"name_zh": "柔软白鹅毛绒玩具",
	"url_fr": "/fr-fr/p/tartine-et-chocolat/enfant-gar%c3%a7on/76I-4C2002?ColorId=MDE1&amp;lvrid=_p_d8ZF_gkb"
}, {
	"name_fr": "Oie en peluche douce",
	"name_zh": "柔软白鹅毛绒玩具",
	"url_fr": "/fr-fr/p/tartine-et-chocolat/enfant-gar%c3%a7on/76I-4C2003?ColorId=MDE1&amp;lvrid=_p_d8ZF_gkb"
}, {
	"name_fr": "Peluche lapin en fausse fourrure avec logo",
	"name_zh": "Logo人造皮草兔子玩具",
	"url_fr": "/fr-fr/p/boss/enfant-gar%c3%a7on/76I-OFS082?ColorId=Nzcx0&amp;lvrid=_p_dGZ5_gkb"
}, {
	"name_fr": "Sac à dos en nylon à logo",
	"name_zh": "Logo尼龙双肩包",
	"url_fr": "/fr-fr/p/boss/enfant-gar%c3%a7on/76I-OFS100?ColorId=MDlC0&amp;lvrid=_p_dGZ5_gkb"
}, {
	"name_fr": "Sac à dos en nylon imprimé Karl",
	"name_zh": "Karl logo印花尼龙双肩包",
	"url_fr": "/fr-fr/p/karl-lagerfeld/enfant-gar%c3%a7on/76I-OFO020?ColorId=MDlC0&amp;lvrid=_p_d3HD_gkb"
}, {
	"name_fr": "Sac à dos en nylon imprimé",
	"name_zh": "印花尼龙双肩包",
	"url_fr": "/fr-fr/p/marc-jacobs-the/enfant-gar%c3%a7on/76I-4DR082?ColorId=ODRF0&amp;lvrid=_p_d124_gkb"
}, {
	"name_fr": "Sac à dos en coton imprimé poule",
	"name_zh": "小鸡印花棉质双肩包",
	"url_fr": "/fr-fr/p/bobo-choses/enfant-gar%c3%a7on/76I-LB1061?ColorId=MDEw0&amp;lvrid=_p_dL00_gkb"
}, {
	"name_fr": "Écharpe en laine mélangée intarsia",
	"name_zh": "Icon条纹嵌花羊毛混纺围巾",
	"url_fr": "/fr-fr/p/burberry/enfant-gar%c3%a7on/76I-18O088?ColorId=QTcwMjk1&amp;lvrid=_p_d335_gkb"
}, {
	"name_fr": "Bonnet en maille de laine mélangée imprimé logo",
	"name_zh": "Logo印花羊毛混纺针织便帽",
	"url_fr": "/fr-fr/p/boss/enfant-gar%c3%a7on/76I-OFS092?ColorId=MDlC0&amp;lvrid=_p_dGZ5_gkb"
}, {
	"name_fr": "Bonnet en maille avec patch logo",
	"name_zh": "Logo贴片针织便帽",
	"url_fr": "/fr-fr/p/boss/enfant-gar%c3%a7on/76I-OFS089?ColorId=QTMy0&amp;lvrid=_p_dGZ5_gkb"
}, {
	"name_fr": "Brosse &amp; peigne à rayures avec logo",
	"name_zh": "Logo条纹刷子&amp;梳子套装",
	"url_fr": "/fr-fr/p/tartine-et-chocolat/enfant-gar%c3%a7on/76I-4C2020?ColorId=MjE1&amp;lvrid=_p_d8ZF_gkb"
}, {
	"name_fr": "Sac à dos en nylon avec tigre brodé",
	"name_zh": "老虎刺绣尼龙双肩包",
	"url_fr": "/fr-fr/p/kenzo-kids/enfant-gar%c3%a7on/76I-6TC118?ColorId=ODI50&amp;lvrid=_p_d6TC_gkb"
}, {
	"name_fr": "Gants de ski en nylon technique",
	"name_zh": "科技织物尼龙滑雪手套",
	"url_fr": "/fr-fr/p/moncler-grenoble/enfant-gar%c3%a7on/72I-LXV034?ColorId=OTk50&amp;lvrid=_p_dL72_gkb"
}, {
	"name_fr": "Sac à dos en tissu technique recyclé imprimé",
	"name_zh": "足球印花再生科技织物双肩包",
	"url_fr": "/fr-fr/p/molo/enfant-gar%c3%a7on/76I-1BE058?ColorId=NjY1NQ2&amp;lvrid=_p_dODW_gkb"
}, {
	"name_fr": "Bonnet en coton biologique imprimé",
	"name_zh": "印花有机棉便帽",
	"url_fr": "/fr-fr/p/mini-rodini/enfant-gar%c3%a7on/76I-1BC006?ColorId=TVVMVEk1&amp;lvrid=_p_dDW9_gkb"
}, {
	"name_fr": "Bonnet en laine à motif GG",
	"name_zh": "GG图案羊毛帽子",
	"url_fr": "/fr-fr/p/gucci/enfant-gar%c3%a7on/76I-YXC003?ColorId=OTI2Mw2&amp;lvrid=_p_d386_gkb"
}, {
	"name_fr": "Casquette en en nylon recyclé brodé",
	"name_zh": "刺绣再生尼龙棒球帽",
	"url_fr": "/fr-fr/p/adidas-originals/enfant-gar%c3%a7on/76I-1C4104?ColorId=V09OREVSIFNURUVM0&amp;lvrid=_p_d140_gkb"
}, {
	"name_fr": "Sac de couchage bébé en nylon à logo",
	"name_zh": "Logo尼龙羽绒婴儿睡袋",
	"url_fr": "/fr-fr/p/moncler/enfant-gar%c3%a7on/76I-4EP004?ColorId=Nzc50&amp;lvrid=_p_d025_gkb"
}, {
	"name_fr": "Sac à langer en nylon verni à logo",
	"name_zh": "Logo亮面尼龙蓬松妈咪包",
	"url_fr": "/fr-fr/p/moncler/enfant-gar%c3%a7on/76I-4EP001?ColorId=OTk50&amp;lvrid=_p_d025_gkb"
}, {
	"name_fr": "NOEUD PAPILLON EN SOIE ET LAINE IMPRIMÉ LOGO",
	"name_zh": "LOGO印花羊毛&amp;真丝领结",
	"url_fr": "/fr-fr/p/gucci/enfant-gar%c3%a7on/72I-LAS011?ColorId=NDE3Nw2&amp;lvrid=_p_d386_gkb"
}, {
	"name_fr": "Sac &amp; matelas à langer en coton biologique",
	"name_zh": "有机棉妈咪包&amp;更换垫",
	"url_fr": "/fr-fr/p/moschino/enfant-gar%c3%a7on/76I-8ZK028?ColorId=NDAzMDQ1&amp;lvrid=_p_d026_gkb"
}, {
	"name_fr": "Sac &amp; matelas à langer en nylon recyclé",
	"name_zh": "再生尼龙妈咪包&amp;更换垫",
	"url_fr": "/fr-fr/p/stella-mccartney-kids/enfant-gar%c3%a7on/76I-1C9068?ColorId=NjIw0&amp;lvrid=_p_dDWS_gkb"
}, {
	"name_fr": "Bonnet en laine mélangée à logo caoutchouté",
	"name_zh": "橡胶处理logo羊毛混纺便帽",
	"url_fr": "/fr-fr/p/dsquared2/enfant-gar%c3%a7on/76I-LXM042?ColorId=RFE5MTE1&amp;lvrid=_p_d117_gkb"
}, {
	"name_fr": "Bonnet en laine mélangée à logo caoutchouté",
	"name_zh": "橡胶处理logo羊毛混纺便帽",
	"url_fr": "/fr-fr/p/dsquared2/enfant-gar%c3%a7on/76I-LXM042?ColorId=RFE0MDU1&amp;lvrid=_p_d117_gkb"
}, {
	"name_fr": "Bonnet en laine mélangée brodée Icon",
	"name_zh": "Logo刺绣羊毛混纺便帽",
	"url_fr": "/fr-fr/p/dsquared2/enfant-gar%c3%a7on/76I-LXZ033?ColorId=RFE0MDU1&amp;lvrid=_p_d117_gkb"
}, {
	"name_fr": "Bonnet en laine mélangée brodée Icon",
	"name_zh": "Logo刺绣羊毛混纺便帽",
	"url_fr": "/fr-fr/p/dsquared2/enfant-gar%c3%a7on/76I-LXZ033?ColorId=RFE5MDA1&amp;lvrid=_p_d117_gkb"
}, {
	"name_fr": "Sac &amp; matelas à langer en nylon recyclé",
	"name_zh": "再生尼龙妈咪包&amp;更换垫",
	"url_fr": "/fr-fr/p/stella-mccartney-kids/enfant-gar%c3%a7on/76I-1C9069?ColorId=OTMw0&amp;lvrid=_p_dDWS_gkb"
}, {
	"name_fr": "Sac à dos en toile imprimé Looney Tunes",
	"name_zh": "Looney Tunes印花帆布双肩包",
	"url_fr": "/fr-fr/p/sprayground/enfant-gar%c3%a7on/76I-OEN015?ColorId=TVVMVElDT0xPUg2&amp;lvrid=_p_dOEN_gkb"
}, {
	"name_fr": "Ours en peluche avec sweat-shirt à logo",
	"name_zh": "Logo卫衣泰迪熊玩具",
	"url_fr": "/fr-fr/p/givenchy/enfant-gar%c3%a7on/76I-OFL100?ColorId=Nzcx0&amp;lvrid=_p_d471_gkb"
}, {
	"name_fr": "Casquette en gabardine de coton à logo",
	"name_zh": "Logo棉质华达呢棒球帽",
	"url_fr": "/fr-fr/p/dsquared2/enfant-gar%c3%a7on/76I-LXM043?ColorId=RFE5MDA1&amp;lvrid=_p_d117_gkb"
}, {
	"name_fr": "Sac à dos en toile imprimé Looney Tunes",
	"name_zh": "Looney Tunes印花帆布双肩包",
	"url_fr": "/fr-fr/p/sprayground/enfant-gar%c3%a7on/76I-OEN030?ColorId=TVVMVElDT0xPUg2&amp;lvrid=_p_dOEN_gkb"
}, {
	"name_fr": "Sac à dos en toile imprimée",
	"name_zh": "印花帆布双肩包",
	"url_fr": "/fr-fr/p/sprayground/enfant-gar%c3%a7on/76I-OEN026?ColorId=T1JBTkdF0&amp;lvrid=_p_dOEN_gkb"
}, {
	"name_fr": "Casquette en nylon à logo",
	"name_zh": "Logo尼龙棒球帽",
	"url_fr": "/fr-fr/p/dsquared2/enfant-gar%c3%a7on/76I-LXM044?ColorId=RFE0MTE1&amp;lvrid=_p_d117_gkb"
}, {
	"name_fr": "Casquette en nylon à logo",
	"name_zh": "Logo尼龙棒球帽",
	"url_fr": "/fr-fr/p/dsquared2/enfant-gar%c3%a7on/76I-LXM044?ColorId=RFE5MDA1&amp;lvrid=_p_d117_gkb"
}, {
	"name_fr": "Sac à dos en nylon imprimé Icon",
	"name_zh": "Icon印花尼龙双肩包",
	"url_fr": "/fr-fr/p/dsquared2/enfant-gar%c3%a7on/76I-LXZ035?ColorId=RFE5MDA1&amp;lvrid=_p_d117_gkb"
}, {
	"name_fr": "Sac à dos en toile imprimée",
	"name_zh": "印花帆布双肩包",
	"url_fr": "/fr-fr/p/sprayground/enfant-gar%c3%a7on/76I-OEN029?ColorId=TVVMVElDT0xPUg2&amp;lvrid=_p_dOEN_gkb"
}, {
	"name_fr": "Sac à dos en toile imprimé Garfield",
	"name_zh": "Garfield印花帆布双肩包",
	"url_fr": "/fr-fr/p/sprayground/enfant-gar%c3%a7on/76I-OEN013?ColorId=TVVMVElDT0xPUg2&amp;lvrid=_p_dOEN_gkb"
}, {
	"name_fr": "Casquette en coton imprimé Icon",
	"name_zh": "Icon印花棉质棒球帽",
	"url_fr": "/fr-fr/p/dsquared2/enfant-gar%c3%a7on/76I-LXZ034?ColorId=RFE5MDA1&amp;lvrid=_p_d117_gkb"
}, {
	"name_fr": "Bonnet en laine peluche avec pompon",
	"name_zh": "绒球装饰羊毛拉绒便帽",
	"url_fr": "/fr-fr/p/moncler-grenoble/enfant-gar%c3%a7on/76I-4EO035?ColorId=MDQx0&amp;lvrid=_p_dL72_gkb"
}, {
	"name_fr": "Sac à dos en toile en nylon avec patch logo",
	"name_zh": "Logo贴片尼龙双肩包",
	"url_fr": "/fr-fr/p/dolce-gabbana/enfant-gar%c3%a7on/76I-IKJ032?ColorId=ODA2NTA1&amp;lvrid=_p_d008_gkb"
}, {
	"name_fr": "Couverture en maille de laine mélangée brodée",
	"name_zh": "刺绣羊毛混纺针织毯子",
	"url_fr": "/fr-fr/p/moschino/enfant-gar%c3%a7on/76I-1C1120?ColorId=MTAwNjM1&amp;lvrid=_p_d026_gkb"
}, {
	"name_fr": "Lot de 7 bavoirs en coton biologique imprimé",
	"name_zh": "印花有机棉围嘴7个套装",
	"url_fr": "/fr-fr/p/stella-mccartney-kids/enfant-gar%c3%a7on/76I-1C9074?ColorId=MTAw0&amp;lvrid=_p_dDWS_gkb"
}, {
	"name_fr": "Sac de couchage en coton imprimé logo",
	"name_zh": "Logo印花棉质睡袋",
	"url_fr": "/fr-fr/p/moschino/enfant-gar%c3%a7on/76I-1C1011?ColorId=ODQwMzE1&amp;lvrid=_p_d026_gkb"
}, {
	"name_fr": "Sac à dos en nylon imprimé logo",
	"name_zh": "Logo印花尼龙双肩包",
	"url_fr": "/fr-fr/p/dolce-gabbana/enfant-gar%c3%a7on/76I-18Z028?ColorId=SE5WQUE1&amp;lvrid=_p_d008_gkb"
}, {
	"name_fr": "Casquette en gabardine de coton imprimé logo",
	"name_zh": "Logo印花棉质华达呢棒球帽",
	"url_fr": "/fr-fr/p/versace/enfant-gar%c3%a7on/76I-LY4018?ColorId=NUIwNDA1&amp;lvrid=_p_dN5F_gkb"
}, {
	"name_fr": "Sac à dos en nylon à logo caoutchouté",
	"name_zh": "橡胶处理logo尼龙双肩包",
	"url_fr": "/fr-fr/p/dsquared2/enfant-gar%c3%a7on/76I-LXM045?ColorId=RFE5MDA1&amp;lvrid=_p_d117_gkb"
}, {
	"name_fr": "Sac à dos en nylon recyclé imprimé renard",
	"name_zh": "狐狸印花再生尼龙双肩包",
	"url_fr": "/fr-fr/p/stella-mccartney-kids/enfant-gar%c3%a7on/76I-1C9066?ColorId=MzA40&amp;lvrid=_p_dDWS_gkb"
}, {
	"name_fr": "Écharpe en laine intarsia à logo avec franges",
	"name_zh": "流苏logo嵌花羊毛围巾",
	"url_fr": "/fr-fr/p/balmain/enfant-gar%c3%a7on/76I-19K053?ColorId=MTAwTkU1&amp;lvrid=_p_dG5B_gkb"
}, {
	"name_fr": "Bob en nylon imprimé ourson",
	"name_zh": "小熊印花尼龙渔夫帽",
	"url_fr": "/fr-fr/p/burberry/enfant-gar%c3%a7on/76I-18O083?ColorId=QTE0MzU1&amp;lvrid=_p_d335_gkb"
}, {
	"name_fr": "Bob en nylon imprimé ourson",
	"name_zh": "小熊印花尼龙渔夫帽",
	"url_fr": "/fr-fr/p/burberry/enfant-gar%c3%a7on/76I-18O082?ColorId=QTEyMjI1&amp;lvrid=_p_d335_gkb"
}, {
	"name_fr": "Bonnet &amp; chaussons en maille de laine et coton bio",
	"name_zh": "有机棉&amp;羊毛帽子&amp;婴儿袜",
	"url_fr": "/fr-fr/p/stella-mccartney-kids/enfant-gar%c3%a7on/76I-1C9071?ColorId=MzEx0&amp;lvrid=_p_dDWS_gkb"
}, {
	"name_fr": "Robe en coton imprimé et brodé",
	"name_zh": "刺绣&amp;印花棉质毯子",
	"url_fr": "/fr-fr/p/versace/enfant-gar%c3%a7on/76I-1CQ045?ColorId=MlcxMTA1&amp;lvrid=_p_dN5F_gkb"
}, {
	"name_fr": "Sac à dos en toile imprimée",
	"name_zh": "印花帆布双肩包",
	"url_fr": "/fr-fr/p/sprayground/enfant-gar%c3%a7on/76I-OEN006?ColorId=QlJPV04vQkxBQ0s1&amp;lvrid=_p_dOEN_gkb"
}, {
	"name_fr": "Sac à dos mouton en teddy",
	"name_zh": "小羊毛绒双肩包",
	"url_fr": "/fr-fr/p/il-gufo/enfant-gar%c3%a7on/76I-8Z9146?ColorId=MTEx0&amp;lvrid=_p_dDXF_gkb"
}, {
	"name_fr": "Sac à dos en nylon recyclé imprimé",
	"name_zh": "印花再生尼龙双肩包",
	"url_fr": "/fr-fr/p/stella-mccartney-kids/enfant-gar%c3%a7on/76I-1C9065?ColorId=NDAyTUM1&amp;lvrid=_p_dDWS_gkb"
}, {
	"name_fr": "Sac à dos en nylon recyclé imprimé",
	"name_zh": "印花再生尼龙双肩包",
	"url_fr": "/fr-fr/p/stella-mccartney-kids/enfant-gar%c3%a7on/76I-1C9067?ColorId=OTk50&amp;lvrid=_p_dDWS_gkb"
}, {
	"name_fr": "Bob en faux shearling",
	"name_zh": "人造剪羊毛渔夫帽",
	"url_fr": "/fr-fr/p/mm6-maison-margiela/enfant-gar%c3%a7on/76I-1CD035?ColorId=TTY3MDE1&amp;lvrid=_p_dM8L_gkb"
}, {
	"name_fr": "Casquette en gabardine de coton avec patch",
	"name_zh": "贴片棉质华达呢棒球帽",
	"url_fr": "/fr-fr/p/dsquared2/enfant-gar%c3%a7on/76I-199015?ColorId=RFE5MDA1&amp;lvrid=_p_d117_gkb"
}, {
	"name_fr": "Sac à dos en toile imprimée",
	"name_zh": "印花帆布双肩包",
	"url_fr": "/fr-fr/p/sprayground/enfant-gar%c3%a7on/76I-OEN016?ColorId=TVVMVElDT0xPUg2&amp;lvrid=_p_dOEN_gkb"
}, {
	"name_fr": "Sac à dos en nylon à logo",
	"name_zh": "Logo狐狸尼龙双肩包",
	"url_fr": "/fr-fr/p/gcds/enfant-gar%c3%a7on/76I-4E0028?ColorId=NDAwNjk1&amp;lvrid=_p_dVU5_gkb"
}, {
	"name_fr": "Couverture en coton imprimé Aristochats",
	"name_zh": "Aristocats印花棉质毯子",
	"url_fr": "/fr-fr/p/monnalisa/enfant-gar%c3%a7on/76I-1D8014?ColorId=MDE1Mg2&amp;lvrid=_p_dDXA_gkb"
}, {
	"name_fr": "CEINTURE ÉLASTIQUE AVEC DÉTAILS WEB",
	"name_zh": "织带细节松紧腰带",
	"url_fr": "/fr-fr/p/gucci/enfant-gar%c3%a7on/71I-LAS020?ColorId=MjA2MQ2&amp;lvrid=_p_d386_gkb"
}, {
	"name_fr": "CASQUETTE EN TOILE DE COTON \"GG SUPREME\"",
	"name_zh": "GG SUPREME棉帆布司机帽",
	"url_fr": "/fr-fr/p/gucci/enfant-gar%c3%a7on/73I-LAS029?ColorId=MjE0MA2&amp;lvrid=_p_d386_gkb"
}, {
	"name_fr": "SAC À DOS EN NYLON AVEC PATCH LOGO",
	"name_zh": "LOGO贴片尼龙双肩包",
	"url_fr": "/fr-fr/p/stone-island/enfant-gar%c3%a7on/74I-OFE088?ColorId=VjAwNTk1&amp;lvrid=_p_dDWE_gkb"
}, {
	"name_fr": "SAC À DOS EN NYLON AVEC PATCH LOGO",
	"name_zh": "LOGO贴片尼龙双肩包",
	"url_fr": "/fr-fr/p/stone-island/enfant-gar%c3%a7on/74I-OFE088?ColorId=VjAwMjk1&amp;lvrid=_p_dDWE_gkb"
}, {
	"name_fr": "Sac à langer en nylon à carreaux",
	"name_zh": "格纹尼龙妈咪包",
	"url_fr": "/fr-fr/p/burberry/enfant-gar%c3%a7on/74I-19N063?ColorId=QTcwMjY1&amp;lvrid=_p_d335_gkb"
}, {
	"name_fr": "Casquette en coton à logo",
	"name_zh": "Logo棉质棒球帽",
	"url_fr": "/fr-fr/p/moncler/enfant-gar%c3%a7on/75I-4DO002?ColorId=MDM00&amp;lvrid=_p_d025_gkb"
}, {
	"name_fr": "Casquette en gabardine de coton à logo",
	"name_zh": "Logo棉质华达呢棒球帽",
	"url_fr": "/fr-fr/p/dsquared2/enfant-gar%c3%a7on/75I-91V019?ColorId=RFE0MDU1&amp;lvrid=_p_d117_gkb"
}, {
	"name_fr": "Casquette en gabardine de coton à logo",
	"name_zh": "Logo棉质华达呢棒球帽",
	"url_fr": "/fr-fr/p/dsquared2/enfant-gar%c3%a7on/75I-91V019?ColorId=RFE5MDA1&amp;lvrid=_p_d117_gkb"
}, {
	"name_fr": "CEINTURE ÉLASTIQUE AVEC DÉTAILS WEB",
	"name_zh": "织带细节松紧腰带",
	"url_fr": "/fr-fr/p/gucci/enfant-gar%c3%a7on/73I-LAS050?ColorId=MjA2MQ2&amp;lvrid=_p_d386_gkb"
}, {
	"name_fr": "Ours en peluche avec sweat-shirt à logo",
	"name_zh": "Logo卫衣泰迪熊",
	"url_fr": "/fr-fr/p/givenchy/enfant-gar%c3%a7on/75I-93C040?ColorId=Nzcx0&amp;lvrid=_p_d471_gkb"
}, {
	"name_fr": "Casquette en coton à logo brodé",
	"name_zh": "刺绣LOGO纯棉棒球帽",
	"url_fr": "/fr-fr/p/marcelo-burlon-county-of-milan/enfant-gar%c3%a7on/74I-19F019?ColorId=MDExMA2&amp;lvrid=_p_dBUR_gkb"
}, {
	"name_fr": "Casquette en coton à logo brodé",
	"name_zh": "刺绣LOGO纯棉棒球帽",
	"url_fr": "/fr-fr/p/marcelo-burlon-county-of-milan/enfant-gar%c3%a7on/74I-19F019?ColorId=NTYwMQ2&amp;lvrid=_p_dBUR_gkb"
}, {
	"name_fr": "Casquette en coton à logo brodé",
	"name_zh": "刺绣LOGO纯棉棒球帽",
	"url_fr": "/fr-fr/p/marcelo-burlon-county-of-milan/enfant-gar%c3%a7on/74I-19F019?ColorId=NDUwMQ2&amp;lvrid=_p_dBUR_gkb"
}, {
	"name_fr": "Casquette en coton à logo brodé",
	"name_zh": "刺绣LOGO纯棉棒球帽",
	"url_fr": "/fr-fr/p/marcelo-burlon-county-of-milan/enfant-gar%c3%a7on/74I-19F019?ColorId=MjUwMQ2&amp;lvrid=_p_dBUR_gkb"
}, {
	"name_fr": "Casquette en coton à logo brodé",
	"name_zh": "刺绣LOGO纯棉棒球帽",
	"url_fr": "/fr-fr/p/marcelo-burlon-county-of-milan/enfant-gar%c3%a7on/74I-19F019?ColorId=MTAwMQ2&amp;lvrid=_p_dBUR_gkb"
}, {
	"name_fr": "CEINTURE IMPRIMÉ SUPREME LOGO",
	"name_zh": "SUPREME LOGO印花腰带",
	"url_fr": "/fr-fr/p/gucci/enfant-gar%c3%a7on/73I-LAS003?ColorId=OTc0Mg2&amp;lvrid=_p_d386_gkb"
}, {
	"name_fr": "Casquette en gabardine de coton à logo",
	"name_zh": "Logo棉质华达呢棒球帽",
	"url_fr": "/fr-fr/p/moncler/enfant-gar%c3%a7on/75I-4DO001?ColorId=Nzc40&amp;lvrid=_p_d025_gkb"
}, {
	"name_fr": "Casquette en gabardine de coton Icon",
	"name_zh": "Icon棉质华达呢棒球帽",
	"url_fr": "/fr-fr/p/dsquared2/enfant-gar%c3%a7on/75I-XR6035?ColorId=RFE5MFE1&amp;lvrid=_p_d117_gkb"
}, {
	"name_fr": "Bonnet en laine à motif GG",
	"name_zh": "GG图案羊毛帽子",
	"url_fr": "/fr-fr/p/gucci/enfant-gar%c3%a7on/75I-FHA001?ColorId=NDE2Mw2&amp;lvrid=_p_d386_gkb"
}, {
	"name_fr": "Casquette en coton à logo brodé",
	"name_zh": "Logo刺绣棉质棒球帽",
	"url_fr": "/fr-fr/p/givenchy/enfant-gar%c3%a7on/75I-OFL058?ColorId=MTBC0&amp;lvrid=_p_d471_gkb"
}, {
	"name_fr": "Casquette en coton à logo brodé",
	"name_zh": "Logo刺绣棉质棒球帽",
	"url_fr": "/fr-fr/p/givenchy/enfant-gar%c3%a7on/75I-OFL058?ColorId=MDlC0&amp;lvrid=_p_d471_gkb"
}, {
	"name_fr": "Foulard en soie et coton à imprimé",
	"name_zh": "周身印花棉&amp;真丝围巾",
	"url_fr": "/fr-fr/p/burberry/enfant-gar%c3%a7on/75I-1A0016?ColorId=QTcwMjY1&amp;lvrid=_p_d335_gkb"
}, {
	"name_fr": "Casquette en gabardine de coton",
	"name_zh": "羽翼印花棉质华达呢棒球帽",
	"url_fr": "/fr-fr/p/marcelo-burlon-county-of-milan/enfant-gar%c3%a7on/75I-1AQ027?ColorId=MTA4NA2&amp;lvrid=_p_dBUR_gkb"
}, {
	"name_fr": "Bonnet, bavoir &amp; chaussettes en cachemire",
	"name_zh": "羊绒针织帽子、围嘴&amp;袜子",
	"url_fr": "/fr-fr/p/loro-piana/enfant-gar%c3%a7on/75I-1BA008?ColorId=QjJFUg2&amp;lvrid=_p_dKOW_gkb"
}, {
	"name_fr": "Casquette à logo",
	"name_zh": "Logo棒球帽",
	"url_fr": "/fr-fr/p/loro-piana/enfant-gar%c3%a7on/75I-1BA009?ColorId=QkRKMQ2&amp;lvrid=_p_dKOW_gkb"
}, {
	"name_fr": "Casquette à logo",
	"name_zh": "Logo棒球帽",
	"url_fr": "/fr-fr/p/loro-piana/enfant-gar%c3%a7on/75I-1BA009?ColorId=QjFaOQ2&amp;lvrid=_p_dKOW_gkb"
}, {
	"name_fr": "Bonnet en jacquard à logo",
	"name_zh": "周身提花logo帽子",
	"url_fr": "/fr-fr/p/givenchy/enfant-gar%c3%a7on/75I-OFL059?ColorId=MDlC0&amp;lvrid=_p_d471_gkb"
}, {
	"name_fr": "Sac à dos en nylon imprimé logo",
	"name_zh": "Logo印花尼龙双肩包",
	"url_fr": "/fr-fr/p/palm-angels/enfant-gar%c3%a7on/75I-4D5057?ColorId=MjUwMQ2&amp;lvrid=_p_dJRV_gkb"
}, {
	"name_fr": "Sac à dos en nylon matelassé Monogram",
	"name_zh": "Monogram绗缝尼龙双肩包",
	"url_fr": "/fr-fr/p/burberry/enfant-gar%c3%a7on/75I-1A0033?ColorId=QTExODk1&amp;lvrid=_p_d335_gkb"
}, {
	"name_fr": "SAC EN NYLON, MATELAS À LANGER ET PORTE BIBERON",
	"name_zh": "尼龙妈咪包、换尿布垫&amp;奶瓶套",
	"url_fr": "/fr-fr/p/emporio-armani/enfant-gar%c3%a7on/75I-1A4042?ColorId=MDAzMzI1&amp;lvrid=_p_d4PV_gkb"
}, {
	"name_fr": "SAC EN NYLON, MATELAS À LANGER ET PORTE BIBERON",
	"name_zh": "尼龙妈咪包、换尿布垫&amp;奶瓶套",
	"url_fr": "/fr-fr/p/emporio-armani/enfant-gar%c3%a7on/75I-1A4042?ColorId=MDAzNDE1&amp;lvrid=_p_d4PV_gkb"
}, {
	"name_fr": "Sac &amp; matelas à langer en coton à logo",
	"name_zh": "Toy logo棉质妈咪包&amp;更换垫",
	"url_fr": "/fr-fr/p/moschino/enfant-gar%c3%a7on/75I-1AE035?ColorId=NTAxMDk1&amp;lvrid=_p_d026_gkb"
}, {
	"name_fr": "Couverture en laine, soie et cachemire à logo",
	"name_zh": "Logo羊毛，真丝&amp;羊绒毯子",
	"url_fr": "/fr-fr/p/emporio-armani/enfant-gar%c3%a7on/75I-1A4040?ColorId=RjkzNQ2&amp;lvrid=_p_d4PV_gkb"
}, {
	"name_fr": "Sac à dos en toile Mamba Chains",
	"name_zh": "Mamba Chains帆布双肩包",
	"url_fr": "/fr-fr/p/sprayground/enfant-gar%c3%a7on/75I-19S005?ColorId=QkxBQ0s1&amp;lvrid=_p_dOEN_gkb"
}, {
	"name_fr": "Bonnet &amp; chaussettes en maille de coton à logo",
	"name_zh": "Logo棉质经编针织帽子&amp;袜子",
	"url_fr": "/fr-fr/p/moncler/enfant-gar%c3%a7on/75I-FGR138?ColorId=NzA10&amp;lvrid=_p_d025_gkb"
}, {
	"name_fr": "CASQUETTE EN GABARDINE DE COTON AVEC PATCH LOGO",
	"name_zh": "LOGO贴片棉质华达呢棒球帽",
	"url_fr": "/fr-fr/p/stone-island/enfant-gar%c3%a7on/73I-OFE092?ColorId=VjAwMjA1&amp;lvrid=_p_dDWE_gkb"
}, {
	"name_fr": "CASQUETTE EN GABARDINE DE COTON AVEC PATCH LOGO",
	"name_zh": "LOGO贴片棉质华达呢棒球帽",
	"url_fr": "/fr-fr/p/stone-island/enfant-gar%c3%a7on/73I-OFE092?ColorId=VjAwMDE1&amp;lvrid=_p_dDWE_gkb"
}, {
	"name_fr": "CASQUETTE EN GABARDINE DE COTON AVEC PATCH LOGO",
	"name_zh": "LOGO贴片棉质华达呢棒球帽",
	"url_fr": "/fr-fr/p/stone-island/enfant-gar%c3%a7on/73I-OFE092?ColorId=VjAwMjk1&amp;lvrid=_p_dDWE_gkb"
}, {
	"name_fr": "Couverture en coton à motif GG",
	"name_zh": "互扣式G棉质毯子",
	"url_fr": "/fr-fr/p/gucci/enfant-gar%c3%a7on/75I-FHA018?ColorId=NjUwMA2&amp;lvrid=_p_d386_gkb"
}, {
	"name_fr": "Chapeau en paille Darla",
	"name_zh": "Darla草帽",
	"url_fr": "/fr-fr/p/gucci/enfant-gar%c3%a7on/75I-FHA020?ColorId=OTI2Ng2&amp;lvrid=_p_d386_gkb"
}, {
	"name_fr": "Gigoteuse en sergé de coton matelassé",
	"name_zh": "绗缝斜纹棉质睡袋",
	"url_fr": "/fr-fr/p/burberry/enfant-gar%c3%a7on/72I-937033?ColorId=QTcwMjg1&amp;lvrid=_p_d335_gkb"
}, {
	"name_fr": "Sac &amp; matelas à langer en coton à logo Minions",
	"name_zh": "Minions logo棉质妈咪包&amp;更换垫",
	"url_fr": "/fr-fr/p/moschino/enfant-gar%c3%a7on/75I-1AF024?ColorId=ODQ1ODM1&amp;lvrid=_p_d026_gkb"
}, {
	"name_fr": "BOB EN NYLON IMPRIMÉ LOGO",
	"name_zh": "LOGO印花尼龙渔夫帽",
	"url_fr": "/fr-fr/p/balmain/enfant-gar%c3%a7on/74I-19K036?ColorId=NjIx0&amp;lvrid=_p_dG5B_gkb"
}, {
	"name_fr": "Couverture en jersey de coton à logo",
	"name_zh": "Logo棉质平纹针织毯子",
	"url_fr": "/fr-fr/p/emporio-armani/enfant-gar%c3%a7on/74I-196017?ColorId=RjkyOQ2&amp;lvrid=_p_d4PV_gkb"
}, {
	"name_fr": "Couverture en jersey de coton à logo",
	"name_zh": "Logo棉质平纹针织毯子",
	"url_fr": "/fr-fr/p/emporio-armani/enfant-gar%c3%a7on/74I-196017?ColorId=RjkwMg2&amp;lvrid=_p_d4PV_gkb"
}, {
	"name_fr": "Bob en coton imprimé",
	"name_zh": "印花棉质渔夫帽",
	"url_fr": "/fr-fr/p/dolce-gabbana/enfant-gar%c3%a7on/75I-6SR042?ColorId=UzkwMDA1&amp;lvrid=_p_d008_gkb"
}, {
	"name_fr": "Sac &amp; matelas à langer en coton à logo",
	"name_zh": "Toy logo棉质妈咪包&amp;更换垫",
	"url_fr": "/fr-fr/p/moschino/enfant-gar%c3%a7on/75I-1AF027?ColorId=NDAwMTY1&amp;lvrid=_p_d026_gkb"
}, {
	"name_fr": "Sac à dos en toile Magic",
	"name_zh": "Magic帆布双肩包",
	"url_fr": "/fr-fr/p/sprayground/enfant-gar%c3%a7on/75I-1B7003?ColorId=TVVMVElDT0xPUg2&amp;lvrid=_p_dOEN_gkb"
}, {
	"name_fr": "Casquette à logo brodé",
	"name_zh": "Logo刺绣棒球帽",
	"url_fr": "/fr-fr/p/versace/enfant-gar%c3%a7on/75I-1V1076?ColorId=MkIxMzA1&amp;lvrid=_p_dN5F_gkb"
}, {
	"name_fr": "BONNET EN JERSEY DE COTON DOUBLÉ AVEC LOGO",
	"name_zh": "LOGO刺绣双面棉平纹针织帽子",
	"url_fr": "/fr-fr/p/ralph-lauren/enfant-gar%c3%a7on/70I-2H3027?ColorId=MDA00&amp;lvrid=_p_dALF_gkb"
}, {
	"name_fr": "BONNET EN JERSEY DE COTON DOUBLÉ AVEC LOGO",
	"name_zh": "LOGO刺绣双面棉平纹针织帽子",
	"url_fr": "/fr-fr/p/ralph-lauren/enfant-gar%c3%a7on/70I-2H3027?ColorId=MDAz0&amp;lvrid=_p_dALF_gkb"
}, {
	"name_fr": "Casquette en gabardine de coton à logo",
	"name_zh": "Logo棉质华达呢棒球帽",
	"url_fr": "/fr-fr/p/palm-angels/enfant-gar%c3%a7on/75I-4D5054?ColorId=NTYwMQ2&amp;lvrid=_p_dJRV_gkb"
}, {
	"name_fr": "Casquette en gabardine de coton à logo",
	"name_zh": "Logo棉质华达呢棒球帽",
	"url_fr": "/fr-fr/p/palm-angels/enfant-gar%c3%a7on/75I-4D5052?ColorId=MDQxMA2&amp;lvrid=_p_dJRV_gkb"
}, {
	"name_fr": "Sac &amp; matelas à langer en coton imprimé vichy",
	"name_zh": "格纹印花棉质妈咪包&amp;更换垫",
	"url_fr": "/fr-fr/p/gcds/enfant-gar%c3%a7on/75I-4CU041?ColorId=ODIyMjQ1&amp;lvrid=_p_dVU5_gkb"
}, {
	"name_fr": "Lot de 2 bonnets en jersey de coton imprimé logo",
	"name_zh": "Logo印花棉质平纹针织帽子2个套装",
	"url_fr": "/fr-fr/p/givenchy/enfant-gar%c3%a7on/75I-93C036?ColorId=Nzcx0&amp;lvrid=_p_d471_gkb"
}, {
	"name_fr": "Ceinture Off Script",
	"name_zh": "Off Script腰带",
	"url_fr": "/fr-fr/p/off-white/enfant-gar%c3%a7on/75I-4D3073?ColorId=MTA0NQ2&amp;lvrid=_p_dJRD_gkb"
}, {
	"name_fr": "Sac à dos en toile de coton imprimé logo",
	"name_zh": "Logo印花棉质帆布双肩包",
	"url_fr": "/fr-fr/p/emporio-armani/enfant-gar%c3%a7on/75I-1AU009?ColorId=MDAxMzQ1&amp;lvrid=_p_d4PV_gkb"
}, {
	"name_fr": "Sac &amp; matelas à langer en coton à logo",
	"name_zh": "Logo棉质妈咪包&amp;尿布更换垫",
	"url_fr": "/fr-fr/p/moschino/enfant-gar%c3%a7on/75I-1AF026?ColorId=ODI3OTA1&amp;lvrid=_p_d026_gkb"
}, {
	"name_fr": "Foulard en coton imprimé",
	"name_zh": "周身印花棉质围巾",
	"url_fr": "/fr-fr/p/palm-angels/enfant-gar%c3%a7on/75I-4D6029?ColorId=MjUwMQ2&amp;lvrid=_p_dJRV_gkb"
}, {
	"name_fr": "Sac à dos en coton imprimé lcon",
	"name_zh": "Icon印花棉质双肩包",
	"url_fr": "/fr-fr/p/dsquared2/enfant-gar%c3%a7on/75I-XR6037?ColorId=RFE5MFE1&amp;lvrid=_p_d117_gkb"
}, {
	"name_fr": "Bonnet en coton à logo",
	"name_zh": "Logo棉质便帽",
	"url_fr": "/fr-fr/p/moncler/enfant-gar%c3%a7on/75I-4DO013?ColorId=NzAz0&amp;lvrid=_p_d025_gkb"
}, {
	"name_fr": "Lot de 2 biberons, une tétine et un clip",
	"name_zh": "2个奶瓶、安抚奶嘴&amp;夹子套装",
	"url_fr": "/fr-fr/p/emporio-armani/enfant-gar%c3%a7on/75I-1AU011?ColorId=MDAwMTA1&amp;lvrid=_p_d4PV_gkb"
}, {
	"name_fr": "Sac à dos en simili-cuir imprimé",
	"name_zh": "周身印花仿皮双肩包",
	"url_fr": "/fr-fr/p/emporio-armani/enfant-gar%c3%a7on/75I-1AU008?ColorId=MTI3MzY1&amp;lvrid=_p_d4PV_gkb"
}, {
	"name_fr": "Sac à dos en nylon imprimé ailes",
	"name_zh": "羽翼印花尼龙双肩包",
	"url_fr": "/fr-fr/p/marcelo-burlon-county-of-milan/enfant-gar%c3%a7on/75I-1AQ028?ColorId=MTA4NA2&amp;lvrid=_p_dBUR_gkb"
}, {
	"name_fr": "Foulard en soie mélangée imprimé logo",
	"name_zh": "Logo印花真丝混纺围巾",
	"url_fr": "/fr-fr/p/palm-angels/enfant-gar%c3%a7on/75I-4D5055?ColorId=MTg0Ng2&amp;lvrid=_p_dJRV_gkb"
}, {
	"name_fr": "Bonnet en coton à logo",
	"name_zh": "Logo棉质便帽",
	"url_fr": "/fr-fr/p/palm-angels/enfant-gar%c3%a7on/75I-4D5044?ColorId=NDEwMQ2&amp;lvrid=_p_dJRV_gkb"
}, {
	"name_fr": "Bob à imprimé camouflage",
	"name_zh": "迷彩印花渔夫帽",
	"url_fr": "/fr-fr/p/gcds/enfant-gar%c3%a7on/75I-1V6027?ColorId=ODIyMzU1&amp;lvrid=_p_dVU5_gkb"
}, {
	"name_fr": "Casquette en coton à logo Minions",
	"name_zh": "Minions logo棉质棒球帽",
	"url_fr": "/fr-fr/p/moschino/enfant-gar%c3%a7on/75I-1AC073?ColorId=MTAxMDE1&amp;lvrid=_p_d026_gkb"
}, {
	"name_fr": "Casquette en coton à logo Minions",
	"name_zh": "Minions logo棉质棒球帽",
	"url_fr": "/fr-fr/p/moschino/enfant-gar%c3%a7on/75I-1AC073?ColorId=NjAxMDA1&amp;lvrid=_p_d026_gkb"
}, {
	"name_fr": "Ceinture Off Script",
	"name_zh": "Off Script腰带",
	"url_fr": "/fr-fr/p/off-white/enfant-gar%c3%a7on/75I-4D3072?ColorId=MTAyNQ2&amp;lvrid=_p_dJRD_gkb"
}, {
	"name_fr": "Couverture en maille de coton à rayures",
	"name_zh": "Logo条纹棉质经编针织毯子",
	"url_fr": "/fr-fr/p/moncler/enfant-gar%c3%a7on/75I-4DO016?ColorId=NzA10&amp;lvrid=_p_d025_gkb"
}, {
	"name_fr": "Casquette en coton à logo",
	"name_zh": "Logo棉质棒球帽",
	"url_fr": "/fr-fr/p/moncler/enfant-gar%c3%a7on/75I-4DO010?ColorId=NzIw0&amp;lvrid=_p_d025_gkb"
}, {
	"name_fr": "Couverture en coton Cherry",
	"name_zh": "樱桃棉质毯子",
	"url_fr": "/fr-fr/p/gcds/enfant-gar%c3%a7on/75I-4CU039?ColorId=ODIyMjQ1&amp;lvrid=_p_dVU5_gkb"
}, {
	"name_fr": "Casquette en toile à logo brodé",
	"name_zh": "Logo刺绣帆布棒球帽",
	"url_fr": "/fr-fr/p/marc-jacobs-the/enfant-gar%c3%a7on/75I-4CH085?ColorId=NDA30&amp;lvrid=_p_d124_gkb"
}, {
	"name_fr": "Bob en denim de chambray à logo",
	"name_zh": "Logo青年布牛仔渔夫帽",
	"url_fr": "/fr-fr/p/diesel-kids/enfant-gar%c3%a7on/75I-19U022?ColorId=SzAx0&amp;lvrid=_p_d92M_gkb"
}, {
	"name_fr": "Casquette en coton à logo",
	"name_zh": "Logo棉质棒球帽",
	"url_fr": "/fr-fr/p/barbour/enfant-gar%c3%a7on/75I-4D1026?ColorId=Tlk5MQ2&amp;lvrid=_p_d207_gkb"
}, {
	"name_fr": "Mobile véhicules en coton biologique",
	"name_zh": "Vehicles有机棉玩具",
	"url_fr": "/fr-fr/p/liewood/enfant-gar%c3%a7on/75I-1B4015?ColorId=OTkxMw2&amp;lvrid=_p_d4C3_gkb"
}, {
	"name_fr": "Casquette trucker à logo",
	"name_zh": "Logo司机帽",
	"url_fr": "/fr-fr/p/moschino/enfant-gar%c3%a7on/75I-8ZN107?ColorId=NjAxMDA1&amp;lvrid=_p_d026_gkb"
}, {
	"name_fr": "Casquette trucker à logo",
	"name_zh": "Logo司机帽",
	"url_fr": "/fr-fr/p/moschino/enfant-gar%c3%a7on/75I-8ZN107?ColorId=NTAxMDk1&amp;lvrid=_p_d026_gkb"
}, {
	"name_fr": "Bob en coton à carreaux et logo",
	"name_zh": "Logo格纹棉质渔夫帽",
	"url_fr": "/fr-fr/p/barbour/enfant-gar%c3%a7on/75I-4D1024?ColorId=Tlk1OA2&amp;lvrid=_p_d207_gkb"
}, {
	"name_fr": "Sac de couchage en nylon matelassé Longue Saison",
	"name_zh": "Longue Saison尼龙绗缝睡袋",
	"url_fr": "/fr-fr/p/moncler/enfant-gar%c3%a7on/75I-4DO019?ColorId=NzEz0&amp;lvrid=_p_d025_gkb"
}, {
	"name_fr": "Peluche en coton biologique",
	"name_zh": "有机棉毛绒玩具",
	"url_fr": "/fr-fr/p/liewood/enfant-gar%c3%a7on/75I-1B4012?ColorId=MjA3Ng2&amp;lvrid=_p_d4C3_gkb"
}, {
	"name_fr": "Ours en peluche avec sweat-shirt à logo",
	"name_zh": "Logo卫衣泰迪熊",
	"url_fr": "/fr-fr/p/givenchy/enfant-gar%c3%a7on/75I-OFL068?ColorId=MDlC0&amp;lvrid=_p_d471_gkb"
}, {
	"name_fr": "Casquette en coton à logo",
	"name_zh": "Logo棉质棒球帽",
	"url_fr": "/fr-fr/p/moncler/enfant-gar%c3%a7on/75I-4DO008?ColorId=MDAy0&amp;lvrid=_p_d025_gkb"
}, {
	"name_fr": "Ours en peluche avec détails imprimés Baroque",
	"name_zh": "巴洛克印花细节泰迪熊",
	"url_fr": "/fr-fr/p/versace/enfant-gar%c3%a7on/75I-1V1083?ColorId=MUIwMFY1&amp;lvrid=_p_dN5F_gkb"
}, {
	"name_fr": "Sac à dos en nylon imprimé Off",
	"name_zh": "Off Rounded印花尼龙双肩包",
	"url_fr": "/fr-fr/p/off-white/enfant-gar%c3%a7on/75I-4D3071?ColorId=NDUxMA2&amp;lvrid=_p_dJRD_gkb"
}, {
	"name_fr": "Casquette en coton à logo",
	"name_zh": "Logo棉质棒球帽",
	"url_fr": "/fr-fr/p/dsquared2/enfant-gar%c3%a7on/75I-91W054?ColorId=RFE5MEo1&amp;lvrid=_p_d117_gkb"
}, {
	"name_fr": "Sac à dos ourson à logo",
	"name_zh": "Logo小熊双肩包",
	"url_fr": "/fr-fr/p/palm-angels/enfant-gar%c3%a7on/75I-4D5056?ColorId=NjA2MA2&amp;lvrid=_p_dJRV_gkb"
}, {
	"name_fr": "Serviette de plage en coton éponge à logo",
	"name_zh": "Logo棉质毛巾布沙滩巾",
	"url_fr": "/fr-fr/p/stone-island/enfant-gar%c3%a7on/75I-OFE076?ColorId=VjAwMjg1&amp;lvrid=_p_dDWE_gkb"
}, {
	"name_fr": "Casquette en gabardine Monster",
	"name_zh": "Monster箭头华达呢棒球帽",
	"url_fr": "/fr-fr/p/off-white/enfant-gar%c3%a7on/75I-4D3069?ColorId=MTA0NQ2&amp;lvrid=_p_dJRD_gkb"
}, {
	"name_fr": "Bonnet en coton imprimé souris",
	"name_zh": "小老鼠印花棉质便帽",
	"url_fr": "/fr-fr/p/gcds/enfant-gar%c3%a7on/75I-4CU036?ColorId=MTAwNjM1&amp;lvrid=_p_dVU5_gkb"
}, {
	"name_fr": "Tapis d'éveil en coton biologique",
	"name_zh": "Sea有机棉毯子",
	"url_fr": "/fr-fr/p/liewood/enfant-gar%c3%a7on/75I-1B4008?ColorId=Njk3Mw2&amp;lvrid=_p_d4C3_gkb"
}, {
	"name_fr": "Casquette en coton à logo",
	"name_zh": "Logo棉质棒球帽",
	"url_fr": "/fr-fr/p/barbour/enfant-gar%c3%a7on/75I-4D1023?ColorId=Qkw0NQ2&amp;lvrid=_p_d207_gkb"
}, {
	"name_fr": "Serviette en coton à rayures",
	"name_zh": "Logo条纹棉质毛巾",
	"url_fr": "/fr-fr/p/mc2-saint-barth/enfant-gar%c3%a7on/75I-0J1083?ColorId=MDAwODdC0&amp;lvrid=_p_d0IZ_gkb"
}, {
	"name_fr": "Bob réversible en coton biologique",
	"name_zh": "双面有机棉渔夫帽",
	"url_fr": "/fr-fr/p/liewood/enfant-gar%c3%a7on/75I-1B4037?ColorId=OTg3Mg2&amp;lvrid=_p_d4C3_gkb"
}, {
	"name_fr": "Ours gonflable",
	"name_zh": "充气小熊浮排",
	"url_fr": "/fr-fr/p/liewood/enfant-gar%c3%a7on/75I-1B4020?ColorId=MzA3Mg2&amp;lvrid=_p_d4C3_gkb"
}, {
	"name_fr": "Dinosaure gonflable",
	"name_zh": "充气恐龙浮排",
	"url_fr": "/fr-fr/p/liewood/enfant-gar%c3%a7on/75I-1B4019?ColorId=MDI0NQ2&amp;lvrid=_p_d4C3_gkb"
}, {
	"name_fr": "Casquette en coton biologique à logo",
	"name_zh": "Logo有机棉棒球帽",
	"url_fr": "/fr-fr/p/north-sails/enfant-gar%c3%a7on/75I-LXC048?ColorId=MDgwMg2&amp;lvrid=_p_dDWF_gkb"
}, {
	"name_fr": "Casquette en coton biologique à logo",
	"name_zh": "Logo有机棉棒球帽",
	"url_fr": "/fr-fr/p/north-sails/enfant-gar%c3%a7on/75I-LXC048?ColorId=MDEwMQ2&amp;lvrid=_p_dDWF_gkb"
}, {
	"name_fr": "Mobile naturel en coton biologique",
	"name_zh": "Nature有机棉玩具",
	"url_fr": "/fr-fr/p/liewood/enfant-gar%c3%a7on/75I-1B4013?ColorId=MTAwNA2&amp;lvrid=_p_d4C3_gkb"
}, {
	"name_fr": "Couverture réversible en coton à logo",
	"name_zh": "Teddy logo双面棉质毯子",
	"url_fr": "/fr-fr/p/moschino/enfant-gar%c3%a7on/75I-1AE037?ColorId=NDAwMTY1&amp;lvrid=_p_d026_gkb"
}, {
	"name_fr": "Bob en tissu technique imprimé camouflage",
	"name_zh": "迷彩印花科技织物渔夫帽",
	"url_fr": "/fr-fr/p/palm-angels/enfant-gar%c3%a7on/75I-4D5051?ColorId=NTYwMQ2&amp;lvrid=_p_dJRV_gkb"
}, {
	"name_fr": "Housses de couette &amp; taies d'oreiller en coton",
	"name_zh": "棉质被罩&amp;枕套套装",
	"url_fr": "/fr-fr/p/liewood/enfant-gar%c3%a7on/75I-1B4007?ColorId=Njk3Mw2&amp;lvrid=_p_d4C3_gkb"
}, {
	"name_fr": "Housse de couette &amp; taie d'oreiller en coton bio",
	"name_zh": "有机棉被罩&amp;枕套",
	"url_fr": "/fr-fr/p/liewood/enfant-gar%c3%a7on/75I-1B4005?ColorId=OTg3Mg2&amp;lvrid=_p_d4C3_gkb"
}, {
	"name_fr": "Casquette en gabardine de coton à logo embossé",
	"name_zh": "Logo压纹棉质华达呢帽子",
	"url_fr": "/fr-fr/p/emporio-armani/enfant-gar%c3%a7on/75I-1AU010?ColorId=NDE2MTA1&amp;lvrid=_p_d4PV_gkb"
}, {
	"name_fr": "Casquette en gabardine de coton à logo embossé",
	"name_zh": "Logo压纹棉质华达呢帽子",
	"url_fr": "/fr-fr/p/emporio-armani/enfant-gar%c3%a7on/75I-1AU010?ColorId=MDAwMzU1&amp;lvrid=_p_d4PV_gkb"
}, {
	"name_fr": "Sac à dos en tissu technique recyclé",
	"name_zh": "鳄鱼造型再生科技织物双肩包",
	"url_fr": "/fr-fr/p/stella-mccartney-kids/enfant-gar%c3%a7on/75I-1AW020?ColorId=NzEz0&amp;lvrid=_p_dDWS_gkb"
}, {
	"name_fr": "Sac en polyester recyclé à imprimé logo",
	"name_zh": "Logo印花再生聚酯单肩包",
	"url_fr": "/fr-fr/p/stella-mccartney-kids/enfant-gar%c3%a7on/75I-1AW005?ColorId=OTk50&amp;lvrid=_p_dDWS_gkb"
}, {
	"name_fr": "Casquette en mesh à logo embossé",
	"name_zh": "Logo压纹网眼棒球帽",
	"url_fr": "/fr-fr/p/emporio-armani/enfant-gar%c3%a7on/75I-1AU007?ColorId=MDAwMzU1&amp;lvrid=_p_d4PV_gkb"
}, {
	"name_fr": "Bob en coton à logo",
	"name_zh": "Logo棉质渔夫帽",
	"url_fr": "/fr-fr/p/il-gufo/enfant-gar%c3%a7on/75I-LYP001?ColorId=NDk10&amp;lvrid=_p_dDXF_gkb"
}, {
	"name_fr": "Bob en coton à logo",
	"name_zh": "Logo棉质渔夫帽",
	"url_fr": "/fr-fr/p/il-gufo/enfant-gar%c3%a7on/75I-LYP001?ColorId=MjIw0&amp;lvrid=_p_dDXF_gkb"
}, {
	"name_fr": "Casquette en gabardine Monster",
	"name_zh": "Monster箭头华达呢棒球帽",
	"url_fr": "/fr-fr/p/off-white/enfant-gar%c3%a7on/75I-4D3070?ColorId=NDUwMQ2&amp;lvrid=_p_dJRD_gkb"
}, {
	"name_fr": "Casquette en coton biologique mélangé à logo",
	"name_zh": "Logo有机棉混纺棒球帽",
	"url_fr": "/fr-fr/p/vans/enfant-gar%c3%a7on/75I-4D9031?ColorId=WTI4MQ2&amp;lvrid=_p_d014_gkb"
}, {
	"name_fr": "Tapis d'éveil en coton biologique",
	"name_zh": "Nature有机棉毯子",
	"url_fr": "/fr-fr/p/liewood/enfant-gar%c3%a7on/75I-1B4009?ColorId=OTg3Mg2&amp;lvrid=_p_d4C3_gkb"
}, {
	"name_fr": "Bob en nylon imprimé logo",
	"name_zh": "Logo印花尼龙渔夫帽",
	"url_fr": "/fr-fr/p/barrow/enfant-gar%c3%a7on/75I-1B0021?ColorId=MDIz0&amp;lvrid=_p_dBRW_gkb"
}, {
	"name_fr": "Mobile musical oie en coton biologique",
	"name_zh": "有机棉发声玩具",
	"url_fr": "/fr-fr/p/liewood/enfant-gar%c3%a7on/75I-1B4048?ColorId=NTAyMA2&amp;lvrid=_p_d4C3_gkb"
}, {
	"name_fr": "Mobile dinosaure en coton biologique",
	"name_zh": "Dino有机棉玩具",
	"url_fr": "/fr-fr/p/liewood/enfant-gar%c3%a7on/75I-1B4014?ColorId=OTUwNg2&amp;lvrid=_p_d4C3_gkb"
}, {
	"name_fr": "Casquette en coton à logo",
	"name_zh": "Logo棉质棒球帽",
	"url_fr": "/fr-fr/p/moncler/enfant-gar%c3%a7on/75I-4DO011?ColorId=NzQy0&amp;lvrid=_p_d025_gkb"
}, {
	"name_fr": "Ceinture réversible en simili-cuir",
	"name_zh": "双面仿皮腰带",
	"url_fr": "/fr-fr/p/emporio-armani/enfant-gar%c3%a7on/75I-1AU005?ColorId=MTg1MzU1&amp;lvrid=_p_d4PV_gkb"
}, {
	"name_fr": "Sac banane en tissu technique recyclé",
	"name_zh": "鳄鱼造型再生科技织物腰包",
	"url_fr": "/fr-fr/p/stella-mccartney-kids/enfant-gar%c3%a7on/75I-1AW021?ColorId=NzEz0&amp;lvrid=_p_dDWS_gkb"
}, {
	"name_fr": "Bob en gabardine de coton à logo Minions",
	"name_zh": "Minions logo棉质华达呢渔夫帽",
	"url_fr": "/fr-fr/p/moschino/enfant-gar%c3%a7on/75I-1AF023?ColorId=NDEwMDg1&amp;lvrid=_p_d026_gkb"
}, {
	"name_fr": "Casquette en coton biologique Crayola",
	"name_zh": "Crayola有机棉棒球帽",
	"url_fr": "/fr-fr/p/vans/enfant-gar%c3%a7on/75I-4D9030?ColorId=WVVZMQ2&amp;lvrid=_p_d014_gkb"
}, {
	"name_fr": "Housses de couette &amp; taies d'oreiller en coton",
	"name_zh": "棉质被罩&amp;枕套套装",
	"url_fr": "/fr-fr/p/liewood/enfant-gar%c3%a7on/75I-1B4006?ColorId=OTg3Mw2&amp;lvrid=_p_d4C3_gkb"
}, {
	"name_fr": "Bob en coton biologique imprimé crocodile",
	"name_zh": "鳄鱼印花有机棉帽子",
	"url_fr": "/fr-fr/p/stella-mccartney-kids/enfant-gar%c3%a7on/75I-1AW023?ColorId=NzEz0&amp;lvrid=_p_dDWS_gkb"
}, {
	"name_fr": "Bonnet &amp; bavoir en coton biologique imprimé smiley",
	"name_zh": "笑脸印花有机棉帽子&amp;围嘴",
	"url_fr": "/fr-fr/p/molo/enfant-gar%c3%a7on/75I-19W011?ColorId=NjQ3NA2&amp;lvrid=_p_dODW_gkb"
}, {
	"name_fr": "Casquette en coton à logo",
	"name_zh": "Logo棉质棒球帽",
	"url_fr": "/fr-fr/p/msgm/enfant-gar%c3%a7on/75I-4DA014?ColorId=MTEw0&amp;lvrid=_p_dM2F_gkb"
}, {
	"name_fr": "Peluche en coton biologique",
	"name_zh": "有机棉毛绒玩具",
	"url_fr": "/fr-fr/p/liewood/enfant-gar%c3%a7on/75I-1B4010?ColorId=MTExMA2&amp;lvrid=_p_d4C3_gkb"
}, {
	"name_fr": "Sac à dos en nylon New Skool",
	"name_zh": "New Skool尼龙双肩包",
	"url_fr": "/fr-fr/p/vans/enfant-gar%c3%a7on/75I-4D9026?ColorId=WTI4MQ2&amp;lvrid=_p_d014_gkb"
}, {
	"name_fr": "Bonnet &amp; bavoir en coton bio imprimé étoiles",
	"name_zh": "星星印花有机棉帽子&amp;围嘴",
	"url_fr": "/fr-fr/p/molo/enfant-gar%c3%a7on/75I-19W012?ColorId=NjUyMw2&amp;lvrid=_p_dODW_gkb"
}, {
	"name_fr": "CEINTURE EN CUIR AVEC LOGO",
	"name_zh": "LOGO皮革腰带",
	"url_fr": "/fr-fr/p/gucci/enfant-gar%c3%a7on/71I-LAS015?ColorId=MTAwMA2&amp;lvrid=_p_d386_gkb"
}, {
	"name_fr": "SAC À DOS EN SIMILI CUIR \"GG SUPREME\"",
	"name_zh": "GG SUPREME LOGO仿皮双肩包",
	"url_fr": "/fr-fr/p/gucci/enfant-gar%c3%a7on/71I-LAS021?ColorId=ODU4OA2&amp;lvrid=_p_d386_gkb"
}, {
	"name_fr": "CEINTURE ÉLASTIQUE AVEC DÉTAILS WEB",
	"name_zh": "织带细节松紧腰带",
	"url_fr": "/fr-fr/p/gucci/enfant-gar%c3%a7on/72I-LAS021?ColorId=ODQ5Nw2&amp;lvrid=_p_d386_gkb"
}, {
	"name_fr": "Bonnet en laine vierge à logo",
	"name_zh": "Logo初剪羊毛便帽",
	"url_fr": "/fr-fr/p/moncler/enfant-gar%c3%a7on/74I-FI4052?ColorId=Nzc40&amp;lvrid=_p_d025_gkb"
}, {
	"name_fr": "Bonnet en laine jacquard à logo",
	"name_zh": "LOGO提花羊毛帽子",
	"url_fr": "/fr-fr/p/gucci/enfant-gar%c3%a7on/74I-191080?ColorId=OTI2Mw2&amp;lvrid=_p_d386_gkb"
}, {
	"name_fr": "Bonnet en maille de laine mélangée à logo",
	"name_zh": "Logo羊毛混纺针织便帽",
	"url_fr": "/fr-fr/p/moncler/enfant-gar%c3%a7on/74I-FI4048?ColorId=Nzc30&amp;lvrid=_p_d025_gkb"
}, {
	"name_fr": "Écharpe en coton et soie imprimé ourson",
	"name_zh": "小熊印花棉&amp;真丝围巾",
	"url_fr": "/fr-fr/p/burberry/enfant-gar%c3%a7on/74I-1VI025?ColorId=QTE0NjQ1&amp;lvrid=_p_d335_gkb"
}, {
	"name_fr": "Bonnet en laine à logo brodé",
	"name_zh": "Logo刺绣羊毛便帽",
	"url_fr": "/fr-fr/p/palm-angels/enfant-gar%c3%a7on/74I-19D044?ColorId=MjUwMQ2&amp;lvrid=_p_dJRV_gkb"
}, {
	"name_fr": "Bonnet en laine à logo brodé",
	"name_zh": "Logo刺绣羊毛便帽",
	"url_fr": "/fr-fr/p/palm-angels/enfant-gar%c3%a7on/74I-19D044?ColorId=NDYwMQ2&amp;lvrid=_p_dJRV_gkb"
}, {
	"name_fr": "Chapeau style aviateur en fausse fourrure et nylon",
	"name_zh": "人造皮草&amp;尼龙蓬松飞行员帽子",
	"url_fr": "/fr-fr/p/moncler/enfant-gar%c3%a7on/74I-FI4021?ColorId=NzQy0&amp;lvrid=_p_d025_gkb"
}, {
	"name_fr": "Chapeau style aviateur en fausse fourrure et nylon",
	"name_zh": "人造皮草&amp;尼龙蓬松飞行员帽子",
	"url_fr": "/fr-fr/p/moncler/enfant-gar%c3%a7on/74I-FI4021?ColorId=NDU10&amp;lvrid=_p_d025_gkb"
}, {
	"name_fr": "BONNET EN MAILLE DE LAINE À LOGO",
	"name_zh": "周身LOGO羊毛针织便帽",
	"url_fr": "/fr-fr/p/givenchy/enfant-gar%c3%a7on/74I-18U019?ColorId=TTQx0&amp;lvrid=_p_d471_gkb"
}, {
	"name_fr": "Casquette en gabardine de coton à logo",
	"name_zh": "LOGO棉质华达呢棒球帽",
	"url_fr": "/fr-fr/p/palm-angels/enfant-gar%c3%a7on/74I-19D042?ColorId=NDYwMQ2&amp;lvrid=_p_dJRV_gkb"
}, {
	"name_fr": "Sac à langer en nylon",
	"name_zh": "尼龙妈咪包",
	"url_fr": "/fr-fr/p/emporio-armani/enfant-gar%c3%a7on/74I-196002?ColorId=MDAwMzU1&amp;lvrid=_p_d4PV_gkb"
}, {
	"name_fr": "Bonnet en maille de laine mélangée à logo",
	"name_zh": "Logo羊毛混纺针织便帽",
	"url_fr": "/fr-fr/p/moncler/enfant-gar%c3%a7on/74I-FI4045?ColorId=MDM00&amp;lvrid=_p_d025_gkb"
}, {
	"name_fr": "Sac de couchage requin en coton pour bébé",
	"name_zh": "Shark棉质婴儿睡袋",
	"url_fr": "/fr-fr/p/baby-bites/enfant-gar%c3%a7on/74I-4DM010?ColorId=TElHSFQgQkxVRQ2&amp;lvrid=_p_dOEO_gkb"
}, {
	"name_fr": "Bonnet &amp; écharpe en maille de laine",
	"name_zh": "羊毛针织便帽&amp;围巾",
	"url_fr": "/fr-fr/p/emporio-armani/enfant-gar%c3%a7on/74I-196008?ColorId=MDAwNDg1&amp;lvrid=_p_d4PV_gkb"
}, {
	"name_fr": "Sac de couchage requin en coton pour bébé",
	"name_zh": "Shark棉质婴儿睡袋",
	"url_fr": "/fr-fr/p/baby-bites/enfant-gar%c3%a7on/74I-4DM014?ColorId=QkxBQ0s1&amp;lvrid=_p_dOEO_gkb"
}, {
	"name_fr": "Bonnet en maille de laine avec patch logo",
	"name_zh": "Logo贴片羊毛针织帽子",
	"url_fr": "/fr-fr/p/emporio-armani/enfant-gar%c3%a7on/74I-196004?ColorId=MDAwMzU1&amp;lvrid=_p_d4PV_gkb"
}, {
	"name_fr": "Bonnet en coton à logo brodé",
	"name_zh": "Logo刺绣棉质便帽",
	"url_fr": "/fr-fr/p/off-white/enfant-gar%c3%a7on/74I-19E041?ColorId=MjUwMQ2&amp;lvrid=_p_dJRD_gkb"
}, {
	"name_fr": "Parure de lit en coton biologique King",
	"name_zh": "国王印花有机棉被罩套装",
	"url_fr": "/fr-fr/p/snurk/enfant-gar%c3%a7on/74I-4CD012?ColorId=S0lORw2&amp;lvrid=_p_dVMV_gkb"
}, {
	"name_fr": "Bonnet en laine mélangée brodée",
	"name_zh": "刺绣羊毛混纺便帽",
	"url_fr": "/fr-fr/p/marcelo-burlon-county-of-milan/enfant-gar%c3%a7on/74I-19F021?ColorId=NTYwMQ2&amp;lvrid=_p_dBUR_gkb"
}, {
	"name_fr": "Couverture en jersey de coton brodé",
	"name_zh": "刺绣织棉小毯子",
	"url_fr": "/fr-fr/p/emporio-armani/enfant-gar%c3%a7on/74I-196013?ColorId=MDkyMA2&amp;lvrid=_p_d4PV_gkb"
}, {
	"name_fr": "Bonnet en maille de laine vierge intarsia",
	"name_zh": "嵌花初剪羊毛针织便帽",
	"url_fr": "/fr-fr/p/dolce-gabbana/enfant-gar%c3%a7on/74I-IKJ059?ColorId=UzkwMDA1&amp;lvrid=_p_d008_gkb"
}, {
	"name_fr": "Sac de couchage requin en coton pour bébé",
	"name_zh": "Shark棉质婴儿睡袋",
	"url_fr": "/fr-fr/p/baby-bites/enfant-gar%c3%a7on/74I-4DM017?ColorId=WUVMTE9X0&amp;lvrid=_p_dOEO_gkb"
}, {
	"name_fr": "Bonnet en maille de cachemire Elfie",
	"name_zh": "Elfie羊绒针织便帽",
	"url_fr": "/fr-fr/p/the-row/enfant-gar%c3%a7on/74I-4CA007?ColorId=RlND0&amp;lvrid=_p_d885_gkb"
}, {
	"name_fr": "Sac de couchage souris en coton",
	"name_zh": "Mouse棉质新生儿睡袋",
	"url_fr": "/fr-fr/p/baby-bites/enfant-gar%c3%a7on/74I-4DM003?ColorId=QkxVRQ2&amp;lvrid=_p_dOEO_gkb"
}, {
	"name_fr": "Écharpe en maille de laine intarsia à logo",
	"name_zh": "LOGO嵌花羊毛针织围巾",
	"url_fr": "/fr-fr/p/emporio-armani/enfant-gar%c3%a7on/74I-196006?ColorId=MDAwMzU1&amp;lvrid=_p_d4PV_gkb"
}, {
	"name_fr": "Sac de couchage requin en coton pour bébé",
	"name_zh": "Shark棉质婴儿睡袋",
	"url_fr": "/fr-fr/p/baby-bites/enfant-gar%c3%a7on/74I-4DM015?ColorId=U0xBVEUgQkxVRQ2&amp;lvrid=_p_dOEO_gkb"
}, {
	"name_fr": "Sac de couchage requin en coton",
	"name_zh": "Shark棉质新生儿睡袋",
	"url_fr": "/fr-fr/p/baby-bites/enfant-gar%c3%a7on/74I-4DM004?ColorId=Q09SQUw1&amp;lvrid=_p_dOEO_gkb"
}, {
	"name_fr": "Bonnet en maille de laine vierge avec pompon",
	"name_zh": "绒球装饰初剪羊毛针织便帽",
	"url_fr": "/fr-fr/p/moncler/enfant-gar%c3%a7on/74I-FI4051?ColorId=MDkw0&amp;lvrid=_p_d025_gkb"
}, {
	"name_fr": "Bonnet en laine mélangée avec logo",
	"name_zh": "Logo羊毛混纺便帽",
	"url_fr": "/fr-fr/p/moncler/enfant-gar%c3%a7on/74I-IKM048?ColorId=NzIx0&amp;lvrid=_p_d025_gkb"
}, {
	"name_fr": "Bonnet en maille de laine intarsia à logo",
	"name_zh": "LOGO嵌花羊毛针织帽子",
	"url_fr": "/fr-fr/p/emporio-armani/enfant-gar%c3%a7on/74I-196003?ColorId=MDAwMzU1&amp;lvrid=_p_d4PV_gkb"
}, {
	"name_fr": "Écharpe en maille de laine mélangée à logo",
	"name_zh": "LOGO羊毛混纺针织围巾",
	"url_fr": "/fr-fr/p/moncler/enfant-gar%c3%a7on/74I-FI4046?ColorId=Nzc30&amp;lvrid=_p_d025_gkb"
}, {
	"name_fr": "Casquette en fausse fourrure avec patch logo",
	"name_zh": "Logo贴片人造皮草棒球帽",
	"url_fr": "/fr-fr/p/moncler/enfant-gar%c3%a7on/74I-FI4027?ColorId=MDUw0&amp;lvrid=_p_d025_gkb"
}, {
	"name_fr": "Sac de couchage requin en coton",
	"name_zh": "Shark棉质新生儿睡袋",
	"url_fr": "/fr-fr/p/baby-bites/enfant-gar%c3%a7on/74I-4DM001?ColorId=QkxVRQ2&amp;lvrid=_p_dOEO_gkb"
}, {
	"name_fr": "Bonnet en coton à logo brodé",
	"name_zh": "Logo刺绣棉质便帽",
	"url_fr": "/fr-fr/p/off-white/enfant-gar%c3%a7on/74I-19E050?ColorId=NTYxMA2&amp;lvrid=_p_dJRD_gkb"
}, {
	"name_fr": "Sac de couchage requin en coton",
	"name_zh": "Shark棉质新生儿睡袋",
	"url_fr": "/fr-fr/p/baby-bites/enfant-gar%c3%a7on/74I-4DM005?ColorId=VFVSUVVPSVNF0&amp;lvrid=_p_dOEO_gkb"
}, {
	"name_fr": "Parure de lit en coton biologique Doctor",
	"name_zh": "医生印花有机棉被罩套装",
	"url_fr": "/fr-fr/p/snurk/enfant-gar%c3%a7on/74I-4CD010?ColorId=RE9DVE9S0&amp;lvrid=_p_dVMV_gkb"
}, {
	"name_fr": "Couverture en laine à logo",
	"name_zh": "Logo羊毛毯子",
	"url_fr": "/fr-fr/p/moncler/enfant-gar%c3%a7on/74I-IKM023?ColorId=NzE30&amp;lvrid=_p_d025_gkb"
}, {
	"name_fr": "Bonnet en maille nervurée de laine vierge à patch",
	"name_zh": "Logo贴片初剪羊毛罗纹针织便帽",
	"url_fr": "/fr-fr/p/dolce-gabbana/enfant-gar%c3%a7on/74I-IKJ081?ColorId=UjAzNjc1&amp;lvrid=_p_d008_gkb"
}, {
	"name_fr": "BONNET EN LAINE JACQUARD",
	"name_zh": "LOGO提花羊毛帽子",
	"url_fr": "/fr-fr/p/canada-goose/enfant-gar%c3%a7on/72I-XW5011?ColorId=MjYw0&amp;lvrid=_p_d0LF_gkb"
}, {
	"name_fr": "Sac de couchage requin en coton pour bébé",
	"name_zh": "Shark棉质婴儿睡袋",
	"url_fr": "/fr-fr/p/baby-bites/enfant-gar%c3%a7on/74I-4DM019?ColorId=TkFWWQ2&amp;lvrid=_p_dOEO_gkb"
}, {
	"name_fr": "Bonnet en maille de cachemire Elfie",
	"name_zh": "Elfie羊绒针织便帽",
	"url_fr": "/fr-fr/p/the-row/enfant-gar%c3%a7on/74I-4CA006?ColorId=QkxL0&amp;lvrid=_p_d885_gkb"
}, {
	"name_fr": "Casquette en gabardine de coton à logo",
	"name_zh": "LOGO棉质华达呢棒球帽",
	"url_fr": "/fr-fr/p/palm-angels/enfant-gar%c3%a7on/74I-19D048?ColorId=MzcwMQ2&amp;lvrid=_p_dJRV_gkb"
}, {
	"name_fr": "Couverture en coton biologique",
	"name_zh": "动物印花有机棉毯子",
	"url_fr": "/fr-fr/p/liewood/enfant-gar%c3%a7on/74I-4C3009?ColorId=MTE1MA2&amp;lvrid=_p_d4C3_gkb"
}, {
	"name_fr": "Écharpe en intarsia à logo",
	"name_zh": "LOGO嵌花围巾",
	"url_fr": "/fr-fr/p/moncler/enfant-gar%c3%a7on/74I-FI4049?ColorId=OTk50&amp;lvrid=_p_d025_gkb"
}, {
	"name_fr": "Couverture en jersey de coton imprimé logo",
	"name_zh": "LOGO印花棉质平纹针织毯子",
	"url_fr": "/fr-fr/p/emporio-armani/enfant-gar%c3%a7on/74I-196014?ColorId=MDE0MA2&amp;lvrid=_p_d4PV_gkb"
}, {
	"name_fr": "Sac à dos requin en coton",
	"name_zh": "Shark棉质双肩包",
	"url_fr": "/fr-fr/p/baby-bites/enfant-gar%c3%a7on/74I-4DM026?ColorId=U1RPTkU1&amp;lvrid=_p_dOEO_gkb"
}, {
	"name_fr": "Sac à dos requin en coton",
	"name_zh": "Shark棉质双肩包",
	"url_fr": "/fr-fr/p/baby-bites/enfant-gar%c3%a7on/74I-4DM025?ColorId=QkxBQ0s1&amp;lvrid=_p_dOEO_gkb"
}, {
	"name_fr": "Sac à dos requin en coton",
	"name_zh": "Shark棉质双肩包",
	"url_fr": "/fr-fr/p/baby-bites/enfant-gar%c3%a7on/74I-4DM024?ColorId=WUVMTE9XIE1VU1RBUkQ1&amp;lvrid=_p_dOEO_gkb"
}, {
	"name_fr": "Sac à dos requin en coton",
	"name_zh": "Shark棉质双肩包",
	"url_fr": "/fr-fr/p/baby-bites/enfant-gar%c3%a7on/74I-4DM023?ColorId=MDMzLU1PQ0gtQVpVTA2&amp;lvrid=_p_dOEO_gkb"
}, {
	"name_fr": "Ceinture en cuir à logo",
	"name_zh": "LOGO皮革腰带",
	"url_fr": "/fr-fr/p/dolce-gabbana/enfant-gar%c3%a7on/74I-IKJ008?ColorId=ODA5OTk1&amp;lvrid=_p_d008_gkb"
}, {
	"name_fr": "Bonnet en maille de laine mélangée jacquard",
	"name_zh": "提花羊毛混纺针织便帽",
	"url_fr": "/fr-fr/p/moschino/enfant-gar%c3%a7on/74I-198085?ColorId=NTAxMDk1&amp;lvrid=_p_d026_gkb"
}, {
	"name_fr": "Peignoir en coton biologique Rabbit",
	"name_zh": "兔子造型有机棉浴袍",
	"url_fr": "/fr-fr/p/liewood/enfant-gar%c3%a7on/74I-4C3002?ColorId=OTUzNw2&amp;lvrid=_p_d4C3_gkb"
}, {
	"name_fr": "Masque de protection stretch Icon",
	"name_zh": "Icon弹力口罩",
	"url_fr": "/fr-fr/p/dsquared2/enfant-gar%c3%a7on/74I-LXZ004?ColorId=RFE5MDA1&amp;lvrid=_p_d117_gkb"
}, {
	"name_fr": "BONNET EN MAILLE DE COTON AVEC PATCH LOGO",
	"name_zh": "LOGO贴片棉质针织便帽",
	"url_fr": "/fr-fr/p/boss/enfant-gar%c3%a7on/74I-OFS044?ColorId=QTMy0&amp;lvrid=_p_dGZ5_gkb"
}, {
	"name_fr": "Bonnet en maille de laine vierge à logo",
	"name_zh": "Logo初剪羊毛针织便帽",
	"url_fr": "/fr-fr/p/moncler/enfant-gar%c3%a7on/74I-FI4020?ColorId=Nzc40&amp;lvrid=_p_d025_gkb"
}, {
	"name_fr": "Sac de couchage requin en coton pour bébé",
	"name_zh": "Shark棉质婴儿睡袋",
	"url_fr": "/fr-fr/p/baby-bites/enfant-gar%c3%a7on/74I-4DM011?ColorId=TkFWWQ2&amp;lvrid=_p_dOEO_gkb"
}, {
	"name_fr": "Bonnet en coton brodé",
	"name_zh": "刺绣棉质便帽",
	"url_fr": "/fr-fr/p/ralph-lauren/enfant-gar%c3%a7on/74I-LXO013?ColorId=MDAx0&amp;lvrid=_p_dALF_gkb"
}, {
	"name_fr": "Bonnet en coton brodé",
	"name_zh": "刺绣棉质便帽",
	"url_fr": "/fr-fr/p/ralph-lauren/enfant-gar%c3%a7on/74I-LXO012?ColorId=MDAx0&amp;lvrid=_p_dALF_gkb"
}, {
	"name_fr": "Peignoir en coton biologique Whale",
	"name_zh": "鲸鱼造型有机棉浴袍",
	"url_fr": "/fr-fr/p/liewood/enfant-gar%c3%a7on/74I-4C3003?ColorId=OTcxNQ2&amp;lvrid=_p_d4C3_gkb"
}, {
	"name_fr": "Bonnet en maille recyclée à logo",
	"name_zh": "Logo再生针织便帽",
	"url_fr": "/fr-fr/p/the-north-face/enfant-gar%c3%a7on/74I-X4Y032?ColorId=VDRTMQ2&amp;lvrid=_p_dM0M_gkb"
}, {
	"name_fr": "CASQUETTE EN GABARDINE DE COTON",
	"name_zh": "棉质华达呢棒球帽",
	"url_fr": "/fr-fr/p/dsquared2/enfant-gar%c3%a7on/73I-91W007?ColorId=RFE5MDA1&amp;lvrid=_p_d117_gkb"
}, {
	"name_fr": "CASQUETTE EN GABARDINE DE COTON",
	"name_zh": "棉质华达呢棒球帽",
	"url_fr": "/fr-fr/p/dsquared2/enfant-gar%c3%a7on/73I-91W007?ColorId=RFE1NTc1&amp;lvrid=_p_d117_gkb"
}, {
	"name_fr": "CASQUETTE AVEC LOGO ESTAMPÉ",
	"name_zh": "Logo刺绣棒球帽",
	"url_fr": "/fr-fr/p/versace/enfant-gar%c3%a7on/73I-LX2028?ColorId=MkIxMzA1&amp;lvrid=_p_dN5F_gkb"
}, {
	"name_fr": "CASQUETTE EN GABARDINE DE COTON",
	"name_zh": "棉质华达呢棒球帽",
	"url_fr": "/fr-fr/p/dsquared2/enfant-gar%c3%a7on/73I-XR6014?ColorId=RFE0MTU1&amp;lvrid=_p_d117_gkb"
}, {
	"name_fr": "COUVERTURE EN MAILLE DE COTON",
	"name_zh": "经编针织棉质毯子",
	"url_fr": "/fr-fr/p/moncler/enfant-gar%c3%a7on/73I-FGR039?ColorId=NzQy0&amp;lvrid=_p_d025_gkb"
}, {
	"name_fr": "LVR EXCLUSIVE - LOT DE 5 MASQUES \"ADELAJDA\"",
	"name_zh": "LVR独家“ADELAJDA”印花口罩5个套装",
	"url_fr": "/fr-fr/p/liberty/enfant-gar%c3%a7on/72I-Y18010?ColorId=MzAyTFZSMDEyMS0xMA2&amp;lvrid=_p_dCYB_gkb"
}, {
	"name_fr": "LVR EXCLUSIVE - LOT DE 5 MASQUES \"THEO\"",
	"name_zh": "LVR独家“THEO”印花口罩5个套装",
	"url_fr": "/fr-fr/p/liberty/enfant-gar%c3%a7on/72I-Y18009?ColorId=MzAyTFZSMDEyMC0wOQ2&amp;lvrid=_p_dCYB_gkb"
}, {
	"name_fr": "BONNET EN LAINE TRICOTÉE",
	"name_zh": "羊毛针织便帽",
	"url_fr": "/fr-fr/p/moncler/enfant-gar%c3%a7on/72I-FI4034?ColorId=Nzc40&amp;lvrid=_p_d025_gkb"
}, {
	"name_fr": "BONNET EN LAINE INTARSIA AVEC LOGO",
	"name_zh": "LOGO嵌花羊毛针织便帽",
	"url_fr": "/fr-fr/p/moncler/enfant-gar%c3%a7on/72I-FI4035?ColorId=OTk50&amp;lvrid=_p_d025_gkb"
}, {
	"name_fr": "CEINTURE EN CUIR EMBOSSÉ",
	"name_zh": "压纹“INTERLOCKING G”皮革腰带",
	"url_fr": "/fr-fr/p/gucci/enfant-gar%c3%a7on/70I-FHA052?ColorId=MTAwMA2&amp;lvrid=_p_d386_gkb"
}, {
	"name_fr": "CEINTURE ÉLASTIQUE AVEC DÉTAILS CUIR",
	"name_zh": "皮革细节松紧腰带",
	"url_fr": "/fr-fr/p/gucci/enfant-gar%c3%a7on/70I-FHA047?ColorId=ODQ5Nw2&amp;lvrid=_p_d386_gkb"
}]