[{
	"name_fr": "Couvre-lit en soie matelassée",
	"name_zh": "衍缝真丝床罩",
	"url_fr": "/fr-fr/p/etro/maison/75I-9MR014?ColorId=ODAw0&amp;lvrid=_p_d099_ge"
}, {
	"name_fr": "Coussin à franges",
	"name_zh": "流苏抱枕",
	"url_fr": "/fr-fr/p/etro/maison/75I-9MR019?ColorId=ODAw0&amp;lvrid=_p_d099_ge"
}, {
	"name_fr": "Coussin à franges",
	"name_zh": "流苏抱枕",
	"url_fr": "/fr-fr/p/etro/maison/75I-9MR016?ColorId=ODAw0&amp;lvrid=_p_d099_ge"
}, {
	"name_fr": "PLATEAU ROND \"CIRCUS\"",
	"name_zh": "“CIRCUS”圆形托盘",
	"url_fr": "/fr-fr/p/alessi/maison/70I-PBF012?ColorId=TVVMVElDT0xPUg2&amp;lvrid=_p_dPBF_ge"
}, {
	"name_fr": "PAPIER PEINT \"KATIE SCOTT SHELLS\"",
	"name_zh": "“KATIE SCOTT SHELLS”贝壳图案壁纸",
	"url_fr": "/fr-fr/p/ferm-living/maison/70I-0VR053?ColorId=RFVTVFkgUk9TRQ2&amp;lvrid=_p_d0VS_ge"
}, {
	"name_fr": "PEIGNOIR EN COTON BIOLOGIQUE À CAPUCHE",
	"name_zh": "有机棉连帽浴袍",
	"url_fr": "/fr-fr/p/tekla/maison/72I-JG4034?ColorId=U1RFTExBIFBJTks1&amp;lvrid=_p_dJG4_ge"
}, {
	"name_fr": "LOT DE 4 FLÛTES À CHAMPAGNE \"DRESSED\"",
	"name_zh": "“DRESSED”香槟杯4个套装",
	"url_fr": "/fr-fr/p/alessi/maison/73I-Y1T006?ColorId=VFJBU1BBUkVOVEU1&amp;lvrid=_p_dPBF_ge"
}, {
	"name_fr": "CAFETIÈRE EN GRÈS ÉMAILLÉ \"SEKKI\"",
	"name_zh": "“SEKKI”釉涂层陶瓷咖啡壶",
	"url_fr": "/fr-fr/p/ferm-living/maison/72I-0VR048?ColorId=Q1JFQU01&amp;lvrid=_p_d0VS_ge"
}, {
	"name_fr": "PAPIER PEINT \"MARBELING\"",
	"name_zh": "“MARBELING”壁纸",
	"url_fr": "/fr-fr/p/ferm-living/maison/70I-0VR055?ColorId=Q0hBUkNPQUw1&amp;lvrid=_p_d0VS_ge"
}, {
	"name_fr": "PEIGNOIR À CAPUCHE EN COTON BIOLOGIQUE",
	"name_zh": "有机棉连帽浴袍",
	"url_fr": "/fr-fr/p/tekla/maison/72I-JG4037?ColorId=TkFWWQ2&amp;lvrid=_p_dJG4_ge"
}, {
	"name_fr": "LINGE DE LIT EN SATIN DE COTON",
	"name_zh": "珠饰棉缎被罩套装",
	"url_fr": "/fr-fr/p/alessandro-di-marco/maison/73I-0U6093?ColorId=T1JP0&amp;lvrid=_p_d0RB_ge"
}, {
	"name_fr": "Coussin Tierra del Fuego",
	"name_zh": "Tierra del Fuego Cable抱枕",
	"url_fr": "/fr-fr/p/alanui/maison/74I-YA1001?ColorId=ODU4NQ2&amp;lvrid=_p_dRT8_ge"
}, {
	"name_fr": "PAPIER PEINT EN VINYLE \"ESOTICA\"",
	"name_zh": "\"ESOTICA\"装饰乙烯基壁纸",
	"url_fr": "/fr-fr/p/roberto-cavalli/maison/69I-WV3019?ColorId=TVVMVElDT0xPUg2&amp;lvrid=_p_d029_ge"
}, {
	"name_fr": "Linge de lit en satin de coton avec perles",
	"name_zh": "珠饰棉缎被罩套装",
	"url_fr": "/fr-fr/p/alessandro-di-marco/maison/73I-0U6096?ColorId=QklBTkNPL0JMVQ2&amp;lvrid=_p_d0RB_ge"
}, {
	"name_fr": "TAPIS CHAT EN LAINE",
	"name_zh": "LVR特别版“CAT”羊毛小地毯",
	"url_fr": "/fr-fr/p/studio-maleki/maison/70I-WWW007?ColorId=TVVMVElDT0xPUg2&amp;lvrid=_p_dWWW_ge"
}, {
	"name_fr": "BOÎTE À BIJOUX \"EXCLUSIVE\"",
	"name_zh": "独家首饰盒",
	"url_fr": "/fr-fr/p/louise-roe-copenhagen/maison/70I-XI6001?ColorId=TUlETklHSFQgQkxVRQ2&amp;lvrid=_p_dXI6_ge"
}, {
	"name_fr": "Coussin Las Lagunas Icon",
	"name_zh": "Las Lagunas Icon Multi抱枕",
	"url_fr": "/fr-fr/p/alanui/maison/74I-YA1004?ColorId=ODU4NQ2&amp;lvrid=_p_dRT8_ge"
}, {
	"name_fr": "LOT DE 4 ASSIETTES À DESSERT \"DRESSED\"",
	"name_zh": "“DRESSED”甜品盘4个套装",
	"url_fr": "/fr-fr/p/alessi/maison/73I-Y1T004?ColorId=QklBTkNP0&amp;lvrid=_p_dPBF_ge"
}, {
	"name_fr": "Coussin Piedras Rojas Fshrmn",
	"name_zh": "Piedras Rojas Fshrmn抱枕",
	"url_fr": "/fr-fr/p/alanui/maison/74I-YA1003?ColorId=MjUwMg2&amp;lvrid=_p_dRT8_ge"
}, {
	"name_fr": "BOÎTE MOYENNE \"CRAQUELE LACCA\"",
	"name_zh": "中号\"CRAQUELE LACCA\"盒子",
	"url_fr": "/fr-fr/p/rubelli/maison/69I-WY8015?ColorId=Q1JBUVVFTEUvTEFDQ0E1&amp;lvrid=_p_dWY8_ge"
}, {
	"name_fr": "Couverture en jacquard Icon",
	"name_zh": "Icon提花毯子",
	"url_fr": "/fr-fr/p/alanui/maison/74I-YA1007?ColorId=MzE4NQ2&amp;lvrid=_p_dRT8_ge"
}, {
	"name_fr": "GRANDE BOÎTE \"TERRAZZO\"",
	"name_zh": "大号\"TERRAZZO\"盒子",
	"url_fr": "/fr-fr/p/rubelli/maison/69I-WY8025?ColorId=VEVSUkFaWk81&amp;lvrid=_p_dWY8_ge"
}, {
	"name_fr": "PETIT POUF ROND EN VELOURS DÉLAVÉ",
	"name_zh": "小号褪色效果天鹅绒圆矮凳",
	"url_fr": "/fr-fr/p/ferm-living/maison/70I-0VR002?ColorId=Rk9SRVNUIDM1&amp;lvrid=_p_d0VS_ge"
}, {
	"name_fr": "BOÎTE CARRÉE EN ACIER",
	"name_zh": "钢制方形收纳盒",
	"url_fr": "/fr-fr/p/hay/maison/70I-KEZ019?ColorId=U0lMVkVS0&amp;lvrid=_p_dKEZ_ge"
}, {
	"name_fr": "LINGE DE LIT EN SATIN DE COTON",
	"name_zh": "珠饰棉缎被罩套装",
	"url_fr": "/fr-fr/p/alessandro-di-marco/maison/73I-0U6094?ColorId=R1JJR0lP0&amp;lvrid=_p_d0RB_ge"
}, {
	"name_fr": "LOT DE 4 VERRES À EAU \"DRESSED\"",
	"name_zh": "“DRESSED”水杯4个套装",
	"url_fr": "/fr-fr/p/alessi/maison/73I-Y1T007?ColorId=VFJBU1BBUkVOVEU1&amp;lvrid=_p_dPBF_ge"
}, {
	"name_fr": "LINGE DE LIT EN SATIN DE COTON",
	"name_zh": "珠饰棉缎被罩套装",
	"url_fr": "/fr-fr/p/alessandro-di-marco/maison/73I-0U6095?ColorId=QklBTkNPL0JJQU5DTw2&amp;lvrid=_p_d0RB_ge"
}, {
	"name_fr": "GRANDE SERVIETTE DE PLAGE EN COTON",
	"name_zh": "大号棉质沙滩巾",
	"url_fr": "/fr-fr/p/jil-sander/maison/73I-WLC018?ColorId=NzUw0&amp;lvrid=_p_d382_ge"
}, {
	"name_fr": "PARURE DE LIT EN PERCALE DE COTON",
	"name_zh": "高级密织棉布被罩套装",
	"url_fr": "/fr-fr/p/alessandro-di-marco/maison/73I-0U6062?ColorId=TElHSFQgTUlOVC9CTEFD0&amp;lvrid=_p_d0RB_ge"
}, {
	"name_fr": "GRANDE SERVIETTE DE PLAGE EN COTON",
	"name_zh": "大号棉质沙滩巾",
	"url_fr": "/fr-fr/p/jil-sander/maison/73I-WLC018?ColorId=Mjkw0&amp;lvrid=_p_d382_ge"
}, {
	"name_fr": "PAPIER PEINT DÉGRADÉ \"\"FLOATING\"",
	"name_zh": "\"FLOATING\"渐变色墙纸",
	"url_fr": "/fr-fr/p/moustache/maison/65I-W8C018?ColorId=MDYwL0JMVUU1&amp;lvrid=_p_dVVO_ge"
}, {
	"name_fr": "ASSIETTE MOYENNEMENT CREUSE FAITE MAIN",
	"name_zh": "手工制作中号深底盘子",
	"url_fr": "/fr-fr/p/nabeul-cluster/maison/66I-PBI002?ColorId=V0hJVEUvQkxVRQ2&amp;lvrid=_p_dPBI_ge"
}, {
	"name_fr": "BOL EN CÉRAMIQUE FAIT MAIN",
	"name_zh": "手工制作陶瓷碗",
	"url_fr": "/fr-fr/p/nabeul-cluster/maison/66I-PBI001?ColorId=V0hJVEUvQkxVRQ2&amp;lvrid=_p_dPBI_ge"
}, {
	"name_fr": "GRANDE ASSIETTE PLATE FAITE MAIN",
	"name_zh": "手工制作大号平底托盘",
	"url_fr": "/fr-fr/p/nabeul-cluster/maison/66I-PBI003?ColorId=V0hJVEUvQkxVRQ2&amp;lvrid=_p_dPBI_ge"
}, {
	"name_fr": "PETITE BOÎTE \"ALMORO ORO\"",
	"name_zh": "小号\"ALMORO ORO\"盒子",
	"url_fr": "/fr-fr/p/rubelli/maison/69I-WY8017?ColorId=QUxNT1JPL09STw2&amp;lvrid=_p_dWY8_ge"
}, {
	"name_fr": "BOÎTE MOYENNE \"GOLDFINGER ARDESIA\"",
	"name_zh": "中号\"GOLDFINGER ARDESIA\"盒子",
	"url_fr": "/fr-fr/p/rubelli/maison/69I-WY8012?ColorId=R09MREZJTkdFUi9BUkRF0&amp;lvrid=_p_dWY8_ge"
}, {
	"name_fr": "PETITE BOULE DE NOËL \"DOMUS\"",
	"name_zh": "\"DOMUS\"小号圣诞装饰球",
	"url_fr": "/fr-fr/p/rubelli/maison/69I-WY8004?ColorId=RE9NVVMvRkFCRVI1&amp;lvrid=_p_dWY8_ge"
}, {
	"name_fr": "PAPIER PEINT \"GEOMETRIC CAVALLI\"",
	"name_zh": "\"GEOMETRIC CAVALLI\"图案壁纸",
	"url_fr": "/fr-fr/p/roberto-cavalli/maison/69I-WV3014?ColorId=R09MRA2&amp;lvrid=_p_d029_ge"
}, {
	"name_fr": "GRANDE BOÎTE \"CRAQUELE LACCA\"",
	"name_zh": "大号\"CRAQUELE LACCA\"盒子",
	"url_fr": "/fr-fr/p/rubelli/maison/69I-WY8016?ColorId=Q1JBUVVFTEUvTEFDQ0E1&amp;lvrid=_p_dWY8_ge"
}, {
	"name_fr": "BOÎTE MOYENNE \"DOMUS ROSSO\"",
	"name_zh": "中号\"DOMUS ROSSO\"盒子",
	"url_fr": "/fr-fr/p/rubelli/maison/69I-WY8021?ColorId=RE9NVVMgUk9TU081&amp;lvrid=_p_dWY8_ge"
}, {
	"name_fr": "BOÎTE MOYENNE \"TERRAZZO\"",
	"name_zh": "中号\"TERRAZZO\"盒子",
	"url_fr": "/fr-fr/p/rubelli/maison/69I-WY8024?ColorId=VEVSUkFaWk81&amp;lvrid=_p_dWY8_ge"
}, {
	"name_fr": "PAPIER PEINT \"MA MÉLANCOLIE, PAS LA TIENNE\"",
	"name_zh": "\"MA MÉLANCOLIE, PAS LA TIENNE\"墙纸",
	"url_fr": "/fr-fr/p/moustache/maison/65I-W8C021?ColorId=TVVMVEk1&amp;lvrid=_p_dVVO_ge"
}, {
	"name_fr": "PETITE BOÎTE \"GOLDFINGER ARDESIA\"",
	"name_zh": "小号\"GOLDFINGER ARDESIA\"盒子",
	"url_fr": "/fr-fr/p/rubelli/maison/69I-WY8011?ColorId=R09MREZJTkdFUi9BUkRF0&amp;lvrid=_p_dWY8_ge"
}, {
	"name_fr": "PETITE BOÎTE \"TERRAZZO\"",
	"name_zh": "小号\"TERRAZZO\"盒子",
	"url_fr": "/fr-fr/p/rubelli/maison/69I-WY8023?ColorId=VEVSUkFaWk81&amp;lvrid=_p_dWY8_ge"
}, {
	"name_fr": "PETITE BOULE DE NOËL \"NIRVANA\"",
	"name_zh": "\"NIRVANA\"小号圣诞装饰球",
	"url_fr": "/fr-fr/p/rubelli/maison/69I-WY8001?ColorId=TklSVkFOQS9GQUJFUg2&amp;lvrid=_p_dWY8_ge"
}, {
	"name_fr": "PETITE BOULE DE NOËL \"VANITY\"",
	"name_zh": "\"VANITY\"小号圣诞装饰球",
	"url_fr": "/fr-fr/p/rubelli/maison/69I-WY8003?ColorId=VkFOSVRZL0ZBQkVS0&amp;lvrid=_p_dWY8_ge"
}, {
	"name_fr": "PETITE BOULE DE NOËL \"TERRAZZO\"",
	"name_zh": "\"TERRAZZO”小号圣诞装饰球",
	"url_fr": "/fr-fr/p/rubelli/maison/69I-WY8002?ColorId=VEVSUkFaWk8vRkFCRVI1&amp;lvrid=_p_dWY8_ge"
}, {
	"name_fr": "BOULE DE NOËL MOYENNE \"VANITY\"",
	"name_zh": "\"VANITY\"中号圣诞装饰球",
	"url_fr": "/fr-fr/p/rubelli/maison/69I-WY8007?ColorId=VkFOSVRZL0ZBQkVS0&amp;lvrid=_p_dWY8_ge"
}, {
	"name_fr": "BOULE DE NOËL MOYENNE \"NIRVANA\"",
	"name_zh": "\"NIRVANA\"中号圣诞装饰球",
	"url_fr": "/fr-fr/p/rubelli/maison/69I-WY8005?ColorId=TklSVkFOQS9GQUJFUg2&amp;lvrid=_p_dWY8_ge"
}, {
	"name_fr": "BOULE DE NOËL MOYENNE \"TERRAZZO\"",
	"name_zh": "\"TERRAZZO\"中号圣诞装饰球",
	"url_fr": "/fr-fr/p/rubelli/maison/69I-WY8006?ColorId=VEVSUkFaWk8vRkFCRVI1&amp;lvrid=_p_dWY8_ge"
}, {
	"name_fr": "BOULE DE NOËL MOYENNE \"DOMUS\"",
	"name_zh": "\"DOMUS\"中号圣诞装饰球",
	"url_fr": "/fr-fr/p/rubelli/maison/69I-WY8008?ColorId=RE9NVVMvRkFCRVI1&amp;lvrid=_p_dWY8_ge"
}, {
	"name_fr": "PAPIER PEINT \"GEOMETRIC CAVALLI\"",
	"name_zh": "\"GEOMETRIC CAVALLI\"图案壁纸",
	"url_fr": "/fr-fr/p/roberto-cavalli/maison/69I-WV3013?ColorId=QkxBQ0svV0hJVEU1&amp;lvrid=_p_d029_ge"
}, {
	"name_fr": "PAPIER PEINT \"SCRAPWOOD BY PIET HEIN EEK\"",
	"name_zh": "\"SCRAPWOOD BY PIET HEIN EEK\"墙纸",
	"url_fr": "/fr-fr/p/nlxl/maison/62I-VPK012?ColorId=QlJPV041&amp;lvrid=_p_dVPK_ge"
}, {
	"name_fr": "PAPIER PEINT \"SCRAPWOOD BY PIET HEIN EEK\"",
	"name_zh": "\"SCRAPWOOD BY PIET HEIN EEK\"墙纸",
	"url_fr": "/fr-fr/p/nlxl/maison/62I-VPK010?ColorId=QkVJR0U1&amp;lvrid=_p_dVPK_ge"
}, {
	"name_fr": "PAPIER PEINT \"WRINKLE IN TIME\"",
	"name_zh": "\"WRINKLE IN TIME\"墙纸",
	"url_fr": "/fr-fr/p/domestic/maison/67I-VVP010?ColorId=TVVMVElDT0xPUg2&amp;lvrid=_p_dVVP_ge"
}, {
	"name_fr": "PAPIER PEINT \"MOUNTAINS\"",
	"name_zh": "\"MOUNTAINS\"墙纸",
	"url_fr": "/fr-fr/p/domestic/maison/67I-VVP011?ColorId=TVVMVElDT0xPUg2&amp;lvrid=_p_dVVP_ge"
}, {
	"name_fr": "Serviette en coton à logo",
	"name_zh": "Logo棉质毛巾",
	"url_fr": "/fr-fr/p/y-3/maison/75I-G62053?ColorId=QkxBQ0svV0hJVEU1&amp;lvrid=_p_d316_ge"
}, {
	"name_fr": "Bouteille d'eau Prince",
	"name_zh": "Prince水瓶",
	"url_fr": "/fr-fr/p/sporty-rich/maison/75I-0YQ006?ColorId=T1JBTkdFL1dISVRF0&amp;lvrid=_p_dY11_ge"
}, {
	"name_fr": "Bouteille ASMC",
	"name_zh": "ASMC瓶子",
	"url_fr": "/fr-fr/p/adidas-by-stella-mccartney/maison/75I-00A021?ColorId=U1lFTExPL1NZRUxMTy9C0&amp;lvrid=_p_dSTE_ge"
}, {
	"name_fr": "Bouteille d'eau Prince",
	"name_zh": "Prince水瓶",
	"url_fr": "/fr-fr/p/sporty-rich/maison/75I-0YQ027?ColorId=Q1JFQU0vUElORQ2&amp;lvrid=_p_dY11_ge"
}, {
	"name_fr": "Bouteille d'eau Marimekko",
	"name_zh": "Marimekko水瓶",
	"url_fr": "/fr-fr/p/adidas-performance/maison/75I-0XU195?ColorId=TVVMVENP0&amp;lvrid=_p_d4R8_ge"
}, {
	"name_fr": "Bouteille d'eau en verre détail quartz transparent",
	"name_zh": "透明石英玻璃水瓶",
	"url_fr": "/fr-fr/p/glacce/maison/74I-0Z1001?ColorId=Q0xFQVI1&amp;lvrid=_p_d0Z1_ge"
}, {
	"name_fr": "Bouteille d'eau en verre détail quartz fumé",
	"name_zh": "烟熏色石英石玻璃水瓶",
	"url_fr": "/fr-fr/p/glacce/maison/74I-0Z1004?ColorId=U01PS1k1&amp;lvrid=_p_d0Z1_ge"
}, {
	"name_fr": "Bouteille d'eau en verre détail améthyste",
	"name_zh": "紫水晶玻璃水瓶",
	"url_fr": "/fr-fr/p/glacce/maison/74I-0Z1003?ColorId=QU1FVEhZU1Q1&amp;lvrid=_p_d0Z1_ge"
}, {
	"name_fr": "Bouteille d'eau en verre détail obsidienne noir",
	"name_zh": "黑曜石玻璃水瓶",
	"url_fr": "/fr-fr/p/glacce/maison/74I-0Z1005?ColorId=QkxBQ0s1&amp;lvrid=_p_d0Z1_ge"
}, {
	"name_fr": "Paille en verre détail améthyste",
	"name_zh": "紫水晶玻璃吸管",
	"url_fr": "/fr-fr/p/glacce/maison/74I-0Z1006?ColorId=QU1FVEhZU1Q1&amp;lvrid=_p_d0Z1_ge"
}, {
	"name_fr": "Couvercle de rechange",
	"name_zh": "替换盖子套装",
	"url_fr": "/fr-fr/p/glacce/maison/74I-YLA002?ColorId=TUVUQUxMSUMgR1JFWQ2&amp;lvrid=_p_d0Z1_ge"
}, {
	"name_fr": "Paille en verre avec détail en quartz transparent",
	"name_zh": "透明石英玻璃吸管",
	"url_fr": "/fr-fr/p/glacce/maison/74I-0Z1009?ColorId=V0hJVEU1&amp;lvrid=_p_d0Z1_ge"
}, {
	"name_fr": "Paille en verre détail quartz fumé",
	"name_zh": "烟熏色石英玻璃吸管",
	"url_fr": "/fr-fr/p/glacce/maison/74I-0Z1007?ColorId=U01PS1k1&amp;lvrid=_p_d0Z1_ge"
}, {
	"name_fr": "Couvercle de rechange",
	"name_zh": "替换盖",
	"url_fr": "/fr-fr/p/glacce/maison/74I-0Z1016?ColorId=TUVUQUxMSUMgR1JFWQ2&amp;lvrid=_p_d0Z1_ge"
}, {
	"name_fr": "Bouteille en verre de rechange",
	"name_zh": "替换玻璃瓶",
	"url_fr": "/fr-fr/p/glacce/maison/74I-0Z1015?ColorId=V0hJVEU1&amp;lvrid=_p_d0Z1_ge"
}, {
	"name_fr": "Paille en verre détail quartz rose",
	"name_zh": "玫瑰色石英玻璃吸管",
	"url_fr": "/fr-fr/p/glacce/maison/74I-0Z1008?ColorId=Uk9TRQ2&amp;lvrid=_p_d0Z1_ge"
}, {
	"name_fr": "LOT DE 4 ASSIETTES PLATES \"DRESSED\"",
	"name_zh": "“DRESSED”餐盘4个套装",
	"url_fr": "/fr-fr/p/alessi/maison/73I-Y1T002?ColorId=QklBTkNP0&amp;lvrid=_p_dPBF_ge"
}, {
	"name_fr": "PAPIER PEINT \"MARBELING\"",
	"name_zh": "“MARBELING”壁纸",
	"url_fr": "/fr-fr/p/ferm-living/maison/70I-0VR056?ColorId=QkVJR0U1&amp;lvrid=_p_d0VS_ge"
}, {
	"name_fr": "BOÎTE RONDE EN ACIER",
	"name_zh": "钢制圆形收纳盒",
	"url_fr": "/fr-fr/p/hay/maison/70I-KEZ018?ColorId=U0lMVkVS0&amp;lvrid=_p_dKEZ_ge"
}, {
	"name_fr": "PETITE BOÎTE \"CRAQUELE LACCA\"",
	"name_zh": "小号\"CRAQUELE LACCA\"盒子",
	"url_fr": "/fr-fr/p/rubelli/maison/69I-WY8014?ColorId=Q1JBUVVFTEUvTEFDQ0E1&amp;lvrid=_p_dWY8_ge"
}, {
	"name_fr": "PETITE BOÎTE \"DOMUS ROSSO\"",
	"name_zh": "小号\"DOMUS ROSSO\"盒子",
	"url_fr": "/fr-fr/p/rubelli/maison/69I-WY8020?ColorId=RE9NVVMgUk9TU081&amp;lvrid=_p_dWY8_ge"
}, {
	"name_fr": "PAPIER PEINT DÉGRADÉ \"\"FLOATING\"",
	"name_zh": "\"FLOATING\"渐变色墙纸",
	"url_fr": "/fr-fr/p/moustache/maison/65I-W8C018?ColorId=MDU5L1JFRA2&amp;lvrid=_p_dVVO_ge"
}, {
	"name_fr": "CARNET EN PAPIER DE COTON",
	"name_zh": "纯棉纸笔记本",
	"url_fr": "/fr-fr/p/maison-margiela/maison/65I-0V4048?ColorId=V0hJVEU1&amp;lvrid=_p_dM6A_ge"
}]