[{
	"name_fr": "LAMPE MURALE \"MONKEY HANGING\"",
	"name_zh": "“MONKEY”壁灯",
	"url_fr": "/fr-fr/p/seletti/maison/73I-0QQ090?ColorId=V0hJVEU1&amp;lvrid=_p_d0QQ_ge"
}, {
	"name_fr": "Lampe en verre Vuelta",
	"name_zh": "Vuelta玻璃灯",
	"url_fr": "/fr-fr/p/ferm-living/maison/75I-YVV004?ColorId=V0hJVEU1&amp;lvrid=_p_d0VS_ge"
}, {
	"name_fr": "GRAND ABAT-JOUR \"EOS\"",
	"name_zh": "大号\"EOS\"灯罩",
	"url_fr": "/fr-fr/p/umage/maison/73I-WL7001?ColorId=V0hJVEU1&amp;lvrid=_p_dKDH_ge"
}, {
	"name_fr": "LAMPE DE TABLE \"CUJO THE CAT\"",
	"name_zh": "“CUJO THE CAT”台灯",
	"url_fr": "/fr-fr/p/seletti/maison/73I-0QQ051?ColorId=QkxBQ0s1&amp;lvrid=_p_d0QQ_ge"
}, {
	"name_fr": "LAMPE \"DINING STREET\"",
	"name_zh": "“DINING STREET”台灯",
	"url_fr": "/fr-fr/p/seletti/maison/73I-0QQ109?ColorId=V0hJVEU1&amp;lvrid=_p_d0QQ_ge"
}, {
	"name_fr": "LAMPE DE TABLE EN VERRE \"PAO\"",
	"name_zh": "“PAO”玻璃台灯",
	"url_fr": "/fr-fr/p/hay/maison/73I-WPS016?ColorId=V0hJVEU1&amp;lvrid=_p_dKEZ_ge"
}, {
	"name_fr": "ABAT-JOUR MOYEN \"CONIA\"",
	"name_zh": "中号\"CONIA\"灯罩",
	"url_fr": "/fr-fr/p/umage/maison/73I-WL7004?ColorId=V0hJVEU1&amp;lvrid=_p_dKDH_ge"
}, {
	"name_fr": "Lampe en porcelaine Kokeshi",
	"name_zh": "Kokeshi陶瓷台灯",
	"url_fr": "/fr-fr/p/lladr%c3%b2/maison/75I-VQT018?ColorId=UElOSw2&amp;lvrid=_p_d0OY_ge"
}, {
	"name_fr": "Lampe rechargeable Oz",
	"name_zh": "Oz充电台灯",
	"url_fr": "/fr-fr/p/armani-casa/maison/75I-WYO058?ColorId=QzAxNjE1&amp;lvrid=_p_dWVE_ge"
}, {
	"name_fr": "Lampe de table Akari 3AD",
	"name_zh": "Akari 3AD台灯",
	"url_fr": "/fr-fr/p/vitra/maison/74I-VRP039?ColorId=TVVMVEk1&amp;lvrid=_p_dVRP_ge"
}, {
	"name_fr": "Lampe de table Firefly Lotus",
	"name_zh": "Firefly Lotus台灯",
	"url_fr": "/fr-fr/p/lladr%c3%b2/maison/75I-VQT022?ColorId=Q09SQUxMTw2&amp;lvrid=_p_d0OY_ge"
}, {
	"name_fr": "Lampe de table Tripod",
	"name_zh": "Tripod台灯",
	"url_fr": "/fr-fr/p/karakter/maison/75I-YHA002?ColorId=VkVUUk8gRlVNRQ2&amp;lvrid=_p_dYHA_ge"
}, {
	"name_fr": "Lampe Dining Street",
	"name_zh": "“DINING STREET”台灯",
	"url_fr": "/fr-fr/p/seletti/maison/74I-0QQ031?ColorId=R1JFWQ2&amp;lvrid=_p_d0QQ_ge"
}, {
	"name_fr": "SUSPENSION EFFET MARBRE",
	"name_zh": "大理石效果吊灯",
	"url_fr": "/fr-fr/p/hay/maison/73I-WPS023?ColorId=QkxBQ0sgTUFSQkxF0&amp;lvrid=_p_dKEZ_ge"
}, {
	"name_fr": "Lampe de table PC",
	"name_zh": "PC台灯",
	"url_fr": "/fr-fr/p/hay/maison/74I-KEZ026?ColorId=QUxVTUlOSVVNIEFOT0RJ0&amp;lvrid=_p_dKEZ_ge"
}, {
	"name_fr": "ABAT-JOUR MOYEN EN ACIER BROSSÉ \"SILVIA\"",
	"name_zh": "中号\"SILVIA\"抛光钢颜色灯罩",
	"url_fr": "/fr-fr/p/umage/maison/73I-WL7003?ColorId=U1RFRUw1&amp;lvrid=_p_dKDH_ge"
}, {
	"name_fr": "SUSPENSION EFFET MARBRE",
	"name_zh": "大理石效果吊灯",
	"url_fr": "/fr-fr/p/hay/maison/73I-WPS022?ColorId=V0hJVEUgTUFSQkxF0&amp;lvrid=_p_dKEZ_ge"
}, {
	"name_fr": "Suspension Monkey on a Cord",
	"name_zh": "Monkey On A Cord吊灯",
	"url_fr": "/fr-fr/p/seletti/maison/74I-0QQ082?ColorId=V0hJVEU1&amp;lvrid=_p_d0QQ_ge"
}, {
	"name_fr": "LAMPE DE TABLE \"MARSELIS\"",
	"name_zh": "“MARSELIS”台灯",
	"url_fr": "/fr-fr/p/hay/maison/73I-WPS025?ColorId=U09GVCBCTEFDSw2&amp;lvrid=_p_dKEZ_ge"
}, {
	"name_fr": "LAMPE DE TABLE \"BELL\"",
	"name_zh": "“BELL”台灯",
	"url_fr": "/fr-fr/p/ferm-living/maison/73I-0VR099?ColorId=V0hJVEU1&amp;lvrid=_p_d0VS_ge"
}, {
	"name_fr": "Applique murale mini à LED en cuivre",
	"name_zh": "Copper LED Melt Mini Surface壁灯",
	"url_fr": "/fr-fr/p/tom-dixon/maison/75I-YR0027?ColorId=Q09QUEVS0&amp;lvrid=_p_dVVB_ge"
}, {
	"name_fr": "Lampe de table en cuivre Bell",
	"name_zh": "Bell红铜台灯",
	"url_fr": "/fr-fr/p/tom-dixon/maison/75I-YR0001?ColorId=Q09QUEVS0&amp;lvrid=_p_dVVB_ge"
}, {
	"name_fr": "ABAT-JOUR MOYEN EN LAITON BROSSÉ \"SILVIA\"",
	"name_zh": "中号\"SILVIA\"抛光黄铜色灯罩",
	"url_fr": "/fr-fr/p/umage/maison/73I-WL7002?ColorId=QlJBU1M1&amp;lvrid=_p_dKDH_ge"
}, {
	"name_fr": "Applique murale Lina Golden Ends",
	"name_zh": "Linea Golden Ends壁灯",
	"url_fr": "/fr-fr/p/seletti/maison/74I-0QQ053?ColorId=R1JF0&amp;lvrid=_p_d0QQ_ge"
}, {
	"name_fr": "LAMPE DE TABLE \"CLOCHE\"",
	"name_zh": "“CLOCHE”台灯",
	"url_fr": "/fr-fr/p/hay/maison/73I-WPS026?ColorId=TUlOVCBHUkVFTiAvIEJM0&amp;lvrid=_p_dKEZ_ge"
}, {
	"name_fr": "Lampe Firefly by Olga Hanono",
	"name_zh": "Firefly Lamp by Olga Hanono台灯",
	"url_fr": "/fr-fr/p/lladr%c3%b2/maison/75I-VQT021?ColorId=TVVMVEk1&amp;lvrid=_p_d0OY_ge"
}, {
	"name_fr": "Lampe de table Riscio",
	"name_zh": "Riscio台灯",
	"url_fr": "/fr-fr/p/karakter/maison/74I-YHA021?ColorId=TUlETklHSFQgQkxVRQ2&amp;lvrid=_p_dYHA_ge"
}, {
	"name_fr": "Lampe de table en pierre",
	"name_zh": "Stone台灯",
	"url_fr": "/fr-fr/p/tom-dixon/maison/75I-YR0002?ColorId=U1RPTkU1&amp;lvrid=_p_dVVB_ge"
}, {
	"name_fr": "Lampe en porcelaine Kokeshi",
	"name_zh": "Kokeshi陶瓷台灯",
	"url_fr": "/fr-fr/p/lladr%c3%b2/maison/75I-VQT019?ColorId=QkxVRQ2&amp;lvrid=_p_d0OY_ge"
}, {
	"name_fr": "Lampe de table Riscio",
	"name_zh": "Riscio台灯",
	"url_fr": "/fr-fr/p/karakter/maison/74I-YHA023?ColorId=V0hJVEU1&amp;lvrid=_p_dYHA_ge"
}, {
	"name_fr": "Lampe de table Tripod",
	"name_zh": "Tripod台灯",
	"url_fr": "/fr-fr/p/karakter/maison/75I-YHA001?ColorId=VkVUUk8gVFJBU1BBUkVO0&amp;lvrid=_p_dYHA_ge"
}, {
	"name_fr": "Lampe de table noire Beat",
	"name_zh": "Beat台灯",
	"url_fr": "/fr-fr/p/tom-dixon/maison/75I-YR0028?ColorId=QkxBQ0s1&amp;lvrid=_p_dVVB_ge"
}, {
	"name_fr": "Applique murale en pierre",
	"name_zh": "Stone壁灯",
	"url_fr": "/fr-fr/p/tom-dixon/maison/75I-YR0025?ColorId=V0hJVEU1&amp;lvrid=_p_dVVB_ge"
}, {
	"name_fr": "Lampe de table Jobby the Cat",
	"name_zh": "Jobby The Cat台灯",
	"url_fr": "/fr-fr/p/seletti/maison/74I-0QQ077?ColorId=QkxBQ0s1&amp;lvrid=_p_d0QQ_ge"
}, {
	"name_fr": "LAMPE DE TABLE \"MARSELIS\"",
	"name_zh": "“MARSELIS”台灯",
	"url_fr": "/fr-fr/p/hay/maison/73I-WPS024?ColorId=QVNIIEdSRVk1&amp;lvrid=_p_dKEZ_ge"
}, {
	"name_fr": "Applique murale Lina Golden Ends",
	"name_zh": "Linea Golden Ends壁灯",
	"url_fr": "/fr-fr/p/seletti/maison/74I-0QQ053?ColorId=RlVD0&amp;lvrid=_p_d0QQ_ge"
}, {
	"name_fr": "Lampe de table Riscio",
	"name_zh": "Riscio台灯",
	"url_fr": "/fr-fr/p/karakter/maison/74I-YHA022?ColorId=SkFQQU5FU0UgUkVE0&amp;lvrid=_p_dYHA_ge"
}, {
	"name_fr": "Lampe en porcelaine Kokeshi",
	"name_zh": "Kokeshi陶瓷台灯",
	"url_fr": "/fr-fr/p/lladr%c3%b2/maison/75I-VQT020?ColorId=Q1JFQU01&amp;lvrid=_p_d0OY_ge"
}, {
	"name_fr": "Lampe de table Firefly Lotus",
	"name_zh": "Firefly Lotus台灯",
	"url_fr": "/fr-fr/p/lladr%c3%b2/maison/75I-VQT024?ColorId=QVZPUklP0&amp;lvrid=_p_d0OY_ge"
}, {
	"name_fr": "Applique murale Lina Golden Ends",
	"name_zh": "Linea Golden Ends壁灯",
	"url_fr": "/fr-fr/p/seletti/maison/74I-0QQ053?ColorId=WUVM0&amp;lvrid=_p_d0QQ_ge"
}, {
	"name_fr": "LAMPE MOYENNE À BATTERIE \"BLUE ICE CREAM\"",
	"name_zh": "中号“BLUE ICE CREAM”充电台灯",
	"url_fr": "/fr-fr/p/lladr%c3%b2/maison/73I-0OY006?ColorId=QkxVRQ2&amp;lvrid=_p_d0OY_ge"
}, {
	"name_fr": "Lampe de table Firefly Lotus",
	"name_zh": "Firefly Lotus台灯",
	"url_fr": "/fr-fr/p/lladr%c3%b2/maison/75I-VQT023?ColorId=QkxV0&amp;lvrid=_p_d0OY_ge"
}, {
	"name_fr": "Lample murale en acrylique Blow",
	"name_zh": "Blow LED壁灯",
	"url_fr": "/fr-fr/p/seletti/maison/74I-0QQ078?ColorId=TVVMVEk1&amp;lvrid=_p_d0QQ_ge"
}, {
	"name_fr": "LAMPE MOYEN À BATTERIE \"NUDE ICE CREAM\"",
	"name_zh": "中号“NUDE ICE CREAM”充电台灯",
	"url_fr": "/fr-fr/p/lladr%c3%b2/maison/73I-0OY005?ColorId=TlVERQ2&amp;lvrid=_p_d0OY_ge"
}, {
	"name_fr": "Lampe portable Pao",
	"name_zh": "Pao便携台灯",
	"url_fr": "/fr-fr/p/hay/maison/76I-KEZ027?ColorId=UkVE0&amp;lvrid=_p_dKEZ_ge"
}, {
	"name_fr": "Lampe de bureau Paul Smith Type 75 Mini",
	"name_zh": "Paul Smith Type 75迷你台灯",
	"url_fr": "/fr-fr/p/anglepoise/maison/75I-YWZ010?ColorId=RURJVElPTiBUSFJFRQ2&amp;lvrid=_p_dYWZ_ge"
}, {
	"name_fr": "Lampe de table Blom",
	"name_zh": "Blom台灯",
	"url_fr": "/fr-fr/p/fontanaarte/maison/74I-WV9015?ColorId=QkxVRQ2&amp;lvrid=_p_dWV9_ge"
}, {
	"name_fr": "Lampe de table Float",
	"name_zh": "Float台灯",
	"url_fr": "/fr-fr/p/axolight/maison/76I-Z6Y002?ColorId=QkxVRQ2&amp;lvrid=_p_dYXW_ge"
}, {
	"name_fr": "Suspension moyenne Asteria",
	"name_zh": "Asteria中号吊灯",
	"url_fr": "/fr-fr/p/umage/maison/75I-WL7002?ColorId=UEVUUk9MIEJMVUU1&amp;lvrid=_p_dKDH_ge"
}, {
	"name_fr": "PETITE LAMPE DE CHEVET \"PINS\"",
	"name_zh": "“PINS”小号台灯",
	"url_fr": "/fr-fr/p/marioni/maison/73I-VVS024?ColorId=TTEvMDU1&amp;lvrid=_p_dE74_ge"
}, {
	"name_fr": "Lampe de bureau Paul Smith Type 75 Mini",
	"name_zh": "Paul Smith Type 75迷你台灯",
	"url_fr": "/fr-fr/p/anglepoise/maison/75I-YWZ009?ColorId=RURJVElPTiBUV081&amp;lvrid=_p_dYWZ_ge"
}, {
	"name_fr": "Lampe de table sans fil Rod",
	"name_zh": "Rod无线台灯",
	"url_fr": "/fr-fr/p/diesel-living-with-lodes/maison/75I-Z1O001?ColorId=TkVSTyBPUEFDTw2&amp;lvrid=_p_dZ1P_ge"
}, {
	"name_fr": "Lampe de table Cut",
	"name_zh": "Cut台灯",
	"url_fr": "/fr-fr/p/axolight/maison/75I-YXW002?ColorId=TkU1&amp;lvrid=_p_dYXW_ge"
}, {
	"name_fr": "Lampe de table sans fil Rod",
	"name_zh": "Rod无线台灯",
	"url_fr": "/fr-fr/p/diesel-living-with-lodes/maison/75I-Z1O003?ColorId=U09GVCBQSU5L0&amp;lvrid=_p_dZ1P_ge"
}, {
	"name_fr": "Applique murale W3 Type 80",
	"name_zh": "Type 80 W3壁灯",
	"url_fr": "/fr-fr/p/anglepoise/maison/75I-YWZ016?ColorId=R1JFWSBNSVNU0&amp;lvrid=_p_dYWZ_ge"
}, {
	"name_fr": "Lampe de table à batterie Goodnight",
	"name_zh": "Goodnight电池台灯",
	"url_fr": "/fr-fr/p/kartell/maison/75I-Y8J044?ColorId=WFg1&amp;lvrid=_p_dIJ2_ge"
}, {
	"name_fr": "Lampe mini Planet",
	"name_zh": "Mini Plane台灯",
	"url_fr": "/fr-fr/p/kartell/maison/75I-Y8J063?ColorId=R0k1&amp;lvrid=_p_dIJ2_ge"
}, {
	"name_fr": "Lampe de table Binic",
	"name_zh": "Binic台灯",
	"url_fr": "/fr-fr/p/foscarini/maison/75I-VL8016?ColorId=Uk9TQQ2&amp;lvrid=_p_dVL8_ge"
}, {
	"name_fr": "Lampe de bureau Filo Emerald King",
	"name_zh": "Filo Emerald King台灯",
	"url_fr": "/fr-fr/p/foscarini/maison/75I-VL8004?ColorId=RU1FUkFMRCBLSU5H0&amp;lvrid=_p_dVL8_ge"
}, {
	"name_fr": "Lampe murale LED Bahia",
	"name_zh": "Bahia LED壁灯",
	"url_fr": "/fr-fr/p/foscarini/maison/75I-VL8030?ColorId=QklBTkNP0&amp;lvrid=_p_dVL8_ge"
}, {
	"name_fr": "Abat-jour moyen Aluvia",
	"name_zh": "Aluvia中号灯罩",
	"url_fr": "/fr-fr/p/umage/maison/75I-WL7007?ColorId=QlJPTlpF0&amp;lvrid=_p_dKDH_ge"
}, {
	"name_fr": "LAMPE DE TABLE \"PALM\"",
	"name_zh": "“PALM”台灯",
	"url_fr": "/fr-fr/p/marioni/maison/73I-VVS022?ColorId=VFMvMDk1&amp;lvrid=_p_dE74_ge"
}, {
	"name_fr": "Lampe Standing Mouse",
	"name_zh": "“STANDING MOUSE”台灯",
	"url_fr": "/fr-fr/p/seletti/maison/74I-0QQ040?ColorId=V0hJVEU1&amp;lvrid=_p_d0QQ_ge"
}, {
	"name_fr": "Grande lampe de table à batterie",
	"name_zh": "“BIG BATTERY”台灯",
	"url_fr": "/fr-fr/p/kartell/maison/74I-VNN031?ColorId=UFIvUFJVR05B0&amp;lvrid=_p_dIJ2_ge"
}, {
	"name_fr": "LAMPE DE TABLE \"PC PORTABLE\"",
	"name_zh": "“PC PORTABLE”台灯",
	"url_fr": "/fr-fr/p/hay/maison/73I-KEZ131?ColorId=T0xJVkU1&amp;lvrid=_p_dKEZ_ge"
}, {
	"name_fr": "Suspension Monkey on a Cord",
	"name_zh": "Monkey On A Cord吊灯",
	"url_fr": "/fr-fr/p/seletti/maison/74I-0QQ083?ColorId=QkxBQ0s1&amp;lvrid=_p_d0QQ_ge"
}, {
	"name_fr": "LAMPE CLOCHE",
	"name_zh": "“CLOCHE”台灯",
	"url_fr": "/fr-fr/p/hay/maison/73I-KEZ123?ColorId=QkxBQ0s1&amp;lvrid=_p_dKEZ_ge"
}, {
	"name_fr": "Lampe de table mate Aledin",
	"name_zh": "Aledin Matte台灯",
	"url_fr": "/fr-fr/p/kartell/maison/75I-Y8J067?ColorId=MDkvTkVSTw2&amp;lvrid=_p_dIJ2_ge"
}, {
	"name_fr": "Lampe de table à batterie",
	"name_zh": "电池台灯",
	"url_fr": "/fr-fr/p/kartell/maison/66I-WCY008?ColorId=RlUvRlVNRQ2&amp;lvrid=_p_dIJ2_ge"
}, {
	"name_fr": "Lample de table PC Portable",
	"name_zh": "PC Portable台灯",
	"url_fr": "/fr-fr/p/hay/maison/75I-KEZ019?ColorId=Q1JFQU0gV0hJVEU1&amp;lvrid=_p_dKEZ_ge"
}, {
	"name_fr": "Petite lampe de table Kabuki",
	"name_zh": "Kabuki迷你台灯",
	"url_fr": "/fr-fr/p/kartell/maison/75I-Y8J027?ColorId=QjQvQ1JJU1RBTExP0&amp;lvrid=_p_dIJ2_ge"
}, {
	"name_fr": "Lampe de table à batterie",
	"name_zh": "电池台灯",
	"url_fr": "/fr-fr/p/kartell/maison/75I-Y8J019?ColorId=QjQ1&amp;lvrid=_p_dIJ2_ge"
}, {
	"name_fr": "Lampe de table Sardina Glow",
	"name_zh": "Sardina Glow台灯",
	"url_fr": "/fr-fr/p/seletti/maison/75I-0QQ016?ColorId=V0hJVEU1&amp;lvrid=_p_d0QQ_ge"
}, {
	"name_fr": "Lampe de table Bell",
	"name_zh": "Bell台灯",
	"url_fr": "/fr-fr/p/tom-dixon/maison/75I-YR0029?ColorId=QlJBU1M1&amp;lvrid=_p_dVVB_ge"
}, {
	"name_fr": "Suspension Spokes 2",
	"name_zh": "Spokes 2吊灯",
	"url_fr": "/fr-fr/p/foscarini/maison/75I-VL8026?ColorId=T1JP0&amp;lvrid=_p_dVL8_ge"
}, {
	"name_fr": "Lampe Mac Mouse",
	"name_zh": "Mac Mouse台灯",
	"url_fr": "/fr-fr/p/seletti/maison/74I-0QQ007?ColorId=R09MRA2&amp;lvrid=_p_d0QQ_ge"
}, {
	"name_fr": "Lampe de table Bourgie",
	"name_zh": "Bourgie台灯",
	"url_fr": "/fr-fr/p/kartell/maison/73I-Y8J015?ColorId=UTgvTkVSTw2&amp;lvrid=_p_dIJ2_ge"
}, {
	"name_fr": "Lampe de table Asteria",
	"name_zh": "Asteria台灯",
	"url_fr": "/fr-fr/p/umage/maison/75I-WL7004?ColorId=QkxBQ0s1&amp;lvrid=_p_dKDH_ge"
}, {
	"name_fr": "Lampe Lyie Down Mouse",
	"name_zh": "Lyie Down Mouse台灯",
	"url_fr": "/fr-fr/p/seletti/maison/74I-0QQ027?ColorId=V0hJVEU1&amp;lvrid=_p_d0QQ_ge"
}, {
	"name_fr": "Lampe portable Asteria Move",
	"name_zh": "Asteria Move移动便携式灯",
	"url_fr": "/fr-fr/p/umage/maison/75I-WL7006?ColorId=Rk9SRVNUIEdSRUVO0&amp;lvrid=_p_dKDH_ge"
}, {
	"name_fr": "Lampe de bureau",
	"name_zh": "Lampe de Bureau台灯",
	"url_fr": "/fr-fr/p/vitra/maison/74I-VRP044?ColorId=REVFUCBCTEFDSw2&amp;lvrid=_p_dVRP_ge"
}, {
	"name_fr": "Lample de table My Little Evening",
	"name_zh": "My Little Evening台灯",
	"url_fr": "/fr-fr/p/seletti/maison/74I-0QQ018?ColorId=QkxBQ0s1&amp;lvrid=_p_d0QQ_ge"
}, {
	"name_fr": "Grande lampe de table à batterie",
	"name_zh": "“BIG BATTERY”台灯",
	"url_fr": "/fr-fr/p/kartell/maison/74I-VNN030?ColorId=Q08vQ09MQQ2&amp;lvrid=_p_dIJ2_ge"
}, {
	"name_fr": "Lampe Sitting Mouse",
	"name_zh": "“SITTING MOUSE”台灯",
	"url_fr": "/fr-fr/p/seletti/maison/74I-0QQ039?ColorId=V0hJVEU1&amp;lvrid=_p_d0QQ_ge"
}, {
	"name_fr": "Grande lampe de table à batterie",
	"name_zh": "“BIG BATTERY”台灯",
	"url_fr": "/fr-fr/p/kartell/maison/74I-VNN017?ColorId=QjQ1&amp;lvrid=_p_dIJ2_ge"
}, {
	"name_fr": "Lample de table PC Portable",
	"name_zh": "PC Portable台灯",
	"url_fr": "/fr-fr/p/hay/maison/75I-KEZ020?ColorId=U09GVCBCTEFDSw2&amp;lvrid=_p_dKEZ_ge"
}, {
	"name_fr": "LAMPE DE TABLE \"BOURGIE\"",
	"name_zh": "“BOURGIE”台灯",
	"url_fr": "/fr-fr/p/kartell/maison/72I-VNN027?ColorId=QjQvQ1JJU1RBTExP0&amp;lvrid=_p_dIJ2_ge"
}, {
	"name_fr": "Suspension moyenne Asteria",
	"name_zh": "Asteria中号吊灯",
	"url_fr": "/fr-fr/p/umage/maison/75I-WL7003?ColorId=TlVBTkNFIE9MSVZF0&amp;lvrid=_p_dKDH_ge"
}, {
	"name_fr": "Applique murale mini à LED en or",
	"name_zh": "Gold LED Melt Mini Surface壁灯",
	"url_fr": "/fr-fr/p/tom-dixon/maison/75I-YR0026?ColorId=R09MRA2&amp;lvrid=_p_dVVB_ge"
}, {
	"name_fr": "Lampe de table Monkey",
	"name_zh": "“MONKEY”台灯",
	"url_fr": "/fr-fr/p/seletti/maison/74I-0QQ041?ColorId=V0hJVEU1&amp;lvrid=_p_d0QQ_ge"
}, {
	"name_fr": "Lampe de table Lop",
	"name_zh": "Lop Mouse台灯",
	"url_fr": "/fr-fr/p/seletti/maison/74I-0QQ032?ColorId=R09MRA2&amp;lvrid=_p_d0QQ_ge"
}, {
	"name_fr": "Lampe Step Mouse",
	"name_zh": "Step Mouse台灯",
	"url_fr": "/fr-fr/p/seletti/maison/74I-0QQ006?ColorId=R09MRA2&amp;lvrid=_p_d0QQ_ge"
}, {
	"name_fr": "Lampe de table Take",
	"name_zh": "Take台灯",
	"url_fr": "/fr-fr/p/kartell/maison/74I-VNN043?ColorId=UTgvTkVSTw2&amp;lvrid=_p_dIJ2_ge"
}, {
	"name_fr": "Lampe de table Bourgie",
	"name_zh": "Bourgie Matte台灯",
	"url_fr": "/fr-fr/p/kartell/maison/74I-VNN042?ColorId=MDMvQklBTkNP0&amp;lvrid=_p_dIJ2_ge"
}, {
	"name_fr": "ABAT-JOUR MOYEN \"EOS ESTHER\"",
	"name_zh": "“EOS ESTHER”中号灯罩",
	"url_fr": "/fr-fr/p/umage/maison/73I-WL7010?ColorId=V0hJVEU1&amp;lvrid=_p_dKDH_ge"
}, {
	"name_fr": "LAMPE \"MERIDIAN\"",
	"name_zh": "“MERIDIAN”台灯",
	"url_fr": "/fr-fr/p/ferm-living/maison/74I-0VR006?ColorId=QkxBQ0s1&amp;lvrid=_p_d0VS_ge"
}, {
	"name_fr": "ABAT-JOUR MOYEN \"ALUVIA\"",
	"name_zh": "“ALUVIA”中号灯罩",
	"url_fr": "/fr-fr/p/umage/maison/73I-WL7018?ColorId=QlJVU0hFRCBCUkFTUw2&amp;lvrid=_p_dKDH_ge"
}, {
	"name_fr": "MINI ABAT-JOUR \"CASSINI\"",
	"name_zh": "“CASSINI”迷你灯罩",
	"url_fr": "/fr-fr/p/umage/maison/73I-WL7009?ColorId=QkxBQ0s1&amp;lvrid=_p_dKDH_ge"
}, {
	"name_fr": "ABAT-JOUR \"JAZZ\"",
	"name_zh": "“JAZZ”灯罩",
	"url_fr": "/fr-fr/p/umage/maison/73I-WL7015?ColorId=REFSSyBPQUs1&amp;lvrid=_p_dKDH_ge"
}, {
	"name_fr": "ABAT-JOUR EN BOIS \"CLAVA DINE\"",
	"name_zh": "“CLAVA DINE”木质灯罩",
	"url_fr": "/fr-fr/p/umage/maison/73I-WL7016?ColorId=T0FLICBBU0g1&amp;lvrid=_p_dKDH_ge"
}, {
	"name_fr": "Lampe portable Asteria Move",
	"name_zh": "Asteria Move移动便携式灯",
	"url_fr": "/fr-fr/p/umage/maison/75I-WL7005?ColorId=UEVBUkwgV0hJVEU1&amp;lvrid=_p_dKDH_ge"
}, {
	"name_fr": "ABAT-JOUR MOYEN \"ALUVIA\"",
	"name_zh": "“ALUVIA”中号灯罩",
	"url_fr": "/fr-fr/p/umage/maison/73I-WL7019?ColorId=QU5USFJBQ0lURSBHUkVZ0&amp;lvrid=_p_dKDH_ge"
}, {
	"name_fr": "LAMPE DE TABLE \"LANTERN\"",
	"name_zh": "\"LANTERN\"台灯",
	"url_fr": "/fr-fr/p/kartell/maison/67I-VNN019?ColorId=QU0vQU1CUkE1&amp;lvrid=_p_dIJ2_ge"
}, {
	"name_fr": "Suspension moyenne Asteria",
	"name_zh": "Asteria中号吊灯",
	"url_fr": "/fr-fr/p/umage/maison/75I-WL7001?ColorId=QU5USFJBQ0lURSBHUkVZ0&amp;lvrid=_p_dKDH_ge"
}, {
	"name_fr": "LAMPE DE TABLE \"BATTERY\"",
	"name_zh": "“BATTERY”台灯",
	"url_fr": "/fr-fr/p/kartell/maison/74I-VNN036?ColorId=VkUvVkVSREU1&amp;lvrid=_p_dIJ2_ge"
}, {
	"name_fr": "Lampe de table Moschino Toy",
	"name_zh": "“MOSCHINO TOY”台灯",
	"url_fr": "/fr-fr/p/kartell/maison/74I-VNN010?ColorId=MDA1&amp;lvrid=_p_dIJ2_ge"
}, {
	"name_fr": "Lampe Still Chameleon",
	"name_zh": "Still Chameleon台灯",
	"url_fr": "/fr-fr/p/seletti/maison/74I-0QQ081?ColorId=V0hJVEU1&amp;lvrid=_p_d0QQ_ge"
}, {
	"name_fr": "Lampe de table en métal à batterie",
	"name_zh": "Battery金属台灯",
	"url_fr": "/fr-fr/p/kartell/maison/75I-Y8J053?ColorId=R0cvR09MRA2&amp;lvrid=_p_dIJ2_ge"
}, {
	"name_fr": "Lampe de table mini Kabuki",
	"name_zh": "迷你“KABUKI”台灯",
	"url_fr": "/fr-fr/p/kartell/maison/73I-VNN012?ColorId=MDkvTkVSTw2&amp;lvrid=_p_dIJ2_ge"
}, {
	"name_fr": "Lampe de table en métal Bourgie",
	"name_zh": "Bourgie金属色台灯",
	"url_fr": "/fr-fr/p/kartell/maison/73I-VNN032?ColorId=MDAvQVJHRU5UTw2&amp;lvrid=_p_dIJ2_ge"
}, {
	"name_fr": "Lampe blanche mate Bourgie",
	"name_zh": "Bourgie Mat White台灯",
	"url_fr": "/fr-fr/p/kartell/maison/74I-VNN026?ColorId=MDk1&amp;lvrid=_p_dIJ2_ge"
}, {
	"name_fr": "ABAT-JOUR EN BOIS \"CLAVA DINE\"",
	"name_zh": "“CLAVA DINE”木质灯罩",
	"url_fr": "/fr-fr/p/umage/maison/73I-WL7025?ColorId=QkxBQ0s1&amp;lvrid=_p_dKDH_ge"
}, {
	"name_fr": "LAMPE DE TABLE \"LANTERN\"",
	"name_zh": "\"LANTERN\"台灯",
	"url_fr": "/fr-fr/p/kartell/maison/67I-VNN051?ColorId=QjQvQ1JJU1RBTExP0&amp;lvrid=_p_dIJ2_ge"
}, {
	"name_fr": "LAMPE DE TABLE \"BATTERY\"",
	"name_zh": "“BATTERY”台灯",
	"url_fr": "/fr-fr/p/kartell/maison/73I-YBC005?ColorId=VkUvVkVSREU1&amp;lvrid=_p_dIJ2_ge"
}, {
	"name_fr": "Lampe de table Bourgie Matte",
	"name_zh": "Bourgie Matte台灯",
	"url_fr": "/fr-fr/p/kartell/maison/76I-Y8J011?ColorId=MDMvQklBTkNP0&amp;lvrid=_p_dIJ2_ge"
}, {
	"name_fr": "Lampe de table Metallic Bourgie",
	"name_zh": "Bourgie金属色台灯",
	"url_fr": "/fr-fr/p/kartell/maison/76I-Y8J013?ColorId=MDAvT1JP0&amp;lvrid=_p_dIJ2_ge"
}, {
	"name_fr": "Lampe de table Bourgie Mat White",
	"name_zh": "Bourgie Mat White台灯",
	"url_fr": "/fr-fr/p/kartell/maison/76I-Y8J010?ColorId=MDk1&amp;lvrid=_p_dIJ2_ge"
}, {
	"name_fr": "Lampe de table Moschino Toy",
	"name_zh": "Moschino Toy台灯",
	"url_fr": "/fr-fr/p/kartell/maison/76I-Y8J016?ColorId=MDA1&amp;lvrid=_p_dIJ2_ge"
}, {
	"name_fr": "Lampe de table Take",
	"name_zh": "Take台灯",
	"url_fr": "/fr-fr/p/kartell/maison/76I-Y8J009?ColorId=QjQvQ1JJU1RBTExP0&amp;lvrid=_p_dIJ2_ge"
}, {
	"name_fr": "Lampe de table Float",
	"name_zh": "Float台灯",
	"url_fr": "/fr-fr/p/axolight/maison/76I-Z6Y005?ColorId=TUFVVkUgRFVTVA2&amp;lvrid=_p_dYXW_ge"
}, {
	"name_fr": "Lampe de table Float",
	"name_zh": "Float台灯",
	"url_fr": "/fr-fr/p/axolight/maison/76I-Z6Y004?ColorId=Q09OQ1JFVEUgR1JFRU41&amp;lvrid=_p_dYXW_ge"
}, {
	"name_fr": "Lampe de table Float",
	"name_zh": "Float台灯",
	"url_fr": "/fr-fr/p/axolight/maison/76I-Z6Y003?ColorId=TkVSTw2&amp;lvrid=_p_dYXW_ge"
}, {
	"name_fr": "Lampe de table Float",
	"name_zh": "Float台灯",
	"url_fr": "/fr-fr/p/axolight/maison/76I-Z6Y001?ColorId=QklBTkNP0&amp;lvrid=_p_dYXW_ge"
}, {
	"name_fr": "Lampe de table à batterie",
	"name_zh": "电池台灯",
	"url_fr": "/fr-fr/p/kartell/maison/76I-Y8J014?ColorId=UFIvUFJVR05B0&amp;lvrid=_p_dIJ2_ge"
}, {
	"name_fr": "Lampe portable Pao",
	"name_zh": "Pao便携台灯",
	"url_fr": "/fr-fr/p/hay/maison/76I-KEZ026?ColorId=Q1JFQU0gV0hJVEU1&amp;lvrid=_p_dKEZ_ge"
}, {
	"name_fr": "Lampe portable Pao",
	"name_zh": "Pao便携台灯",
	"url_fr": "/fr-fr/p/hay/maison/76I-KEZ025?ColorId=U09GVCBCTEFDSw2&amp;lvrid=_p_dKEZ_ge"
}, {
	"name_fr": "Lampe de table Tiara Luce 840.15 UVA",
	"name_zh": "Tiara Luce 840.15 UVA台灯",
	"url_fr": "/fr-fr/p/venini/maison/76I-KE5009?ColorId=VVYgTUVULkJMVSBGVU1F0&amp;lvrid=_p_dKE5_ge"
}, {
	"name_fr": "Lampe de table Tiara Luce 840,15 Talpa",
	"name_zh": "Tiara Luce 840.15 Talpa台灯",
	"url_fr": "/fr-fr/p/venini/maison/76I-KE5008?ColorId=VFAgTUVULiBCUk9OWk81&amp;lvrid=_p_dKE5_ge"
}, {
	"name_fr": "LAMPE DE TABLE \"BATTERY\"",
	"name_zh": "“BATTERY”台灯",
	"url_fr": "/fr-fr/p/kartell/maison/76I-Y8J032?ColorId=UFIvUFJVR05B0&amp;lvrid=_p_dIJ2_ge"
}, {
	"name_fr": "Lampe de table TeTaTeT",
	"name_zh": "TeTaTeT台灯",
	"url_fr": "/fr-fr/p/davide-groppi/maison/75I-Z06002?ColorId=QkxBQ0s1&amp;lvrid=_p_dZ06_ge"
}, {
	"name_fr": "Lampe mini Planet",
	"name_zh": "Mini Plane台灯",
	"url_fr": "/fr-fr/p/kartell/maison/75I-Y8J063?ColorId=QjQ1&amp;lvrid=_p_dIJ2_ge"
}, {
	"name_fr": "Lampe mini Planet",
	"name_zh": "Mini Plane台灯",
	"url_fr": "/fr-fr/p/kartell/maison/75I-Y8J063?ColorId=RlU1&amp;lvrid=_p_dIJ2_ge"
}, {
	"name_fr": "Lampe de table mate Aledin",
	"name_zh": "Aledin Matte台灯",
	"url_fr": "/fr-fr/p/kartell/maison/75I-Y8J067?ColorId=MDMvQklBTkNP0&amp;lvrid=_p_dIJ2_ge"
}, {
	"name_fr": "Lampe de table à batterie",
	"name_zh": "电池台灯",
	"url_fr": "/fr-fr/p/kartell/maison/75I-Y8J019?ColorId=QU0vQU1CUkE1&amp;lvrid=_p_dIJ2_ge"
}, {
	"name_fr": "Enceinte légère",
	"name_zh": "Light音箱",
	"url_fr": "/fr-fr/p/transparent/maison/75I-YT6004?ColorId=QkxBQ0s1&amp;lvrid=_p_dYT6_ge"
}, {
	"name_fr": "Lampe de table Domo",
	"name_zh": "Domo台灯",
	"url_fr": "/fr-fr/p/karakter/maison/75I-YWU014?ColorId=TkVSTw2&amp;lvrid=_p_dYHA_ge"
}, {
	"name_fr": "Lampe de table Domo",
	"name_zh": "Domo台灯",
	"url_fr": "/fr-fr/p/karakter/maison/75I-YWU013?ColorId=QlJBU1M1&amp;lvrid=_p_dYHA_ge"
}, {
	"name_fr": "Lampe de table Lari",
	"name_zh": "Lari台灯",
	"url_fr": "/fr-fr/p/karakter/maison/75I-YWU001?ColorId=QkxBQ0s1&amp;lvrid=_p_dYHA_ge"
}, {
	"name_fr": "Lampe de table Metallic Bourgie",
	"name_zh": "Bourgie金属色台灯",
	"url_fr": "/fr-fr/p/kartell/maison/75I-Y8J064?ColorId=MDAvT1JP0&amp;lvrid=_p_dIJ2_ge"
}, {
	"name_fr": "Lampe de table sans fil Rod",
	"name_zh": "Rod无线台灯",
	"url_fr": "/fr-fr/p/diesel-living-with-lodes/maison/75I-Z1O004?ColorId=TU9TUyBHUkFZ0&amp;lvrid=_p_dZ1P_ge"
}, {
	"name_fr": "Lampe Sitting Monkey",
	"name_zh": "“SITTING MONKEY”台灯",
	"url_fr": "/fr-fr/p/seletti/maison/75I-0QQ044?ColorId=QkxBQ0s1&amp;lvrid=_p_d0QQ_ge"
}, {
	"name_fr": "Lampe de table sans fil Rod",
	"name_zh": "Rod无线台灯",
	"url_fr": "/fr-fr/p/diesel-living-with-lodes/maison/75I-Z1O002?ColorId=SVZPUlk1&amp;lvrid=_p_dZ1P_ge"
}, {
	"name_fr": "Grande lampe de table à batterie",
	"name_zh": "“BIG BATTERY”台灯",
	"url_fr": "/fr-fr/p/kartell/maison/74I-VNN035?ColorId=QVovQVpaVVJSTw2&amp;lvrid=_p_dIJ2_ge"
}, {
	"name_fr": "Lampe de table TeTaTeT",
	"name_zh": "TeTaTeT台灯",
	"url_fr": "/fr-fr/p/davide-groppi/maison/75I-Z06001?ColorId=V0hJVEU1&amp;lvrid=_p_dZ06_ge"
}, {
	"name_fr": "Lampe de table Moby",
	"name_zh": "Moby台灯",
	"url_fr": "/fr-fr/p/karakter/maison/75I-YWU015?ColorId=V0hJVEU1&amp;lvrid=_p_dYHA_ge"
}, {
	"name_fr": "Lampe de table à batterie Goodnight",
	"name_zh": "Goodnight电池台灯",
	"url_fr": "/fr-fr/p/kartell/maison/75I-Y8J045?ColorId=R0c1&amp;lvrid=_p_dIJ2_ge"
}, {
	"name_fr": "Lampe de table Take",
	"name_zh": "Take台灯",
	"url_fr": "/fr-fr/p/kartell/maison/75I-Y8J059?ColorId=QjQvQ1JJU1RBTExP0&amp;lvrid=_p_dIJ2_ge"
}, {
	"name_fr": "Lampe de table Moschino Toy",
	"name_zh": "Moschino Toy台灯",
	"url_fr": "/fr-fr/p/kartell/maison/75I-Y8J061?ColorId=MDA1&amp;lvrid=_p_dIJ2_ge"
}, {
	"name_fr": "LAMPE DE TABLE \"BATTERY\"",
	"name_zh": "“BATTERY”台灯",
	"url_fr": "/fr-fr/p/kartell/maison/75I-Y8J035?ColorId=UFIvUFJVR05B0&amp;lvrid=_p_dIJ2_ge"
}, {
	"name_fr": "Lampe en verre Vuelta",
	"name_zh": "Vuelta玻璃灯",
	"url_fr": "/fr-fr/p/ferm-living/maison/75I-0VR043?ColorId=V0hJVEU1&amp;lvrid=_p_d0VS_ge"
}, {
	"name_fr": "Suspension légère",
	"name_zh": "轻量吊灯",
	"url_fr": "/fr-fr/p/foscarini/maison/75I-VL8014?ColorId=QU5PRElaWkFUTw2&amp;lvrid=_p_dVL8_ge"
}, {
	"name_fr": "Lustre ED045",
	"name_zh": "ED045枝形吊灯",
	"url_fr": "/fr-fr/p/edizioni/maison/75I-X2U007?ColorId=QlJBU1M1&amp;lvrid=_p_dPBQ_ge"
}, {
	"name_fr": "Lampe à pied Bul-Bo",
	"name_zh": "Bul-Bo落地灯",
	"url_fr": "/fr-fr/p/axolight/maison/75I-YXW001?ColorId=QUw1&amp;lvrid=_p_dYXW_ge"
}, {
	"name_fr": "Suspension Mountain View",
	"name_zh": "Mountain View吊灯",
	"url_fr": "/fr-fr/p/axolight/maison/75I-YXW022?ColorId=QU0gLyBPUiBBTUJFUiAv0&amp;lvrid=_p_dYXW_ge"
}, {
	"name_fr": "Grande suspension Caboche Plus",
	"name_zh": "Caboche Plus Grande吊灯",
	"url_fr": "/fr-fr/p/foscarini/maison/75I-VL8011?ColorId=VFJBU1BBUkVOVEU1&amp;lvrid=_p_dVL8_ge"
}, {
	"name_fr": "Suspension Allegretto Assai",
	"name_zh": "Allegretto Assai吊灯",
	"url_fr": "/fr-fr/p/foscarini/maison/75I-VL8010?ColorId=T1JP0&amp;lvrid=_p_dVL8_ge"
}, {
	"name_fr": "Suspension Mountain View",
	"name_zh": "Mountain View吊灯",
	"url_fr": "/fr-fr/p/axolight/maison/75I-YXW021?ColorId=Q1MgLyBDUiBDUllTVEFM0&amp;lvrid=_p_dYXW_ge"
}, {
	"name_fr": "Suspension ED046",
	"name_zh": "EDO46吊灯",
	"url_fr": "/fr-fr/p/edizioni/maison/75I-X2U008?ColorId=QlJBU1M1&amp;lvrid=_p_dPBQ_ge"
}, {
	"name_fr": "Lampe de table Morsetto",
	"name_zh": "Morsetto台灯",
	"url_fr": "/fr-fr/p/davide-groppi/maison/75I-Z07009?ColorId=QkxBQ0s1&amp;lvrid=_p_dZ06_ge"
}, {
	"name_fr": "Suspension Allegretto Vivace",
	"name_zh": "Allegretto Vivace吊灯",
	"url_fr": "/fr-fr/p/foscarini/maison/75I-VL8009?ColorId=UkFNRQ2&amp;lvrid=_p_dVL8_ge"
}, {
	"name_fr": "Suspension Hoops",
	"name_zh": "Hoops吊灯",
	"url_fr": "/fr-fr/p/axolight/maison/75I-YXW015?ColorId=T1IgR09MRCAvIE9SIEdP0&amp;lvrid=_p_dYXW_ge"
}, {
	"name_fr": "Suspension Allegretto Ritimico",
	"name_zh": "Allegretto Ritimico吊灯",
	"url_fr": "/fr-fr/p/foscarini/maison/75I-VL8008?ColorId=R1JBRklURQ2&amp;lvrid=_p_dVL8_ge"
}, {
	"name_fr": "Lampadaire à LED 260 Sampei",
	"name_zh": "260 LED Sampei落地灯",
	"url_fr": "/fr-fr/p/davide-groppi/maison/75I-Z07010?ColorId=QkxBQ0s1&amp;lvrid=_p_dZ06_ge"
}, {
	"name_fr": "Suspension Hoops",
	"name_zh": "Hoops吊灯",
	"url_fr": "/fr-fr/p/axolight/maison/75I-YXW014?ColorId=TkUgQkxBQ0sgLyBORSBC0&amp;lvrid=_p_dYXW_ge"
}, {
	"name_fr": "SUSPENSION LUMINAIRE",
	"name_zh": "吊灯",
	"url_fr": "/fr-fr/p/edizioni/maison/75I-X2U011?ColorId=QlJBU1M1&amp;lvrid=_p_dPBQ_ge"
}, {
	"name_fr": "Lampe de table Calvino",
	"name_zh": "Calvino台灯",
	"url_fr": "/fr-fr/p/davide-groppi/maison/75I-Z07008?ColorId=QkxBQ0s1&amp;lvrid=_p_dZ06_ge"
}, {
	"name_fr": "Lampadaire en laiton brossé Hashi",
	"name_zh": "Hashi拉丝黄铜落地灯",
	"url_fr": "/fr-fr/p/davide-groppi/maison/75I-Z07012?ColorId=QlJVU0hFRCBCUkFTUw2&amp;lvrid=_p_dZ06_ge"
}, {
	"name_fr": "Lampe à pied Hashi",
	"name_zh": "Hashi落地灯",
	"url_fr": "/fr-fr/p/davide-groppi/maison/75I-Z07011?ColorId=QkxBQ0s1&amp;lvrid=_p_dZ06_ge"
}, {
	"name_fr": "Suspension Manto",
	"name_zh": "Manto吊灯",
	"url_fr": "/fr-fr/p/axolight/maison/75I-YXW020?ColorId=R1IgTElHSFQgR1JFWQ2&amp;lvrid=_p_dYXW_ge"
}, {
	"name_fr": "Lampe de table ED039",
	"name_zh": "ED039台灯",
	"url_fr": "/fr-fr/p/edizioni/maison/75I-X2U004?ColorId=QkxBQ0sgU1RPTkUgLyBC0&amp;lvrid=_p_dPBQ_ge"
}, {
	"name_fr": "Lampe de table ED039",
	"name_zh": "ED039台灯",
	"url_fr": "/fr-fr/p/edizioni/maison/75I-X2U001?ColorId=QlJXTlNUT05FL0JST05a0&amp;lvrid=_p_dPBQ_ge"
}, {
	"name_fr": "Lample de table ED038",
	"name_zh": "ED038台灯",
	"url_fr": "/fr-fr/p/edizioni/maison/75I-X2U006?ColorId=QkxBQ0sgU1RPTkUtQlJB0&amp;lvrid=_p_dPBQ_ge"
}, {
	"name_fr": "Lampe de table ED038",
	"name_zh": "ED038台灯",
	"url_fr": "/fr-fr/p/edizioni/maison/75I-X2U005?ColorId=R1JFRU4gU1RPTkUgLyBC0&amp;lvrid=_p_dPBQ_ge"
}, {
	"name_fr": "Suspension LED Spoke 1",
	"name_zh": "Spoke 1 LED吊灯",
	"url_fr": "/fr-fr/p/foscarini/maison/75I-VL8013?ColorId=T1JP0&amp;lvrid=_p_dVL8_ge"
}, {
	"name_fr": "Lampe à pied Orchid",
	"name_zh": "Orchid落地灯",
	"url_fr": "/fr-fr/p/axolight/maison/75I-YXW027?ColorId=QU4gQU5USFJBQ0lURUdS0&amp;lvrid=_p_dYXW_ge"
}, {
	"name_fr": "Lampe à pied Orchid",
	"name_zh": "Orchid落地灯",
	"url_fr": "/fr-fr/p/axolight/maison/75I-YXW026?ColorId=QkMgV0hJVEU1&amp;lvrid=_p_dYXW_ge"
}, {
	"name_fr": "Lampe de table",
	"name_zh": "台灯",
	"url_fr": "/fr-fr/p/edizioni/maison/75I-X2U010?ColorId=QkxBQ0s1&amp;lvrid=_p_dPBQ_ge"
}, {
	"name_fr": "Lampe de table",
	"name_zh": "台灯",
	"url_fr": "/fr-fr/p/edizioni/maison/75I-X2U009?ColorId=QlJBU1MgLyBCUkFTUw2&amp;lvrid=_p_dPBQ_ge"
}, {
	"name_fr": "Suspension Spokes 2",
	"name_zh": "Spokes 2吊灯",
	"url_fr": "/fr-fr/p/foscarini/maison/75I-VL8025?ColorId=TkVSTw2&amp;lvrid=_p_dVL8_ge"
}, {
	"name_fr": "Suspension LED Spoke 2",
	"name_zh": "Spoke 2 LED吊灯",
	"url_fr": "/fr-fr/p/foscarini/maison/75I-VL8012?ColorId=QklBTkNP0&amp;lvrid=_p_dVL8_ge"
}, {
	"name_fr": "Lampe de table Pigreco",
	"name_zh": "Pigreco台灯",
	"url_fr": "/fr-fr/p/davide-groppi/maison/75I-Z07006?ColorId=V0hJVEU1&amp;lvrid=_p_dZ06_ge"
}, {
	"name_fr": "Lampe murale Tobia",
	"name_zh": "Tobia壁灯",
	"url_fr": "/fr-fr/p/foscarini/maison/75I-VL8032?ColorId=T1JP0&amp;lvrid=_p_dVL8_ge"
}, {
	"name_fr": "Lampe de table Moon T",
	"name_zh": "Moon T台灯",
	"url_fr": "/fr-fr/p/davide-groppi/maison/75I-Z07007?ColorId=V0hJVEU1&amp;lvrid=_p_dZ06_ge"
}, {
	"name_fr": "Suspension Apple Mood",
	"name_zh": "Apple Mood吊灯",
	"url_fr": "/fr-fr/p/quasar/maison/75I-XHP001?ColorId=QUxVIFBPTEw1&amp;lvrid=_p_dXHP_ge"
}, {
	"name_fr": "Grande suspension Aplomb",
	"name_zh": "Aplomb大号吊灯",
	"url_fr": "/fr-fr/p/foscarini/maison/75I-VL8019?ColorId=TUFSUk9ORQ2&amp;lvrid=_p_dVL8_ge"
}, {
	"name_fr": "Applique murale Edison's Nightmare",
	"name_zh": "Edison's Nightmare壁灯",
	"url_fr": "/fr-fr/p/davide-groppi/maison/75I-Z07014?ColorId=VFJBU1BBUkVOVEU1&amp;lvrid=_p_dZ06_ge"
}, {
	"name_fr": "Lampe murale Tobia",
	"name_zh": "Tobia壁灯",
	"url_fr": "/fr-fr/p/foscarini/maison/75I-VL8031?ColorId=TkVSTw2&amp;lvrid=_p_dVL8_ge"
}, {
	"name_fr": "Lampe de table Orchid",
	"name_zh": "Orchid台灯",
	"url_fr": "/fr-fr/p/axolight/maison/75I-YXW029?ColorId=U0EgU0FORA2&amp;lvrid=_p_dYXW_ge"
}, {
	"name_fr": "Lampe de table Orchid",
	"name_zh": "Orchid台灯",
	"url_fr": "/fr-fr/p/axolight/maison/75I-YXW028?ColorId=QkMgV0hJVEU1&amp;lvrid=_p_dYXW_ge"
}, {
	"name_fr": "Suspension Liaison",
	"name_zh": "Liaison吊灯",
	"url_fr": "/fr-fr/p/axolight/maison/75I-YXW019?ColorId=TkUgQkxBQ0sgLyBPTyBN0&amp;lvrid=_p_dYXW_ge"
}, {
	"name_fr": "Suspension en laiton 95",
	"name_zh": "Brass 95吊灯",
	"url_fr": "/fr-fr/p/gervasoni/maison/75I-WHA004?ColorId=T1RUT05F0&amp;lvrid=_p_dWHA_ge"
}, {
	"name_fr": "Lampe de table Satellight",
	"name_zh": "Satellight台灯",
	"url_fr": "/fr-fr/p/foscarini/maison/75I-VL8018?ColorId=QklBTkNPL1RSQVNQ0&amp;lvrid=_p_dVL8_ge"
}, {
	"name_fr": "Lampe de table Lumiere Nuances Cipria",
	"name_zh": "Lumiere Nuances Cipria台灯",
	"url_fr": "/fr-fr/p/foscarini/maison/75I-VL8037?ColorId=Q0lQUklB0&amp;lvrid=_p_dVL8_ge"
}, {
	"name_fr": "Lampe de table Lumiere Nuances Sahara",
	"name_zh": "Lumiere Nuances Sahara台灯",
	"url_fr": "/fr-fr/p/foscarini/maison/75I-VL8036?ColorId=U0FIQVJB0&amp;lvrid=_p_dVL8_ge"
}, {
	"name_fr": "Lampe de table TeTaTeT Flûte",
	"name_zh": "TeTaTeT Flûte台灯",
	"url_fr": "/fr-fr/p/davide-groppi/maison/75I-Z07002?ColorId=V0hJVEU1&amp;lvrid=_p_dZ06_ge"
}, {
	"name_fr": "Lampe de table Lumiere Piccola 30th",
	"name_zh": "Lumiere Piccola 30th台灯",
	"url_fr": "/fr-fr/p/foscarini/maison/75I-VL8040?ColorId=Q0hBTVBBR05F0&amp;lvrid=_p_dVL8_ge"
}, {
	"name_fr": "Lampe de table Anisha",
	"name_zh": "Anisha台灯",
	"url_fr": "/fr-fr/p/foscarini/maison/75I-VL8005?ColorId=QklBTkNP0&amp;lvrid=_p_dVL8_ge"
}, {
	"name_fr": "Suspension moyenne Gregg",
	"name_zh": "Gregg中号吊灯",
	"url_fr": "/fr-fr/p/foscarini/maison/75I-VL8024?ColorId=R1JBRklURS9CSUFOQ081&amp;lvrid=_p_dVL8_ge"
}, {
	"name_fr": "Lampe murale Pagina",
	"name_zh": "Pagina壁灯",
	"url_fr": "/fr-fr/p/davide-groppi/maison/75I-Z07015?ColorId=V0hJVEU1&amp;lvrid=_p_dZ06_ge"
}, {
	"name_fr": "Applique murale W3 Type 80",
	"name_zh": "Type 80 W3壁灯",
	"url_fr": "/fr-fr/p/anglepoise/maison/75I-YWZ015?ColorId=TUFUVEUgQkxBQ0s1&amp;lvrid=_p_dYWZ_ge"
}, {
	"name_fr": "Lampe de table Rituals 2",
	"name_zh": "Rituals 2台灯",
	"url_fr": "/fr-fr/p/foscarini/maison/75I-VL8038?ColorId=QklBTkNP0&amp;lvrid=_p_dVL8_ge"
}, {
	"name_fr": "Lampe de bureau Filo Ruby Jaypure",
	"name_zh": "Filo Ruby Jaypure台灯",
	"url_fr": "/fr-fr/p/foscarini/maison/75I-VL8002?ColorId=UlVCWSBKQVlQVVJF0&amp;lvrid=_p_dVL8_ge"
}, {
	"name_fr": "Suspension mono Bijou",
	"name_zh": "Jewel吊灯",
	"url_fr": "/fr-fr/p/axolight/maison/75I-YXW018?ColorId=T1IgR09MRCAvIE5FIEJM0&amp;lvrid=_p_dYXW_ge"
}, {
	"name_fr": "Suspension Jewel",
	"name_zh": "Jewel吊灯",
	"url_fr": "/fr-fr/p/axolight/maison/75I-YXW016?ColorId=TkUtTkU1&amp;lvrid=_p_dYXW_ge"
}, {
	"name_fr": "Lampe murale Dodot",
	"name_zh": "Dodot壁灯",
	"url_fr": "/fr-fr/p/axolight/maison/75I-YXW005?ColorId=TUQ1&amp;lvrid=_p_dYXW_ge"
}, {
	"name_fr": "Lampe murale Dodot",
	"name_zh": "Dodot壁灯",
	"url_fr": "/fr-fr/p/axolight/maison/75I-YXW004?ColorId=Q0c1&amp;lvrid=_p_dYXW_ge"
}, {
	"name_fr": "Lampe murale Dodot",
	"name_zh": "Dodot壁灯",
	"url_fr": "/fr-fr/p/axolight/maison/75I-YXW003?ColorId=Qkw1&amp;lvrid=_p_dYXW_ge"
}, {
	"name_fr": "Lampe à pied Anima",
	"name_zh": "Anima落地灯",
	"url_fr": "/fr-fr/p/davide-groppi/maison/75I-Z07013?ColorId=QkxBQ0s1&amp;lvrid=_p_dZ06_ge"
}, {
	"name_fr": "Lampadaire Paul Smith Type 75",
	"name_zh": "Paul Smith Type 75落地灯",
	"url_fr": "/fr-fr/p/anglepoise/maison/75I-YWZ019?ColorId=RURJVElPTiAz0&amp;lvrid=_p_dYWZ_ge"
}, {
	"name_fr": "Lampadaire Paul Smith Type 75",
	"name_zh": "Paul Smith Type 75落地灯",
	"url_fr": "/fr-fr/p/anglepoise/maison/75I-YWZ018?ColorId=RURJVElPTiAy0&amp;lvrid=_p_dYWZ_ge"
}, {
	"name_fr": "Lampadaire Paul Smith Type 75",
	"name_zh": "Paul Smith Type 75落地灯",
	"url_fr": "/fr-fr/p/anglepoise/maison/75I-YWZ017?ColorId=RURJVElPTiAx0&amp;lvrid=_p_dYWZ_ge"
}, {
	"name_fr": "Lampe de table or mat TeTaTeT",
	"name_zh": "TeTaTeT哑光金色台灯",
	"url_fr": "/fr-fr/p/davide-groppi/maison/75I-Z07001?ColorId=TUFUVCBHT0xE0&amp;lvrid=_p_dZ06_ge"
}, {
	"name_fr": "Lampe moyenne Gregg",
	"name_zh": "Gregg中号落地灯",
	"url_fr": "/fr-fr/p/foscarini/maison/75I-VL8006?ColorId=QklBTkNP0&amp;lvrid=_p_dVL8_ge"
}, {
	"name_fr": "Suspension mono Jewel",
	"name_zh": "Jewel吊灯",
	"url_fr": "/fr-fr/p/axolight/maison/75I-YXW017?ColorId=TkUtTkU1&amp;lvrid=_p_dYXW_ge"
}, {
	"name_fr": "Lampe à pied Float",
	"name_zh": "Float落地灯",
	"url_fr": "/fr-fr/p/axolight/maison/75I-YXW013?ColorId=TUQgLSBCQw2&amp;lvrid=_p_dYXW_ge"
}, {
	"name_fr": "Lampe à pied Float",
	"name_zh": "Float落地灯",
	"url_fr": "/fr-fr/p/axolight/maison/75I-YXW012?ColorId=Q0cgLSBDTw2&amp;lvrid=_p_dYXW_ge"
}, {
	"name_fr": "Lampe à pied Float",
	"name_zh": "Float落地灯",
	"url_fr": "/fr-fr/p/axolight/maison/75I-YXW011?ColorId=QkwgQkxVRSAvIEJDIFdI0&amp;lvrid=_p_dYXW_ge"
}, {
	"name_fr": "Lampe de table Light Bulb",
	"name_zh": "Light Bulb台灯",
	"url_fr": "/fr-fr/p/foscarini/maison/75I-VL8035?ColorId=V0hJVEU1&amp;lvrid=_p_dVL8_ge"
}, {
	"name_fr": "Lampe de table Rituals 3",
	"name_zh": "Rituals 3台灯",
	"url_fr": "/fr-fr/p/foscarini/maison/75I-VL8039?ColorId=QklBTkNP0&amp;lvrid=_p_dVL8_ge"
}, {
	"name_fr": "Lampe de bureau en laiton Original 1227",
	"name_zh": "Original 1227黄铜台灯",
	"url_fr": "/fr-fr/p/anglepoise/maison/75I-YWZ004?ColorId=SU5LIEJMVUU1&amp;lvrid=_p_dYWZ_ge"
}, {
	"name_fr": "Lampe de table Edison",
	"name_zh": "Edison台灯",
	"url_fr": "/fr-fr/p/davide-groppi/maison/75I-Z07005?ColorId=V0hJVEU1&amp;lvrid=_p_dZ06_ge"
}, {
	"name_fr": "Lampe murale Muse",
	"name_zh": "Muse壁灯",
	"url_fr": "/fr-fr/p/axolight/maison/75I-YXW023?ColorId=QkMgV0hJVEU1&amp;lvrid=_p_dYXW_ge"
}, {
	"name_fr": "Lampe de bureau Original 1227",
	"name_zh": "Original 1227台灯",
	"url_fr": "/fr-fr/p/anglepoise/maison/75I-YWZ003?ColorId=U0FHRSBHUkVFTg2&amp;lvrid=_p_dYWZ_ge"
}, {
	"name_fr": "Lampe de bureau Paul Smith Type 75 Mini",
	"name_zh": "Paul Smith Type 75迷你台灯",
	"url_fr": "/fr-fr/p/anglepoise/maison/75I-YWZ011?ColorId=RURJVElPTiBGT1VS0&amp;lvrid=_p_dYWZ_ge"
}, {
	"name_fr": "Lampe de bureau Paul Smith Type 75 Mini",
	"name_zh": "Paul Smith Type 75迷你台灯",
	"url_fr": "/fr-fr/p/anglepoise/maison/75I-YWZ008?ColorId=RURJVElPTiBPTkU1&amp;lvrid=_p_dYWZ_ge"
}, {
	"name_fr": "Lampe de bureau Margaret Howell Type 75",
	"name_zh": "Margaret Howell Type 75台灯",
	"url_fr": "/fr-fr/p/anglepoise/maison/75I-YWZ014?ColorId=U0lFTk5B0&amp;lvrid=_p_dYWZ_ge"
}, {
	"name_fr": "Lampe de bureau Margaret Howell Type 75",
	"name_zh": "Margaret Howell Type 75台灯",
	"url_fr": "/fr-fr/p/anglepoise/maison/75I-YWZ013?ColorId=U0FYT04gQkxVRQ2&amp;lvrid=_p_dYWZ_ge"
}, {
	"name_fr": "Lampe de bureau Margaret Howell Type 75",
	"name_zh": "Margaret Howell Type 75台灯",
	"url_fr": "/fr-fr/p/anglepoise/maison/75I-YWZ012?ColorId=WUVMTE9XIE9DSFJF0&amp;lvrid=_p_dYWZ_ge"
}, {
	"name_fr": "Lampe de table Birdie Easy",
	"name_zh": "Birdie Easy台灯",
	"url_fr": "/fr-fr/p/foscarini/maison/75I-VL8034?ColorId=Uk9TU081&amp;lvrid=_p_dVL8_ge"
}, {
	"name_fr": "Lampe de table Birdie Easy",
	"name_zh": "Birdie Easy台灯",
	"url_fr": "/fr-fr/p/foscarini/maison/75I-VL8033?ColorId=VkVSREUgQUNRVUE1&amp;lvrid=_p_dVL8_ge"
}, {
	"name_fr": "Applique murale led (R)evolution",
	"name_zh": "(R)Evolution LED壁灯",
	"url_fr": "/fr-fr/p/seletti/maison/74I-0QQ052?ColorId=V0hJVEU1&amp;lvrid=_p_d0QQ_ge"
}, {
	"name_fr": "Lampe de table Light My Fire",
	"name_zh": "Light My Fire台灯",
	"url_fr": "/fr-fr/p/davide-groppi/maison/75I-Z07004?ColorId=V0hJVEU1&amp;lvrid=_p_dZ06_ge"
}, {
	"name_fr": "Abat-jour léger Akari 1A",
	"name_zh": "Akari 1A台灯",
	"url_fr": "/fr-fr/p/vitra/maison/75I-VRP044?ColorId=QkVJR0U1&amp;lvrid=_p_dVRP_ge"
}, {
	"name_fr": "Lampe de table Binic",
	"name_zh": "Binic台灯",
	"url_fr": "/fr-fr/p/foscarini/maison/75I-VL8017?ColorId=QkxV0&amp;lvrid=_p_dVL8_ge"
}, {
	"name_fr": "Lampe de table Binic",
	"name_zh": "Binic台灯",
	"url_fr": "/fr-fr/p/foscarini/maison/75I-VL8015?ColorId=VkVSREUgQUNRVUE1&amp;lvrid=_p_dVL8_ge"
}, {
	"name_fr": "Lampe de table 35 mm",
	"name_zh": "35毫米台灯",
	"url_fr": "/fr-fr/p/davide-groppi/maison/75I-Z07003?ColorId=V0hJVEU1&amp;lvrid=_p_dZ06_ge"
}, {
	"name_fr": "Lampe de bureau 90 Mini Mini",
	"name_zh": "90 Mimi Mini台灯",
	"url_fr": "/fr-fr/p/anglepoise/maison/75I-YWZ007?ColorId=QkVSUlkgUkVE0&amp;lvrid=_p_dYWZ_ge"
}, {
	"name_fr": "Lampe de bureau 90 Mini Mini",
	"name_zh": "90 Mimi Mini台灯",
	"url_fr": "/fr-fr/p/anglepoise/maison/75I-YWZ005?ColorId=U1RFRUwgQkxVRSZHUkVZ0&amp;lvrid=_p_dYWZ_ge"
}, {
	"name_fr": "Lampe de bureau 90 Mini Mini Biscuit Beige",
	"name_zh": "90 Mini Mini Biscuit Beige台灯",
	"url_fr": "/fr-fr/p/anglepoise/maison/75I-YWZ006?ColorId=QklTQ1VJVCBCRUlHRQ2&amp;lvrid=_p_dYWZ_ge"
}, {
	"name_fr": "Lampe Akari 1AY",
	"name_zh": "Akari 1AY台灯",
	"url_fr": "/fr-fr/p/vitra/maison/75I-VRP045?ColorId=T1JBTkdF0&amp;lvrid=_p_dVRP_ge"
}, {
	"name_fr": "Lampe LED Dream-Madre",
	"name_zh": "Dream-Madre LED灯",
	"url_fr": "/fr-fr/p/seletti/maison/74I-0QQ071?ColorId=TVVMVEk1&amp;lvrid=_p_d0QQ_ge"
}, {
	"name_fr": "LAMPE DE TABLE \"BATTERY\"",
	"name_zh": "\"BATTERY\"台灯",
	"url_fr": "/fr-fr/p/kartell/maison/74I-Y8J027?ColorId=QkwvQkxV0&amp;lvrid=_p_dIJ2_ge"
}, {
	"name_fr": "Lampe Bronto Jurassic",
	"name_zh": "Bronto Jurassic台灯",
	"url_fr": "/fr-fr/p/seletti/maison/74I-0QQ076?ColorId=V0hJVEU1&amp;lvrid=_p_d0QQ_ge"
}, {
	"name_fr": "Lampe de table Take",
	"name_zh": "Take台灯",
	"url_fr": "/fr-fr/p/kartell/maison/74I-Y8J028?ColorId=UTc1&amp;lvrid=_p_dIJ2_ge"
}, {
	"name_fr": "LAMPE DE TABLE \"BATTERY\"",
	"name_zh": "“BATTERY”台灯",
	"url_fr": "/fr-fr/p/kartell/maison/74I-Y8J007?ColorId=UFIvUFJVR05B0&amp;lvrid=_p_dIJ2_ge"
}, {
	"name_fr": "Grande lampe de table Pinecone",
	"name_zh": "Pinecone大号台灯",
	"url_fr": "/fr-fr/p/fontanaarte/maison/74I-WV9006?ColorId=T1JPL0JJQU5DTw2&amp;lvrid=_p_dWV9_ge"
}, {
	"name_fr": "Lampe de table moyenne Pinecone",
	"name_zh": "Pinecone中号台灯",
	"url_fr": "/fr-fr/p/fontanaarte/maison/74I-WV9005?ColorId=T1JPL0JJQU5DTw2&amp;lvrid=_p_dWV9_ge"
}, {
	"name_fr": "Grande lampe de table Fontana",
	"name_zh": "Fontana大号台灯",
	"url_fr": "/fr-fr/p/fontanaarte/maison/74I-WV9007?ColorId=QklBTkNP0&amp;lvrid=_p_dWV9_ge"
}, {
	"name_fr": "Lampe Geen-A",
	"name_zh": "Geen-A落地灯",
	"url_fr": "/fr-fr/p/kartell/maison/74I-VOA022?ColorId=MDk1&amp;lvrid=_p_dIJ2_ge"
}, {
	"name_fr": "Lampe Geen-A",
	"name_zh": "Geen-A落地灯",
	"url_fr": "/fr-fr/p/kartell/maison/74I-VOA022?ColorId=TUE1&amp;lvrid=_p_dIJ2_ge"
}, {
	"name_fr": "Lampe de table Equatore",
	"name_zh": "Equatore*台灯",
	"url_fr": "/fr-fr/p/fontanaarte/maison/74I-WV9020?ColorId=UkFNRSBMVUNJRE81&amp;lvrid=_p_dWV9_ge"
}, {
	"name_fr": "Lampe de table Equatore",
	"name_zh": "Equatore*台灯",
	"url_fr": "/fr-fr/p/fontanaarte/maison/74I-WV9019?ColorId=TkVSTyBMVUNJRE81&amp;lvrid=_p_dWV9_ge"
}, {
	"name_fr": "Lampe de table moyenne Kanji",
	"name_zh": "Kanji中号台灯",
	"url_fr": "/fr-fr/p/fontanaarte/maison/74I-WV9010?ColorId=TkVSTy9CSUFOQ081&amp;lvrid=_p_dWV9_ge"
}, {
	"name_fr": "Lampe de table moyenne Kanji",
	"name_zh": "Kanji中号台灯",
	"url_fr": "/fr-fr/p/fontanaarte/maison/74I-WV9009?ColorId=TkVSTy9CSUFOQ081&amp;lvrid=_p_dWV9_ge"
}, {
	"name_fr": "Lampe murale moyenne Galerie",
	"name_zh": "Galerie中号壁灯",
	"url_fr": "/fr-fr/p/fontanaarte/maison/74I-WV9012?ColorId=UVVBUlpP0&amp;lvrid=_p_dWV9_ge"
}, {
	"name_fr": "LAMPE DE TABLE \"BILIA\"",
	"name_zh": "Bilia台灯",
	"url_fr": "/fr-fr/p/fontanaarte/maison/74I-WV9011?ColorId=TklDSEVMQVRPL0JJQU5D0&amp;lvrid=_p_dWV9_ge"
}, {
	"name_fr": "Petite lampe de table Fontana",
	"name_zh": "Fontana小号台灯",
	"url_fr": "/fr-fr/p/fontanaarte/maison/74I-WV9008?ColorId=QklBTkNP0&amp;lvrid=_p_dWV9_ge"
}, {
	"name_fr": "Lampe de table Fontanella",
	"name_zh": "Fontanella台灯",
	"url_fr": "/fr-fr/p/fontanaarte/maison/74I-WV9021?ColorId=TkVSTw2&amp;lvrid=_p_dWV9_ge"
}, {
	"name_fr": "Lampe de table Volée Tavolo Gialla",
	"name_zh": "Volée Tavolo Gialla台灯",
	"url_fr": "/fr-fr/p/fontanaarte/maison/74I-WV9025?ColorId=R0lBTExP0&amp;lvrid=_p_dWV9_ge"
}, {
	"name_fr": "Lampe de table Volée Tavolo Bianca",
	"name_zh": "Volée Tavolo Bianca台灯",
	"url_fr": "/fr-fr/p/fontanaarte/maison/74I-WV9024?ColorId=QklBTkNP0&amp;lvrid=_p_dWV9_ge"
}, {
	"name_fr": "Lampe LED Dream-Merda",
	"name_zh": "Dream-Merda LED灯",
	"url_fr": "/fr-fr/p/seletti/maison/74I-0QQ069?ColorId=TVVMVElDT0xPUg2&amp;lvrid=_p_d0QQ_ge"
}, {
	"name_fr": "Lampe de table moyenne Uovo",
	"name_zh": "Uovo中号台灯",
	"url_fr": "/fr-fr/p/fontanaarte/maison/74I-WV9004?ColorId=QklBTkNP0&amp;lvrid=_p_dWV9_ge"
}, {
	"name_fr": "Lampe de table mini Bilia",
	"name_zh": "Bilia迷你台灯",
	"url_fr": "/fr-fr/p/fontanaarte/maison/74I-WV9014?ColorId=QklBTkNPL09UVE9ORQ2&amp;lvrid=_p_dWV9_ge"
}, {
	"name_fr": "Petite lampe de table Uovo",
	"name_zh": "Uovo小号台灯",
	"url_fr": "/fr-fr/p/fontanaarte/maison/74I-WV9029?ColorId=QklBTkNP0&amp;lvrid=_p_dWV9_ge"
}, {
	"name_fr": "Lampe de table Pallina",
	"name_zh": "Pallina台灯",
	"url_fr": "/fr-fr/p/fontanaarte/maison/74I-WV9023?ColorId=T1JPIFJPU0E1&amp;lvrid=_p_dWV9_ge"
}, {
	"name_fr": "Lampe de table Pallina",
	"name_zh": "Pallina台灯",
	"url_fr": "/fr-fr/p/fontanaarte/maison/74I-WV9022?ColorId=TklDSEVMIExVQ0lETw2&amp;lvrid=_p_dWV9_ge"
}, {
	"name_fr": "Lampe de table Blom",
	"name_zh": "Blom台灯",
	"url_fr": "/fr-fr/p/fontanaarte/maison/74I-WV9028?ColorId=QklBTkNP0&amp;lvrid=_p_dWV9_ge"
}, {
	"name_fr": "Lampe de table Blom",
	"name_zh": "Blom台灯",
	"url_fr": "/fr-fr/p/fontanaarte/maison/74I-WV9018?ColorId=Uk9TQQ2&amp;lvrid=_p_dWV9_ge"
}, {
	"name_fr": "Lampe de table Blom",
	"name_zh": "Blom台灯",
	"url_fr": "/fr-fr/p/fontanaarte/maison/74I-WV9017?ColorId=VkVSREU1&amp;lvrid=_p_dWV9_ge"
}, {
	"name_fr": "Lampe de table Blom",
	"name_zh": "Blom台灯",
	"url_fr": "/fr-fr/p/fontanaarte/maison/74I-WV9016?ColorId=R0lBTExP0&amp;lvrid=_p_dWV9_ge"
}, {
	"name_fr": "Lampe de table Blom",
	"name_zh": "Blom台灯",
	"url_fr": "/fr-fr/p/fontanaarte/maison/74I-WV9003?ColorId=R1JJR0lPIFNDVVJP0&amp;lvrid=_p_dWV9_ge"
}, {
	"name_fr": "Lampe LED Resist-Sister",
	"name_zh": "Resist-Sister LED灯",
	"url_fr": "/fr-fr/p/seletti/maison/74I-0QQ070?ColorId=TVVMVEk1&amp;lvrid=_p_d0QQ_ge"
}, {
	"name_fr": "ABAT-JOUR MOYEN \"ALUVIA\"",
	"name_zh": "“ALUVIA”中号灯罩",
	"url_fr": "/fr-fr/p/umage/maison/73I-WL7020?ColorId=UEVUUk9MIEJMVUU1&amp;lvrid=_p_dKDH_ge"
}, {
	"name_fr": "MINI ABAT-JOUR \"EOS\"",
	"name_zh": "迷你\"EOS\"灯罩",
	"url_fr": "/fr-fr/p/umage/maison/73I-WL7005?ColorId=V0hJVEU1&amp;lvrid=_p_dKDH_ge"
}, {
	"name_fr": "LAMPE DE TABLE \"TURN ON\"",
	"name_zh": "“TURN ON”台灯",
	"url_fr": "/fr-fr/p/hay/maison/73I-KEZ078?ColorId=QUxVTUlOSVVN0&amp;lvrid=_p_dKEZ_ge"
}, {
	"name_fr": "SUSPENSION \"CORE\"",
	"name_zh": "“CORE”吊灯",
	"url_fr": "/fr-fr/p/terzani/maison/73I-Y91012?ColorId=R09MRC9DTEVBUiBDUllT0&amp;lvrid=_p_dY91_ge"
}, {
	"name_fr": "SUSPENSION \"KIKA\"",
	"name_zh": "“KIKA”吊灯",
	"url_fr": "/fr-fr/p/terzani/maison/73I-Y91025?ColorId=V0hJVEUgUC9HT0xE0&amp;lvrid=_p_dY91_ge"
}, {
	"name_fr": "SUSPENSION \"ANISH\"",
	"name_zh": "“ANISH”吊灯",
	"url_fr": "/fr-fr/p/terzani/maison/73I-Y91004?ColorId=TklDS0VM0&amp;lvrid=_p_dY91_ge"
}, {
	"name_fr": "SUSPENSION \"ABACUS\"",
	"name_zh": "“ABACUS”吊灯",
	"url_fr": "/fr-fr/p/terzani/maison/73I-Y91002?ColorId=QlJBU1M1&amp;lvrid=_p_dY91_ge"
}, {
	"name_fr": "Lampe Avia Edition M",
	"name_zh": "Avia Edition M吊灯",
	"url_fr": "/fr-fr/p/slamp/maison/73I-VM2008?ColorId=VFVSUVVPSVNF0&amp;lvrid=_p_dVM0_ge"
}, {
	"name_fr": "Lampe Avia Edition M",
	"name_zh": "Avia Edition M吊灯",
	"url_fr": "/fr-fr/p/slamp/maison/73I-VM2007?ColorId=QkxVRQ2&amp;lvrid=_p_dVM0_ge"
}, {
	"name_fr": "SUSPENSION \"MIZU\"",
	"name_zh": "“MIZU”吊灯",
	"url_fr": "/fr-fr/p/terzani/maison/73I-Y91019?ColorId=Q0xFQVIgR09MRCBDUllT0&amp;lvrid=_p_dY91_ge"
}, {
	"name_fr": "Suspension 2700 Kelvin Accordéon",
	"name_zh": "Accordéon 2700开尔文吊灯",
	"url_fr": "/fr-fr/p/slamp/maison/73I-VM2001?ColorId=VFJBTlNQQVJFTlQvR09M0&amp;lvrid=_p_dVM0_ge"
}, {
	"name_fr": "LAMPE VOÛTÉE \"PINS\"",
	"name_zh": "“PINS ARCHED”台灯",
	"url_fr": "/fr-fr/p/marioni/maison/73I-VVS013?ColorId=VFMvNDY1&amp;lvrid=_p_dE74_ge"
}, {
	"name_fr": "LAMPE \"PINS\"",
	"name_zh": "“PINS”台灯",
	"url_fr": "/fr-fr/p/marioni/maison/73I-VVS014?ColorId=VFMvMDk1&amp;lvrid=_p_dE74_ge"
}, {
	"name_fr": "LAMPE DE TABLE \"ARGENT\"",
	"name_zh": "“ARGENT”台灯",
	"url_fr": "/fr-fr/p/terzani/maison/73I-Y91010?ColorId=R09MRCBQTEFURUQ1&amp;lvrid=_p_dY91_ge"
}, {
	"name_fr": "SUSPENSION \"ARGENT\"",
	"name_zh": "“ARGENT”吊灯",
	"url_fr": "/fr-fr/p/terzani/maison/73I-Y91006?ColorId=R09MRCBQTEFURUQ1&amp;lvrid=_p_dY91_ge"
}, {
	"name_fr": "SUSPENSION \"PUG SUSPENSION 3\"",
	"name_zh": "“PUG SUSPENSION 3”吊灯",
	"url_fr": "/fr-fr/p/terzani/maison/73I-Y91023?ColorId=UE9MLkJSQVNTL1NBVElO0&amp;lvrid=_p_dY91_ge"
}, {
	"name_fr": "SUSPENSION \"MIZU\"",
	"name_zh": "“MIZU”吊灯",
	"url_fr": "/fr-fr/p/terzani/maison/73I-Y91020?ColorId=Q09HTkFDQ1JZU1RBTA2&amp;lvrid=_p_dY91_ge"
}, {
	"name_fr": "SUSPENSION \"MIZU\"",
	"name_zh": "“MIZU”吊灯",
	"url_fr": "/fr-fr/p/terzani/maison/73I-Y91018?ColorId=Q0xFQVIgQ1JZU1RBTA2&amp;lvrid=_p_dY91_ge"
}, {
	"name_fr": "Suspension Kalatos",
	"name_zh": "Kalatos吊灯",
	"url_fr": "/fr-fr/p/slamp/maison/73I-VM2013?ColorId=QkxBQ0s1&amp;lvrid=_p_dVM0_ge"
}, {
	"name_fr": "LAMPE DE TABLE EN LAITON ET CÉRAMIQUE \"GOLDIE A\"",
	"name_zh": "“GOLDIE A”陶瓷&amp;黄铜台灯",
	"url_fr": "/fr-fr/p/marioni/maison/73I-VVS019?ColorId=VFMvNzg1&amp;lvrid=_p_dE74_ge"
}, {
	"name_fr": "LAMPE DE BUREAU EN LAITON ET CÉRAMIQUE \"GOLDIE C\"",
	"name_zh": "“GOLDIE C”陶瓷&amp;黄铜台灯",
	"url_fr": "/fr-fr/p/marioni/maison/73I-VVS018?ColorId=VFMvMDI1&amp;lvrid=_p_dE74_ge"
}, {
	"name_fr": "LAMPE DE BUREAU EN LAITON ET CÉRAMIQUE \"GOLDIE B\"",
	"name_zh": "“GOLDIE B”陶瓷&amp;黄铜台灯",
	"url_fr": "/fr-fr/p/marioni/maison/73I-VVS017?ColorId=VFMvMDI1&amp;lvrid=_p_dE74_ge"
}, {
	"name_fr": "LAMPE DE TABLE \"ARGENT\"",
	"name_zh": "“ARGENT”台灯",
	"url_fr": "/fr-fr/p/terzani/maison/73I-Y91009?ColorId=U1RBSU5MRVNTIFNURUxM0&amp;lvrid=_p_dY91_ge"
}, {
	"name_fr": "LAMPE DE TABLE EN LAITON \"WORMHOLE 04\"",
	"name_zh": "“WORMHOLE 04”黄铜台灯",
	"url_fr": "/fr-fr/p/il-bronzetto/maison/73I-Y7R002?ColorId=R09MRA2&amp;lvrid=_p_dY7R_ge"
}, {
	"name_fr": "LAMPE MURALE \"ABACUS\"",
	"name_zh": "“ABACUS”壁灯",
	"url_fr": "/fr-fr/p/terzani/maison/73I-Y91003?ColorId=QlJBU1M1&amp;lvrid=_p_dY91_ge"
}, {
	"name_fr": "LAMPE DE TABLE \"B' CAMELIA 02\"",
	"name_zh": "“B' CAMELIA 02”台灯",
	"url_fr": "/fr-fr/p/il-bronzetto/maison/73I-Y7R008?ColorId=QkxVRS9HUkVFTg2&amp;lvrid=_p_dY7R_ge"
}, {
	"name_fr": "Suspension La Belle Étoile",
	"name_zh": "La Belle Etoile吊灯",
	"url_fr": "/fr-fr/p/slamp/maison/73I-VM2026?ColorId=VFJBTlNQQVJFTlQvV0hJ0&amp;lvrid=_p_dVM0_ge"
}, {
	"name_fr": "SUSPENSION À SPHÈRES \"ABACUS\"",
	"name_zh": "“ABACUS”吊灯",
	"url_fr": "/fr-fr/p/terzani/maison/73I-Y91001?ColorId=V0hJVEU1&amp;lvrid=_p_dY91_ge"
}, {
	"name_fr": "LAMPE DE TABLE \"WORMHOLE 04 JOINT\"",
	"name_zh": "“WORMHOLE 04”关节台灯",
	"url_fr": "/fr-fr/p/il-bronzetto/maison/73I-Y7R003?ColorId=V0hJVEUvR09MRA2&amp;lvrid=_p_dY7R_ge"
}, {
	"name_fr": "PLAFONNIER \"ARGENT\"",
	"name_zh": "“ARGENT”顶灯",
	"url_fr": "/fr-fr/p/terzani/maison/73I-Y91007?ColorId=U1RBSU5MRVNTIFNURUxM0&amp;lvrid=_p_dY91_ge"
}, {
	"name_fr": "SUSPENSION \"ARGENT\"",
	"name_zh": "“ARGENT”吊灯",
	"url_fr": "/fr-fr/p/terzani/maison/73I-Y91005?ColorId=U1RBSU5MRVNTIFNURUVM0&amp;lvrid=_p_dY91_ge"
}, {
	"name_fr": "PETITE LAMPE DE TABLE \"SATELLITE 02\"",
	"name_zh": "“SATELLITE 02”小台灯",
	"url_fr": "/fr-fr/p/il-bronzetto/maison/73I-Y7R022?ColorId=R09MRC1CTEFDSw2&amp;lvrid=_p_dY7R_ge"
}, {
	"name_fr": "LAMPE DE TABLE \"WORMHOLE 04\"",
	"name_zh": "“WORMHOLE 04”台灯",
	"url_fr": "/fr-fr/p/il-bronzetto/maison/73I-Y7R037?ColorId=QkxBQ0s1&amp;lvrid=_p_dY7R_ge"
}, {
	"name_fr": "LAMPE DE TABLE \"WORMHOLE 04\"",
	"name_zh": "“WORMHOLE 04”台灯",
	"url_fr": "/fr-fr/p/il-bronzetto/maison/73I-Y7R001?ColorId=QkxBQ0s1&amp;lvrid=_p_dY7R_ge"
}, {
	"name_fr": "PETITE LAMPE DE CHEVET \"PALM\"",
	"name_zh": "“PALM”小号台灯",
	"url_fr": "/fr-fr/p/marioni/maison/73I-VVS010?ColorId=VFMvMDI1&amp;lvrid=_p_dE74_ge"
}, {
	"name_fr": "Petite suspension Hanami",
	"name_zh": "Hanami小号吊灯",
	"url_fr": "/fr-fr/p/slamp/maison/73I-VM2039?ColorId=UFJJU01B0&amp;lvrid=_p_dVM0_ge"
}, {
	"name_fr": "LAMPE DE TABLE \"PALM\"",
	"name_zh": "“PALM”台灯",
	"url_fr": "/fr-fr/p/marioni/maison/73I-VVS011?ColorId=VFMvMDI1&amp;lvrid=_p_dE74_ge"
}, {
	"name_fr": "Grande suspension Fabula",
	"name_zh": "Fabula大号吊灯",
	"url_fr": "/fr-fr/p/slamp/maison/73I-VM2035?ColorId=UFJJU01B0&amp;lvrid=_p_dVM0_ge"
}, {
	"name_fr": "Lampe de table Accordeon Prisma",
	"name_zh": "Accordéon Prisma台灯",
	"url_fr": "/fr-fr/p/slamp/maison/73I-VM2002?ColorId=UFJJU01B0&amp;lvrid=_p_dVM0_ge"
}, {
	"name_fr": "PETITE LAMPE DE CHEVET \"PINS\"",
	"name_zh": "“PINS”小号台灯",
	"url_fr": "/fr-fr/p/marioni/maison/73I-VVS025?ColorId=TTEvMTI1&amp;lvrid=_p_dE74_ge"
}, {
	"name_fr": "PETITE LAMPE DE CHEVET \"PINS\"",
	"name_zh": "“PINS”小号台灯",
	"url_fr": "/fr-fr/p/marioni/maison/73I-VVS015?ColorId=TTEvMTU1&amp;lvrid=_p_dE74_ge"
}, {
	"name_fr": "LAMPE MURALE \"WORMHOLE 05\"",
	"name_zh": "“WORMHOLE 05”壁灯",
	"url_fr": "/fr-fr/p/il-bronzetto/maison/73I-Y7R004?ColorId=QkxBQ0svR09MRA2&amp;lvrid=_p_dY7R_ge"
}, {
	"name_fr": "Suspension verticale Hugo",
	"name_zh": "Hugo垂直吊灯",
	"url_fr": "/fr-fr/p/slamp/maison/73I-VM2011?ColorId=V0hJVEU1&amp;lvrid=_p_dVM0_ge"
}, {
	"name_fr": "SUSPENSION \"MIZU\"",
	"name_zh": "“MIZU”吊灯",
	"url_fr": "/fr-fr/p/terzani/maison/73I-Y91015?ColorId=Q0xFQVIgR09MRCBDUlk1&amp;lvrid=_p_dY91_ge"
}, {
	"name_fr": "PETITE LAMPE DE CHEVET \"PINS\"",
	"name_zh": "“PINS”小号台灯",
	"url_fr": "/fr-fr/p/marioni/maison/73I-VVS026?ColorId=VFMvMDk1&amp;lvrid=_p_dE74_ge"
}, {
	"name_fr": "SUSPENSION \"MIZU\"",
	"name_zh": "“MIZU”吊灯",
	"url_fr": "/fr-fr/p/terzani/maison/73I-Y91026?ColorId=Q0xFQVIgU0lML0RVU1Q1&amp;lvrid=_p_dY91_ge"
}, {
	"name_fr": "SUSPENSION AVEC CANOPÉE \"PUG\"",
	"name_zh": "“PUG”吊灯",
	"url_fr": "/fr-fr/p/terzani/maison/73I-Y91022?ColorId=UE9MSS4gQlJBU1MvU0FU0&amp;lvrid=_p_dY91_ge"
}, {
	"name_fr": "LAMPE MURALE \"WORMHOLE 06\"",
	"name_zh": "“WORMHOLE 06”壁灯",
	"url_fr": "/fr-fr/p/il-bronzetto/maison/73I-Y7R005?ColorId=QkxBQ0svR09MRA2&amp;lvrid=_p_dY7R_ge"
}, {
	"name_fr": "LAMPE DE TABLE \"OSCAR\"",
	"name_zh": "“OSCAR”台灯",
	"url_fr": "/fr-fr/p/terzani/maison/73I-Y91027?ColorId=TklDS0VM0&amp;lvrid=_p_dY91_ge"
}, {
	"name_fr": "LAMPE DE TABLE \"OSCAR\"",
	"name_zh": "“OSCAR”台灯",
	"url_fr": "/fr-fr/p/terzani/maison/73I-Y91021?ColorId=U0FUSU4gQlJBU1M1&amp;lvrid=_p_dY91_ge"
}, {
	"name_fr": "SUSPENSION \"MIZU\"",
	"name_zh": "“MIZU”吊灯",
	"url_fr": "/fr-fr/p/terzani/maison/73I-Y91017?ColorId=Q09HTkFDQ1JZU1RBTA2&amp;lvrid=_p_dY91_ge"
}, {
	"name_fr": "SUSPENSION \"B' ANTHOLOGY 05\"",
	"name_zh": "“B' ANTHOLOGY 05”吊灯",
	"url_fr": "/fr-fr/p/il-bronzetto/maison/73I-Y7R011?ColorId=QkxV0&amp;lvrid=_p_dY7R_ge"
}, {
	"name_fr": "SUSPENSION \"B' ANTHOLOGY 04\"",
	"name_zh": "“B' ANTHOLOGY 04”吊灯",
	"url_fr": "/fr-fr/p/il-bronzetto/maison/73I-Y7R010?ColorId=UFVSUExFL0dPTEQ1&amp;lvrid=_p_dY7R_ge"
}, {
	"name_fr": "SUSPENSIONS \"B' ANTHOLOGY 03\"",
	"name_zh": "“B' ANTHOLOGY 03”吊灯",
	"url_fr": "/fr-fr/p/il-bronzetto/maison/73I-Y7R009?ColorId=UkVEL1BVUlBMRQ2&amp;lvrid=_p_dY7R_ge"
}, {
	"name_fr": "PETITE LAMPE \"ICON\"",
	"name_zh": "“ICON”小号台灯",
	"url_fr": "/fr-fr/p/marioni/maison/73I-VVS027?ColorId=VFMvNDY1&amp;lvrid=_p_dE74_ge"
}, {
	"name_fr": "PETITE LAMPE \"ICON\"",
	"name_zh": "“ICON”小号台灯",
	"url_fr": "/fr-fr/p/marioni/maison/73I-VVS012?ColorId=VFMvMDU1&amp;lvrid=_p_dE74_ge"
}, {
	"name_fr": "SUSPENSION \"MIZU\"",
	"name_zh": "“MIZU”吊灯",
	"url_fr": "/fr-fr/p/terzani/maison/73I-Y91014?ColorId=Q0xFQVIgQ1JZU1RBTA2&amp;lvrid=_p_dY91_ge"
}, {
	"name_fr": "Lampe de table en cuivre Fiorellina",
	"name_zh": "Fiorellina红铜台灯",
	"url_fr": "/fr-fr/p/slamp/maison/73I-VM2038?ColorId=Q09QUEVS0&amp;lvrid=_p_dVM0_ge"
}, {
	"name_fr": "Lampe de table dorée Fiorellina",
	"name_zh": "Fiorellina金色台灯",
	"url_fr": "/fr-fr/p/slamp/maison/73I-VM2037?ColorId=R09MRA2&amp;lvrid=_p_dVM0_ge"
}, {
	"name_fr": "Suspension Clizia Mama Non Mama",
	"name_zh": "Clizia Mama Non Mama吊灯",
	"url_fr": "/fr-fr/p/slamp/maison/73I-VM2034?ColorId=TUFNQSBOT04gTUFNQQ2&amp;lvrid=_p_dVM0_ge"
}, {
	"name_fr": "Lampe de table argentée Fiorellina",
	"name_zh": "Fiorellina银色台灯",
	"url_fr": "/fr-fr/p/slamp/maison/73I-VM2030?ColorId=U0lMVkVS0&amp;lvrid=_p_dVM0_ge"
}, {
	"name_fr": "Lampe murale La Vie Ceiling",
	"name_zh": "La Vie顶灯/壁灯",
	"url_fr": "/fr-fr/p/slamp/maison/73I-VM2043?ColorId=QU1CRVI1&amp;lvrid=_p_dVM0_ge"
}, {
	"name_fr": "Lampe murale La Vie Ceiling",
	"name_zh": "La Vie顶灯/壁灯",
	"url_fr": "/fr-fr/p/slamp/maison/73I-VM2042?ColorId=QkxVRQ2&amp;lvrid=_p_dVM0_ge"
}, {
	"name_fr": "Lampe murale La Vie Ceiling",
	"name_zh": "La Vie顶灯/壁灯",
	"url_fr": "/fr-fr/p/slamp/maison/73I-VM2041?ColorId=V0hJVEU1&amp;lvrid=_p_dVM0_ge"
}, {
	"name_fr": "Suspension Veli",
	"name_zh": "Veli吊灯",
	"url_fr": "/fr-fr/p/slamp/maison/73I-VM2032?ColorId=T1BBTA2&amp;lvrid=_p_dVM0_ge"
}, {
	"name_fr": "Lampe à batterie Clizia Mama Non Mama",
	"name_zh": "Clizia Mama Non Mama电池台灯",
	"url_fr": "/fr-fr/p/slamp/maison/73I-VM2029?ColorId=RlVNRQ2&amp;lvrid=_p_dVM0_ge"
}, {
	"name_fr": "Lampe à batterie Lafleur Prisma",
	"name_zh": "Lafleur Prisma电池台灯",
	"url_fr": "/fr-fr/p/slamp/maison/73I-VM2028?ColorId=UFJJU01B0&amp;lvrid=_p_dVM0_ge"
}, {
	"name_fr": "Lampe de table Veli Foliage",
	"name_zh": "Veli Foliage台灯",
	"url_fr": "/fr-fr/p/slamp/maison/73I-VM2040?ColorId=Rk9MSUFHRQ2&amp;lvrid=_p_dVM0_ge"
}, {
	"name_fr": "Petite lampe de table Cactus",
	"name_zh": "Cactus超小号台灯",
	"url_fr": "/fr-fr/p/slamp/maison/73I-VM2033?ColorId=UFJJU01B0&amp;lvrid=_p_dVM0_ge"
}, {
	"name_fr": "LAMPE \"COSMOS GLOBE 60\"",
	"name_zh": "“COSMOS GLOBE 60”灯",
	"url_fr": "/fr-fr/p/quasar/maison/72I-XHP017?ColorId=QlJBU1M1&amp;lvrid=_p_dXHP_ge"
}, {
	"name_fr": "LAMPE MURALE \"TORCH\"",
	"name_zh": "“TORCH”壁灯",
	"url_fr": "/fr-fr/p/quasar/maison/72I-XHP008?ColorId=Q0hST01F0&amp;lvrid=_p_dXHP_ge"
}, {
	"name_fr": "LAMPE \"COSMOS GLOBE 60\"",
	"name_zh": "“COSMOS GLOBE 60”灯",
	"url_fr": "/fr-fr/p/quasar/maison/72I-XHP016?ColorId=TklDS0VM0&amp;lvrid=_p_dXHP_ge"
}, {
	"name_fr": "LAMPE \"PHILAE 85\"",
	"name_zh": "“PHILAE 85”灯",
	"url_fr": "/fr-fr/p/quasar/maison/72I-XHP015?ColorId=QlJBU1M1&amp;lvrid=_p_dXHP_ge"
}, {
	"name_fr": "LAMPE \"MOONLIGHT 40-200\"",
	"name_zh": "“MOONLIGHT 40-200”灯",
	"url_fr": "/fr-fr/p/quasar/maison/72I-XHP013?ColorId=QlJBU1M1&amp;lvrid=_p_dXHP_ge"
}, {
	"name_fr": "LAMPE À PIED \"JULIA\"",
	"name_zh": "“JULIA”落地灯",
	"url_fr": "/fr-fr/p/quasar/maison/72I-XHP007?ColorId=QlJBU1M1&amp;lvrid=_p_dXHP_ge"
}, {
	"name_fr": "LAMPE \"MOONLIGHT 40-200\"",
	"name_zh": "“MOONLIGHT 40-200”灯",
	"url_fr": "/fr-fr/p/quasar/maison/72I-XHP012?ColorId=QUxVIFBPTEw1&amp;lvrid=_p_dXHP_ge"
}, {
	"name_fr": "LAMPE DE TABLE \"JULIA\"",
	"name_zh": "“JULIA”台灯",
	"url_fr": "/fr-fr/p/quasar/maison/72I-XHP004?ColorId=QlJBU1M1&amp;lvrid=_p_dXHP_ge"
}, {
	"name_fr": "APPLIQUE MURALE \"JULIA\"",
	"name_zh": "“JULIA”壁灯",
	"url_fr": "/fr-fr/p/quasar/maison/72I-XHP011?ColorId=QlJBU1M1&amp;lvrid=_p_dXHP_ge"
}, {
	"name_fr": "SUSPENSION \"RONTONTON 50\"",
	"name_zh": "“RONTONTON 50”吊灯",
	"url_fr": "/fr-fr/p/quasar/maison/72I-XHP006?ColorId=V0hJVEU1&amp;lvrid=_p_dXHP_ge"
}, {
	"name_fr": "LAMPE DE TABLE \"JULIA\"",
	"name_zh": "“JULIA”台灯",
	"url_fr": "/fr-fr/p/quasar/maison/72I-XHP005?ColorId=Q0hST01F0&amp;lvrid=_p_dXHP_ge"
}, {
	"name_fr": "PETITE SUSPENSION \"APPLE MOOD\"",
	"name_zh": "“APPLE MOOD”小号吊灯",
	"url_fr": "/fr-fr/p/quasar/maison/72I-XHP009?ColorId=UkVE0&amp;lvrid=_p_dXHP_ge"
}, {
	"name_fr": "SUSPENSION \"APPLE MOOD\"",
	"name_zh": "“APPLE MOOD”吊灯",
	"url_fr": "/fr-fr/p/quasar/maison/72I-XHP003?ColorId=QlJBU1M1&amp;lvrid=_p_dXHP_ge"
}, {
	"name_fr": "SUSPENSION \"APPLE MOOD\"",
	"name_zh": "“APPLE MOOD”吊灯",
	"url_fr": "/fr-fr/p/quasar/maison/72I-XHP002?ColorId=QkxBQ0s1&amp;lvrid=_p_dXHP_ge"
}, {
	"name_fr": "SUSPENSION \"APPLE MOOD\"",
	"name_zh": "“APPLE MOOD”吊灯",
	"url_fr": "/fr-fr/p/quasar/maison/72I-XHP001?ColorId=QUxVIFBPTEw1&amp;lvrid=_p_dXHP_ge"
}, {
	"name_fr": "LAMPADAIRE \"RONTONTON 22\"",
	"name_zh": "“RONTONTON 22”落地灯",
	"url_fr": "/fr-fr/p/quasar/maison/72I-XHP010?ColorId=QkxBQ0s1&amp;lvrid=_p_dXHP_ge"
}, {
	"name_fr": "LAMPE DE TABLE \"LAMPADA 091\"",
	"name_zh": "“LAMPADA 091”台灯",
	"url_fr": "/fr-fr/p/dimoremilano/maison/69I-WU8025?ColorId=TVVMVElDT0xPUg2&amp;lvrid=_p_dDIM_ge"
}, {
	"name_fr": "APPLIQUE MURALE \"APPLIQUE 106 MOD. A\"",
	"name_zh": "“APPLIQUE 106 MOD. A”壁灯",
	"url_fr": "/fr-fr/p/dimoremilano/maison/69I-WU8026?ColorId=QkxBQ0s1&amp;lvrid=_p_dDIM_ge"
}, {
	"name_fr": "LAMPE MURALE \"LAMPADA 079\"",
	"name_zh": "“LAMPADA 079”壁灯",
	"url_fr": "/fr-fr/p/dimoremilano/maison/69I-WU8027?ColorId=TVVMVElDT0xPUg2&amp;lvrid=_p_dDIM_ge"
}, {
	"name_fr": "LAMPE SUR PIED EN MÉTAL \"BIG SHADOW\"",
	"name_zh": "“BIG SHADOW”金属落地灯",
	"url_fr": "/fr-fr/p/cappellini/maison/69I-KEL031?ColorId=QklBTkNP0&amp;lvrid=_p_dKEJ_ge"
}, {
	"name_fr": "LAMPE SUR PIED EN MÉTAL \"BIG SHADOW\"",
	"name_zh": "“BIG SHADOW”金属落地灯",
	"url_fr": "/fr-fr/p/cappellini/maison/69I-KEL030?ColorId=QklBTkNP0&amp;lvrid=_p_dKEJ_ge"
}, {
	"name_fr": "LAMPE DE TABLE \"BON TON\"",
	"name_zh": "\"BON TON\"台灯",
	"url_fr": "/fr-fr/p/torremato/maison/69I-WXW006?ColorId=Uk9TQS9CSUFOQ08vT1RU0&amp;lvrid=_p_dWXW_ge"
}, {
	"name_fr": "LAMPE DE TABLE \"BON TON\"",
	"name_zh": "\"BON TON\"台灯",
	"url_fr": "/fr-fr/p/torremato/maison/69I-WXW005?ColorId=QklBTkNPL09UVE9ORQ2&amp;lvrid=_p_dWXW_ge"
}, {
	"name_fr": "LAMPE DE TABLE \"BON TON\"",
	"name_zh": "\"BON TON\"台灯",
	"url_fr": "/fr-fr/p/torremato/maison/69I-WXW010?ColorId=TkVSTyBMVUNJRE8vT1RU0&amp;lvrid=_p_dWXW_ge"
}, {
	"name_fr": "LAMPE DE TABLE \"BON TON\"",
	"name_zh": "\"BON TON\"台灯",
	"url_fr": "/fr-fr/p/torremato/maison/69I-WXW009?ColorId=Uk9TQSBBTlRJQ08vT1RU0&amp;lvrid=_p_dWXW_ge"
}, {
	"name_fr": "SUSPENSION \"BON TON\"",
	"name_zh": "\"BON TON\"吊灯",
	"url_fr": "/fr-fr/p/torremato/maison/69I-WXW012?ColorId=TkVSTy9SQU1F0&amp;lvrid=_p_dWXW_ge"
}, {
	"name_fr": "SUSPENSION \"BON TON\"",
	"name_zh": "\"BON TON\"吊灯",
	"url_fr": "/fr-fr/p/torremato/maison/69I-WXW011?ColorId=Uk9TQSBBTlRJQ08vT1RU0&amp;lvrid=_p_dWXW_ge"
}, {
	"name_fr": "SUSPENSION \"BON TON\"",
	"name_zh": "\"BON TON\"吊灯",
	"url_fr": "/fr-fr/p/torremato/maison/69I-WXW008?ColorId=QklBTkNPL09UVE9ORQ2&amp;lvrid=_p_dWXW_ge"
}, {
	"name_fr": "SUSPENSION \"BON TON\"",
	"name_zh": "\"BON TON\"吊灯",
	"url_fr": "/fr-fr/p/torremato/maison/69I-WXW007?ColorId=VkVSREUvT1RUT05F0&amp;lvrid=_p_dWXW_ge"
}, {
	"name_fr": "GRANDE LAMPE DE BUREAU \"CRYSTAL AZZURRO\"",
	"name_zh": "\"CRYSTAL AZZURRO\"大号台灯",
	"url_fr": "/fr-fr/p/contardi-lighting/maison/68I-WMQ006?ColorId=Q1JJU1RBTExPL0FaWlVS0&amp;lvrid=_p_dWMQ_ge"
}, {
	"name_fr": "PETITE LAMPE DE BUREAU EN CRISTAL ROSE",
	"name_zh": "\"CRYSTAL ROSA\"小号台灯",
	"url_fr": "/fr-fr/p/contardi-lighting/maison/68I-WMQ005?ColorId=Q1JJU1RBTExPL1JPU0E1&amp;lvrid=_p_dWMQ_ge"
}, {
	"name_fr": "LAMPE DE BUREAU \"CLESSIDRA KRONOS\"",
	"name_zh": "\"CLESSIDRA KRONOS\"台灯",
	"url_fr": "/fr-fr/p/contardi-lighting/maison/68I-WMQ010?ColorId=Q1JPTU81&amp;lvrid=_p_dWMQ_ge"
}, {
	"name_fr": "LAMPE DE BUREAU \"CLESSIDRA KRYNOS\"",
	"name_zh": "\"CLESSIDRA KRYNOS\"台灯",
	"url_fr": "/fr-fr/p/contardi-lighting/maison/68I-WMQ009?ColorId=QlJPTlpP0&amp;lvrid=_p_dWMQ_ge"
}, {
	"name_fr": "LANTERNE D'EXTÉRIEUR MOYENNE \"MUSE\"",
	"name_zh": "\"MUSE LANTERN\"中号室外灯",
	"url_fr": "/fr-fr/p/contardi-lighting/maison/68I-WMQ002?ColorId=TkVSTy9BQ1JJTElDTw2&amp;lvrid=_p_dWMQ_ge"
}, {
	"name_fr": "SUSPENSION \"CALYPSO MARTINIQUE\"",
	"name_zh": "\"CALYPSO MARTINIQUE\"吊灯",
	"url_fr": "/fr-fr/p/contardi-lighting/maison/68I-WMQ028?ColorId=WUVMTE9X0&amp;lvrid=_p_dWMQ_ge"
}, {
	"name_fr": "LAMPE DE BUREAU \"TREASURE DELUXE TA\"",
	"name_zh": "\"TREASURE DELUXE TA\"台灯",
	"url_fr": "/fr-fr/p/contardi-lighting/maison/68I-WMQ011?ColorId=T1JPIFJPU0E1&amp;lvrid=_p_dWMQ_ge"
}, {
	"name_fr": "SUSPENSION \"CALYPSO MARTINIQUE\"",
	"name_zh": "\"CALYPSO MARTINIQUE\"吊灯",
	"url_fr": "/fr-fr/p/contardi-lighting/maison/68I-WMQ018?ColorId=V0hJVEU1&amp;lvrid=_p_dWMQ_ge"
}, {
	"name_fr": "SUSPENSION \"CALYPSO MARTINIQUE\"",
	"name_zh": "\"CALYPSO MARTINIQUE\"吊灯",
	"url_fr": "/fr-fr/p/contardi-lighting/maison/68I-WMQ017?ColorId=QlVJTERJTkc1&amp;lvrid=_p_dWMQ_ge"
}, {
	"name_fr": "SUSPENSION \"CALYPSO MARTINIQUE\"",
	"name_zh": "\"CALYPSO MARTINIQUE\"吊灯",
	"url_fr": "/fr-fr/p/contardi-lighting/maison/68I-WMQ016?ColorId=QkxBQ0s1&amp;lvrid=_p_dWMQ_ge"
}, {
	"name_fr": "LAMPE DE BUREAU \"TREASURE TA\"",
	"name_zh": "\"TREASURE TA\"台灯",
	"url_fr": "/fr-fr/p/contardi-lighting/maison/68I-WMQ015?ColorId=TklDS0VML0NSSVNUQUxM0&amp;lvrid=_p_dWMQ_ge"
}, {
	"name_fr": "PETITE LANTERNE D'EXTÉRIEUR \"MUSE\"",
	"name_zh": "\"MUSE LANTERN\"小号户外灯",
	"url_fr": "/fr-fr/p/contardi-lighting/maison/68I-WMQ003?ColorId=TkVSTy9BQ1JJTElDTw2&amp;lvrid=_p_dWMQ_ge"
}, {
	"name_fr": "LAMPE DE TABLE \"COMPENETRAZIONI 4\"",
	"name_zh": "\"COMPENETRAZIONI 4\"台灯",
	"url_fr": "/fr-fr/p/duccio-conti-caponi/maison/67I-WDB009?ColorId=QVJHRU5UTy9ORVJP0&amp;lvrid=_p_dWDB_ge"
}, {
	"name_fr": "LAMPE DE TABLE \"COMPENETRAZIONI 1\"",
	"name_zh": "\"COMPENETRAZIONI 1\"台灯",
	"url_fr": "/fr-fr/p/duccio-conti-caponi/maison/67I-WDB008?ColorId=T1RUT05FL05FUk81&amp;lvrid=_p_dWDB_ge"
}, {
	"name_fr": "LAMPE DE TABLE \"COMPENETRAZIONI 3\"",
	"name_zh": "\"COMPENETRAZIONI 3\"台灯",
	"url_fr": "/fr-fr/p/duccio-conti-caponi/maison/67I-WDB007?ColorId=R1JJR0lPL05FUk81&amp;lvrid=_p_dWDB_ge"
}, {
	"name_fr": "LAMPE DE TABLE \"COMPENETRAZIONI 3\"",
	"name_zh": "\"COMPENETRAZIONI 3\"台灯",
	"url_fr": "/fr-fr/p/duccio-conti-caponi/maison/67I-WDB006?ColorId=QklBTkNPL05FUk81&amp;lvrid=_p_dWDB_ge"
}, {
	"name_fr": "LAMPE DE TABLE \"COMPENETRAZIONI 5\"",
	"name_zh": "\"COMPENETRAZIONI 5\"台灯",
	"url_fr": "/fr-fr/p/duccio-conti-caponi/maison/67I-WDB002?ColorId=QklBTkNPL05FUk81&amp;lvrid=_p_dWDB_ge"
}, {
	"name_fr": "LAMPE DE TABLE \"COMPENETRAZIONI 2\"",
	"name_zh": "\"COMPENETRAZIONI 2\"台灯",
	"url_fr": "/fr-fr/p/duccio-conti-caponi/maison/67I-WDB001?ColorId=T1RUT05FL05FUk81&amp;lvrid=_p_dWDB_ge"
}, {
	"name_fr": "LAMPE SUSPENDUE \"A330S SAVOY GOLDEN BELL\"",
	"name_zh": "A330S SAVOY \"GOLDEN BELL\" 吊灯",
	"url_fr": "/fr-fr/p/artek/maison/67I-VRX025?ColorId=QlJBU1M1&amp;lvrid=_p_dVRX_ge"
}, {
	"name_fr": "SUSPENSION \"TO-BE\"",
	"name_zh": "\"TO-BE\"吊灯",
	"url_fr": "/fr-fr/p/mogg/maison/66I-WFJ002?ColorId=QlJVTklUTw2&amp;lvrid=_p_dWFJ_ge"
}, {
	"name_fr": "SUSPENSION \"SUPERNOVA\" AVEC MIROIR",
	"name_zh": "\"SUPERNOVA\"镜面吊灯",
	"url_fr": "/fr-fr/p/mogg/maison/66I-WFJ001?ColorId=TVVMVEk1&amp;lvrid=_p_dWFJ_ge"
}, {
	"name_fr": "LUMINAIRE \"DRUM\"",
	"name_zh": "\"DRUM\"吊灯",
	"url_fr": "/fr-fr/p/missoni-home-collection/maison/66I-WGH008?ColorId=QzA0OQ2&amp;lvrid=_p_d9MW_ge"
}, {
	"name_fr": "SUSPENSION \"AMAZZONIO\"",
	"name_zh": "\"AMAZZONIO\"吊灯",
	"url_fr": "/fr-fr/p/mogg/maison/66I-WFJ008?ColorId=R1JFRU41&amp;lvrid=_p_dWFJ_ge"
}]