[{
	"name_fr": "Chaise Pantalon",
	"name_zh": "\"PANTON\"椅子",
	"url_fr": "/fr-fr/p/vitra/maison/75I-VRP053?ColorId=MTIgTkVSTyBJTlRFTlNP0&amp;lvrid=_p_dVRP_ge"
}, {
	"name_fr": "Chaise longue Desert",
	"name_zh": "Desert休闲椅",
	"url_fr": "/fr-fr/p/ferm-living/maison/75I-0VR005?ColorId=Q0FTSE1FUkUvU0FORA2&amp;lvrid=_p_d0VS_ge"
}, {
	"name_fr": "Table Tip Top",
	"name_zh": "Tip Top桌子",
	"url_fr": "/fr-fr/p/kartell/maison/75I-Y8J066?ColorId=MDkvTkVSTyBMVUNJRE81&amp;lvrid=_p_dIJ2_ge"
}, {
	"name_fr": "Transat Snakes",
	"name_zh": "Snakes躺椅",
	"url_fr": "/fr-fr/p/seletti/maison/75I-0QQ005?ColorId=TVVMVEk1&amp;lvrid=_p_d0QQ_ge"
}, {
	"name_fr": "Chaise longue Desert",
	"name_zh": "Desert休闲椅",
	"url_fr": "/fr-fr/p/ferm-living/maison/75I-0VR066?ColorId=QkxPQ0s1&amp;lvrid=_p_d0VS_ge"
}, {
	"name_fr": "Transat Shit",
	"name_zh": "Shit躺椅",
	"url_fr": "/fr-fr/p/seletti/maison/75I-0QQ006?ColorId=TVVMVEk1&amp;lvrid=_p_d0QQ_ge"
}, {
	"name_fr": "Petite table Napoleon",
	"name_zh": "\"NAPOLEON\"小桌",
	"url_fr": "/fr-fr/p/kartell/maison/74I-Y8J019?ColorId=OTU1&amp;lvrid=_p_dIJ2_ge"
}, {
	"name_fr": "Étagère Curva",
	"name_zh": "Curva置物架",
	"url_fr": "/fr-fr/p/aytm/maison/75I-WF2007?ColorId=R09MRA2&amp;lvrid=_p_dWF2_ge"
}, {
	"name_fr": "Chaise longue Desert",
	"name_zh": "Desert休闲椅",
	"url_fr": "/fr-fr/p/ferm-living/maison/75I-0VR004?ColorId=Q0FTSE1FUkUvU0hBUEU1&amp;lvrid=_p_d0VS_ge"
}, {
	"name_fr": "TABLE EN MARBRE NERO MARQUINIA \"PIETRA L\"",
	"name_zh": "\"PIETRA L NERO MARQUINIA\"大理石桌子",
	"url_fr": "/fr-fr/p/salvatori/maison/73I-WA5021?ColorId=TkVSTyBNQVJRVUlOQQ2&amp;lvrid=_p_dWA5_ge"
}, {
	"name_fr": "Tabouret Antique Copper Dot",
	"name_zh": "Antique Copper Dot凳子",
	"url_fr": "/fr-fr/p/polspotten/maison/76I-KEG059?ColorId=Q09QUEVS0&amp;lvrid=_p_dKEG_ge"
}, {
	"name_fr": "Table d'appoint effet marbre",
	"name_zh": "大理石效果边桌",
	"url_fr": "/fr-fr/p/polspotten/maison/76I-KEG061?ColorId=V0hJVEU1&amp;lvrid=_p_dKEG_ge"
}, {
	"name_fr": "Table à finition miroir",
	"name_zh": "镜面小桌",
	"url_fr": "/fr-fr/p/hay/maison/76I-KEZ007?ColorId=TUlSUk9S0&amp;lvrid=_p_dKEZ_ge"
}, {
	"name_fr": "Chaise Panton",
	"name_zh": "Panton椅子",
	"url_fr": "/fr-fr/p/vitra/maison/75I-VRP032?ColorId=OTggLSBCT1JERUFVWA2&amp;lvrid=_p_dVRP_ge"
}, {
	"name_fr": "Pouf Phrae 100",
	"name_zh": "Phrea 100软垫",
	"url_fr": "/fr-fr/p/missoni-home-collection/maison/75I-9MW058?ColorId=UDE3Mw2&amp;lvrid=_p_d9MW_ge"
}, {
	"name_fr": "Étagère Curva",
	"name_zh": "Curva置物架",
	"url_fr": "/fr-fr/p/aytm/maison/75I-WF2006?ColorId=U0lMVkVS0&amp;lvrid=_p_dWF2_ge"
}, {
	"name_fr": "Meuble de rangement Comodo",
	"name_zh": "Comodo小柜子",
	"url_fr": "/fr-fr/p/karakter/maison/75I-YWU024?ColorId=Uk9WRVJFIE5BVFVSQUxF0&amp;lvrid=_p_dYHA_ge"
}, {
	"name_fr": "CHAISE EN JACQUARD \"GG\"",
	"name_zh": "GG爱心&amp;蜜蜂提花椅子",
	"url_fr": "/fr-fr/p/gucci/maison/70I-WNI036?ColorId=MTIyNg2&amp;lvrid=_p_d386_ge"
}, {
	"name_fr": "Tabouret Tabouret Berger",
	"name_zh": "Tabouret Berger凳子",
	"url_fr": "/fr-fr/p/cassina/maison/75I-YWT005?ColorId=Uk9WRVJFIFQgTkVSTw2&amp;lvrid=_p_dYDM_ge"
}, {
	"name_fr": "Tabouret en liège Family Model E",
	"name_zh": "Cork Family Model E凳子",
	"url_fr": "/fr-fr/p/vitra/maison/75I-VRP017?ColorId=Q09SSw2&amp;lvrid=_p_dVRP_ge"
}, {
	"name_fr": "Table d'appoint Classic",
	"name_zh": "Classic边桌",
	"url_fr": "/fr-fr/p/polspotten/maison/76I-KEG071?ColorId=UElOSw2&amp;lvrid=_p_dKEG_ge"
}, {
	"name_fr": "Transat Lipstick Pink",
	"name_zh": "Lipstick粉红躺椅",
	"url_fr": "/fr-fr/p/seletti/maison/75I-0QQ007?ColorId=TVVMVEk1&amp;lvrid=_p_d0QQ_ge"
}, {
	"name_fr": "CHAISE \"CHIAVARI\" AVEC CHAT BRODÉ",
	"name_zh": "\"CHIAVARI\"猫咪刺绣椅子",
	"url_fr": "/fr-fr/p/gucci/maison/68I-WNI028?ColorId=NjM2Nw2&amp;lvrid=_p_d386_ge"
}, {
	"name_fr": "Pouf Masuleh",
	"name_zh": "Masuleh软垫",
	"url_fr": "/fr-fr/p/missoni-home-collection/maison/75I-9MW056?ColorId=MTU20&amp;lvrid=_p_d9MW_ge"
}, {
	"name_fr": "Table Réaction Poétique",
	"name_zh": "Réaction Poétique桌子",
	"url_fr": "/fr-fr/p/cassina/maison/74I-YDM082?ColorId=RlJBU1NJTk8gTkVSTw2&amp;lvrid=_p_dYDM_ge"
}, {
	"name_fr": "Chaise Pantalon",
	"name_zh": "\"PANTON\"椅子",
	"url_fr": "/fr-fr/p/vitra/maison/74I-VRP010?ColorId=MDQgIEJJQU5DTw2&amp;lvrid=_p_dVRP_ge"
}, {
	"name_fr": "Pouf Il Moro",
	"name_zh": "Il Moro矮凳",
	"url_fr": "/fr-fr/p/millesimi-design/maison/75I-YS4019?ColorId=TkVSTw2&amp;lvrid=_p_dYS4_ge"
}, {
	"name_fr": "Tabouret Stone",
	"name_zh": "“STONE”凳子",
	"url_fr": "/fr-fr/p/kartell/maison/73I-WCY007?ColorId=QjQvQ1JJU1RBTExP0&amp;lvrid=_p_dIJ2_ge"
}, {
	"name_fr": "CHAISE \"CHIAVARI\" AVEC TIGRE BRODÉ",
	"name_zh": "\"CHIAVARI\"老虎刺绣椅子",
	"url_fr": "/fr-fr/p/gucci/maison/68I-WNI029?ColorId=MzYwOA2&amp;lvrid=_p_d386_ge"
}, {
	"name_fr": "PETITE TABLE \"ATTILA\"",
	"name_zh": "\"ATTILA\"小桌",
	"url_fr": "/fr-fr/p/kartell/maison/73I-VNN015?ColorId=MDA1&amp;lvrid=_p_dIJ2_ge"
}, {
	"name_fr": "Pouf Jarris",
	"name_zh": "Jarris矮凳",
	"url_fr": "/fr-fr/p/missoni-home-collection/maison/74I-9MW023?ColorId=MTU20&amp;lvrid=_p_d9MW_ge"
}, {
	"name_fr": "Tabouret en bouclé écru Clover",
	"name_zh": "Clover Ecru圈绒矮凳",
	"url_fr": "/fr-fr/p/polspotten/maison/76I-KEG004?ColorId=RUNSVQ2&amp;lvrid=_p_dKEG_ge"
}, {
	"name_fr": "Chaise longue Desert",
	"name_zh": "Desert休闲椅",
	"url_fr": "/fr-fr/p/ferm-living/maison/75I-0VR065?ColorId=T0xJVkU1&amp;lvrid=_p_d0VS_ge"
}, {
	"name_fr": "Chaise Panton",
	"name_zh": "Panton椅子",
	"url_fr": "/fr-fr/p/vitra/maison/75I-VRP031?ColorId=NTcgLSBTT0ZUIE1JTlQ1&amp;lvrid=_p_dVRP_ge"
}, {
	"name_fr": "Contenant Componibili",
	"name_zh": "Componibili容器",
	"url_fr": "/fr-fr/p/kartell/maison/76I-Y8J025?ColorId=MTUvQkxV0&amp;lvrid=_p_dIJ2_ge"
}, {
	"name_fr": "Pouf Yanai",
	"name_zh": "Yanai矮凳",
	"url_fr": "/fr-fr/p/missoni-home-collection/maison/74I-9MW006?ColorId=MTAw0&amp;lvrid=_p_d9MW_ge"
}, {
	"name_fr": "CHAISE \"CHIAVARI\" AVEC TIGRE BRODÉ",
	"name_zh": "\"CHIAVARI\"老虎刺绣椅子",
	"url_fr": "/fr-fr/p/gucci/maison/68I-WNI030?ColorId=MzA4Mw2&amp;lvrid=_p_d386_ge"
}, {
	"name_fr": "Meuble Componibili Bio",
	"name_zh": "“COMPONIBILI BIO”容器",
	"url_fr": "/fr-fr/p/kartell/maison/74I-VNN027?ColorId=VkU1&amp;lvrid=_p_dIJ2_ge"
}, {
	"name_fr": "Pouf La Mora",
	"name_zh": "La Mora矮凳",
	"url_fr": "/fr-fr/p/millesimi-design/maison/75I-YS4005?ColorId=MQ2&amp;lvrid=_p_dYS4_ge"
}, {
	"name_fr": "Tabouret Zig Zag",
	"name_zh": "Zig Zag凳子",
	"url_fr": "/fr-fr/p/polspotten/maison/76I-KEG077?ColorId=RU1FUkFMRCBHUkVFTg2&amp;lvrid=_p_dKEG_ge"
}, {
	"name_fr": "Meuble Componibili Bio",
	"name_zh": "“COMPONIBILI BIO”容器",
	"url_fr": "/fr-fr/p/kartell/maison/74I-VNN027?ColorId=Uk81&amp;lvrid=_p_dIJ2_ge"
}, {
	"name_fr": "POUF EN LUREX \"COUTURE\"",
	"name_zh": "“COUTURE LUREX”矮凳",
	"url_fr": "/fr-fr/p/lorenza-bozzoli/maison/72I-WGL011?ColorId=Uk9TQS9PUk81&amp;lvrid=_p_dWGL_ge"
}, {
	"name_fr": "Tabouret rose Chubby",
	"name_zh": "Chubby粉色凳子",
	"url_fr": "/fr-fr/p/polspotten/maison/75I-KEG075?ColorId=UElOSw2&amp;lvrid=_p_dKEG_ge"
}, {
	"name_fr": "Pouf Oleg",
	"name_zh": "Oleg矮凳",
	"url_fr": "/fr-fr/p/missoni-home-collection/maison/74I-9MW018?ColorId=MTU20&amp;lvrid=_p_d9MW_ge"
}, {
	"name_fr": "FAUTEUIL EN JACQUARD \"GG\"",
	"name_zh": "GG提花扶手椅",
	"url_fr": "/fr-fr/p/gucci/maison/70I-WNI030?ColorId=MTcwMg2&amp;lvrid=_p_d386_ge"
}, {
	"name_fr": "Table plateau",
	"name_zh": "杂物盘小桌",
	"url_fr": "/fr-fr/p/hay/maison/76I-KEZ005?ColorId=QkxBQ0s1&amp;lvrid=_p_dKEZ_ge"
}, {
	"name_fr": "TABOURET \"SOTTSASS PILASTRO\"",
	"name_zh": "“SOTTSASS PILASTRO”凳子",
	"url_fr": "/fr-fr/p/kartell/maison/72I-VNN010?ColorId=MDkvTkVSTw2&amp;lvrid=_p_dIJ2_ge"
}, {
	"name_fr": "Pouf à chevrons noirs et blancs",
	"name_zh": "Chevron B&amp;N矮凳",
	"url_fr": "/fr-fr/p/missoni-home-collection/maison/74I-9MW001?ColorId=VDIw0&amp;lvrid=_p_d9MW_ge"
}, {
	"name_fr": "Table d'appoint DLM",
	"name_zh": "DLM边桌",
	"url_fr": "/fr-fr/p/hay/maison/76I-KEZ001?ColorId=U1VOIFlFTExPVw2&amp;lvrid=_p_dKEZ_ge"
}, {
	"name_fr": "Tabouret Zig Zag",
	"name_zh": "Zig Zag凳子",
	"url_fr": "/fr-fr/p/polspotten/maison/76I-KEG076?ColorId=WUVMTE9X0&amp;lvrid=_p_dKEG_ge"
}, {
	"name_fr": "Tabouret éléphant Eames",
	"name_zh": "Eames Elephant凳子",
	"url_fr": "/fr-fr/p/vitra/maison/75I-VRP037?ColorId=UkFOVU5DT0xP0&amp;lvrid=_p_dVRP_ge"
}, {
	"name_fr": "Pouf Pasadena",
	"name_zh": "Pasadena矮凳",
	"url_fr": "/fr-fr/p/missoni-home-collection/maison/75I-9MW076?ColorId=MTAw0&amp;lvrid=_p_d9MW_ge"
}, {
	"name_fr": "TABLE BASSE \"PINS\"",
	"name_zh": "“PINS”咖啡桌",
	"url_fr": "/fr-fr/p/marioni/maison/73I-VVS004?ColorId=VFMvMDI1&amp;lvrid=_p_dE74_ge"
}, {
	"name_fr": "Tabouret éléphant Eames",
	"name_zh": "Eames Elephant凳子",
	"url_fr": "/fr-fr/p/vitra/maison/73I-VRP004?ColorId=QkxBQ0s1&amp;lvrid=_p_dVRP_ge"
}, {
	"name_fr": "Table Tip Top",
	"name_zh": "“TIP TOP”桌子",
	"url_fr": "/fr-fr/p/kartell/maison/73I-VNN026?ColorId=QjQvVFJBU1BBUkVOVEU1&amp;lvrid=_p_dIJ2_ge"
}, {
	"name_fr": "Table basse en ciment INOUT 44",
	"name_zh": "Inout 44水泥咖啡桌",
	"url_fr": "/fr-fr/p/gervasoni/maison/75I-WHA034?ColorId=V0hJVEU1&amp;lvrid=_p_dWHA_ge"
}, {
	"name_fr": "Contenant à 3 compartiments Componibili",
	"name_zh": "3-Compartment Componibili容器",
	"url_fr": "/fr-fr/p/kartell/maison/75I-Y8J047?ColorId=WFg1&amp;lvrid=_p_dIJ2_ge"
}, {
	"name_fr": "TABOURET \"STONE\"",
	"name_zh": "“STONE”凳子",
	"url_fr": "/fr-fr/p/kartell/maison/73I-Y8J004?ColorId=WFgvQ1JPTUFUTw2&amp;lvrid=_p_dIJ2_ge"
}, {
	"name_fr": "Pouf en acétate mélangé jacquard Masuleh",
	"name_zh": "Masuleh醋酸纤维混纺提花软垫",
	"url_fr": "/fr-fr/p/missoni-home-collection/maison/75I-9MW057?ColorId=MTcw0&amp;lvrid=_p_d9MW_ge"
}, {
	"name_fr": "Contenant Componibili",
	"name_zh": "Componibili容器",
	"url_fr": "/fr-fr/p/kartell/maison/76I-Y8J022?ColorId=MDMvQklBTkNP0&amp;lvrid=_p_dIJ2_ge"
}, {
	"name_fr": "Tabouret beige Zig Zag",
	"name_zh": "Zig Zag米黄色矮凳",
	"url_fr": "/fr-fr/p/polspotten/maison/75I-KEG090?ColorId=QkVJR0U1&amp;lvrid=_p_dKEG_ge"
}, {
	"name_fr": "TABLE BASSE EN VERRE ET MARBRE \"GARY\"",
	"name_zh": "“GARY ”大理石&amp;玻璃茶几",
	"url_fr": "/fr-fr/p/marioni/maison/73I-VVS002?ColorId=VFMvSUM1&amp;lvrid=_p_dE74_ge"
}, {
	"name_fr": "POUF \"SAFI\"",
	"name_zh": "“SAFI”矮凳",
	"url_fr": "/fr-fr/p/missoni-home-collection/maison/73I-X9Y082?ColorId=Mzgx0&amp;lvrid=_p_d9MW_ge"
}, {
	"name_fr": "Table d'appoint Classic",
	"name_zh": "Classic边桌",
	"url_fr": "/fr-fr/p/polspotten/maison/76I-KEG070?ColorId=QkxBQ0s1&amp;lvrid=_p_dKEG_ge"
}, {
	"name_fr": "Contenant Componibili",
	"name_zh": "Componibili容器",
	"url_fr": "/fr-fr/p/kartell/maison/76I-Y8J022?ColorId=MDkvTkVSTw2&amp;lvrid=_p_dIJ2_ge"
}, {
	"name_fr": "Pouf La Marmora",
	"name_zh": "La Marmora矮凳",
	"url_fr": "/fr-fr/p/millesimi-design/maison/75I-YS4012?ColorId=Mg2&amp;lvrid=_p_dYS4_ge"
}, {
	"name_fr": "Tabouret Roman Black",
	"name_zh": "Roman黑色凳子",
	"url_fr": "/fr-fr/p/polspotten/maison/75I-KEG021?ColorId=QkxBQ0s1&amp;lvrid=_p_dKEG_ge"
}, {
	"name_fr": "Table ronde Snake",
	"name_zh": "Snake圆形桌子",
	"url_fr": "/fr-fr/p/marioni/maison/73I-VVS029?ColorId=R0cvMDI1&amp;lvrid=_p_dE74_ge"
}, {
	"name_fr": "POUF \"COUTURE PLAIN\"",
	"name_zh": "\"COUTURE PLAIN\"矮凳",
	"url_fr": "/fr-fr/p/lorenza-bozzoli/maison/72I-WGL003?ColorId=QkxBQ0s1&amp;lvrid=_p_dWGL_ge"
}, {
	"name_fr": "TABOURET \"CORK MODELLO A\"",
	"name_zh": "“CORK MODELLO A”凳子",
	"url_fr": "/fr-fr/p/vitra/maison/73I-VRP011?ColorId=Q09SSw2&amp;lvrid=_p_dVRP_ge"
}, {
	"name_fr": "TABOURET \"STOOL 60\"",
	"name_zh": "\"STOOL 60\"凳子",
	"url_fr": "/fr-fr/p/artek/maison/67I-VRX050?ColorId=QkxBQ0s1&amp;lvrid=_p_dVRX_ge"
}, {
	"name_fr": "LOT DE 2 CHAISES \"MASTERS\"",
	"name_zh": "Masters椅子2把套装",
	"url_fr": "/fr-fr/p/kartell/maison/74I-VOA015?ColorId=MDM1&amp;lvrid=_p_dIJ2_ge"
}, {
	"name_fr": "Pouf Il Moro",
	"name_zh": "Il Moro矮凳",
	"url_fr": "/fr-fr/p/millesimi-design/maison/75I-YS4003?ColorId=Mw2&amp;lvrid=_p_dYS4_ge"
}, {
	"name_fr": "Pouf Birmingham",
	"name_zh": "Birmingham软垫",
	"url_fr": "/fr-fr/p/missoni-home-collection/maison/75I-9MW055?ColorId=MTYw0&amp;lvrid=_p_d9MW_ge"
}, {
	"name_fr": "POUF \"ANNAPOLIS\"",
	"name_zh": "“ANNAPOLIS”矮凳",
	"url_fr": "/fr-fr/p/missoni-home-collection/maison/73I-X9Y032?ColorId=MTAwUg2&amp;lvrid=_p_d9MW_ge"
}, {
	"name_fr": "Pouf Jenkins",
	"name_zh": "Jenkins矮凳",
	"url_fr": "/fr-fr/p/missoni-home-collection/maison/74I-9MW024?ColorId=MTU20&amp;lvrid=_p_d9MW_ge"
}, {
	"name_fr": "Pouf en velours de coton Basel",
	"name_zh": "Basel棉质天鹅绒软垫",
	"url_fr": "/fr-fr/p/missoni-home-collection/maison/75I-9MW054?ColorId=MjI1&amp;lvrid=_p_d9MW_ge"
}, {
	"name_fr": "POUF \"ACONCAGUA\"",
	"name_zh": "“ACONCAGUA”矮凳",
	"url_fr": "/fr-fr/p/missoni-home-collection/maison/73I-X9Y056?ColorId=MTAw0&amp;lvrid=_p_d9MW_ge"
}, {
	"name_fr": "Tabouret Tabouret Méribel",
	"name_zh": "Tabouret Méribel凳子",
	"url_fr": "/fr-fr/p/cassina/maison/74I-YDM063?ColorId=Uk9WRVJFIE5BVFVSQUxF0&amp;lvrid=_p_dYDM_ge"
}, {
	"name_fr": "Tabouret Sottsass Pilastro",
	"name_zh": "Sottsass Pilastro凳子",
	"url_fr": "/fr-fr/p/kartell/maison/75I-Y8J040?ColorId=MTAvUk9TU081&amp;lvrid=_p_dIJ2_ge"
}, {
	"name_fr": "FAUTEUIL À IMPRIMÉ SERPENTS",
	"name_zh": "蛇印花扶手椅",
	"url_fr": "/fr-fr/p/seletti/maison/67I-W58009?ColorId=TVVMVEk1&amp;lvrid=_p_d0QQ_ge"
}, {
	"name_fr": "Table Traccia",
	"name_zh": "Traccia桌子",
	"url_fr": "/fr-fr/p/cassina/maison/74I-YDM039?ColorId=T1JPIEJJQU5DTw2&amp;lvrid=_p_dYDM_ge"
}, {
	"name_fr": "POUF GRIS",
	"name_zh": "“PLAIN GREY”矮凳",
	"url_fr": "/fr-fr/p/lorenza-bozzoli/maison/72I-WGL009?ColorId=R1JJR0lPIENISUFSTw2&amp;lvrid=_p_dWGL_ge"
}, {
	"name_fr": "Tabouret Factory",
	"name_zh": "Factory凳子",
	"url_fr": "/fr-fr/p/mingardo/maison/74I-PBK024?ColorId=RkVSUk81&amp;lvrid=_p_dVUX_ge"
}, {
	"name_fr": "Tabouret Tabouret Méribel",
	"name_zh": "Tabouret Méribel凳子",
	"url_fr": "/fr-fr/p/cassina/maison/74I-YDM064?ColorId=Uk9WRVJFIFQgTkVSTw2&amp;lvrid=_p_dYDM_ge"
}, {
	"name_fr": "TABLE EN MARBRE",
	"name_zh": "细长大理石边桌",
	"url_fr": "/fr-fr/p/zeus/maison/71I-XK7008?ColorId=QklBTkNPL05FUk81&amp;lvrid=_p_dXK7_ge"
}, {
	"name_fr": "Chaise Brugola",
	"name_zh": "Brugola椅子",
	"url_fr": "/fr-fr/p/mingardo/maison/74I-PBK017?ColorId=RkVSUk8gVkVSTklDSUFU0&amp;lvrid=_p_dVUX_ge"
}, {
	"name_fr": "Tabouret Bon",
	"name_zh": "Bon凳子",
	"url_fr": "/fr-fr/p/karakter/maison/74I-YH3008?ColorId=Uk9TU081&amp;lvrid=_p_dYHA_ge"
}, {
	"name_fr": "Chaise Tulu",
	"name_zh": "Tulu椅子",
	"url_fr": "/fr-fr/p/cassina/maison/74I-YDM112?ColorId=T1JUSUdJQQ2&amp;lvrid=_p_dYDM_ge"
}, {
	"name_fr": "Table Traccia",
	"name_zh": "Traccia桌子",
	"url_fr": "/fr-fr/p/cassina/maison/74I-YDM038?ColorId=T1JPIEdJQUxMTw2&amp;lvrid=_p_dYDM_ge"
}, {
	"name_fr": "Table 9",
	"name_zh": "9桌子",
	"url_fr": "/fr-fr/p/cassina/maison/74I-YDM029?ColorId=TUFSTU8gTkVSTyBNQVJR0&amp;lvrid=_p_dYDM_ge"
}, {
	"name_fr": "Chaise Gaja",
	"name_zh": "Gaja椅子",
	"url_fr": "/fr-fr/p/cassina/maison/74I-YDM014?ColorId=TElQQVJJ0&amp;lvrid=_p_dYDM_ge"
}, {
	"name_fr": "Chaise Ombra Tokyo",
	"name_zh": "Ombra Tokyo椅子",
	"url_fr": "/fr-fr/p/cassina/maison/74I-YDM023?ColorId=Uk9WRVJFIE5BVFVSQUxF0&amp;lvrid=_p_dYDM_ge"
}, {
	"name_fr": "Tabouret Tabouret Berger",
	"name_zh": "Tabouret Berger凳子",
	"url_fr": "/fr-fr/p/cassina/maison/75I-YWT004?ColorId=Uk9WRVJFIE5BVFVSQUxF0&amp;lvrid=_p_dYDM_ge"
}, {
	"name_fr": "Chaise Zig Zag",
	"name_zh": "Zig Zag椅子",
	"url_fr": "/fr-fr/p/cassina/maison/74I-YDM107?ColorId=Q0lMSUVHSU81&amp;lvrid=_p_dYDM_ge"
}, {
	"name_fr": "Table 9",
	"name_zh": "9桌子",
	"url_fr": "/fr-fr/p/cassina/maison/74I-YDM028?ColorId=QklBTkNPIENBUlJBUkE1&amp;lvrid=_p_dYDM_ge"
}, {
	"name_fr": "Table 9",
	"name_zh": "9桌子",
	"url_fr": "/fr-fr/p/cassina/maison/74I-YDM026?ColorId=TUFSTU8gR1JJR0lP0&amp;lvrid=_p_dYDM_ge"
}, {
	"name_fr": "FAUTEUIL \"CARA\"",
	"name_zh": "“CARA”扶手椅",
	"url_fr": "/fr-fr/p/kartell/maison/74I-VOA011?ColorId=NEQ1&amp;lvrid=_p_dIJ2_ge"
}, {
	"name_fr": "Rocking chair LC1 Fauteuil à dossier",
	"name_zh": "LC1 Fauteuil à Dossier Basculant椅子",
	"url_fr": "/fr-fr/p/cassina/maison/74I-YDM003?ColorId=Q1JPTUFUTy1QRUxMRQ2&amp;lvrid=_p_dYDM_ge"
}, {
	"name_fr": "Chaise Ombra Tokyo",
	"name_zh": "Ombra Tokyo椅子",
	"url_fr": "/fr-fr/p/cassina/maison/74I-YDM022?ColorId=Uk9WRVJFIE5FUk81&amp;lvrid=_p_dYDM_ge"
}, {
	"name_fr": "Table Réaction Poétique",
	"name_zh": "Réaction Poétique桌子",
	"url_fr": "/fr-fr/p/cassina/maison/74I-YDM081?ColorId=RlJBU1NJTk8gTkVSTw2&amp;lvrid=_p_dYDM_ge"
}, {
	"name_fr": "LOT DE 2 CHAISES \"CATWALK\"",
	"name_zh": "“CATWALK”椅子两把套装",
	"url_fr": "/fr-fr/p/kartell/maison/72I-VOA001?ColorId=MDM1&amp;lvrid=_p_dIJ2_ge"
}, {
	"name_fr": "TABOURET \"STONE\"",
	"name_zh": "“STONE”凳子",
	"url_fr": "/fr-fr/p/kartell/maison/73I-VNN013?ColorId=R0c1&amp;lvrid=_p_dIJ2_ge"
}, {
	"name_fr": "Tabouret Butterfly",
	"name_zh": "“BUTTERFLY”凳子",
	"url_fr": "/fr-fr/p/vitra/maison/74I-VRP004?ColorId=QUNFUk81&amp;lvrid=_p_dVRP_ge"
}, {
	"name_fr": "Chaise LCP",
	"name_zh": "LCP椅子",
	"url_fr": "/fr-fr/p/kartell/maison/74I-VOA009?ColorId=QjQ1&amp;lvrid=_p_dIJ2_ge"
}, {
	"name_fr": "Meuble Componibili Bio",
	"name_zh": "“COMPONIBILI BIO”容器",
	"url_fr": "/fr-fr/p/kartell/maison/76I-Y8J002?ColorId=R0k1&amp;lvrid=_p_dIJ2_ge"
}, {
	"name_fr": "Meuble Componibili Bio",
	"name_zh": "“COMPONIBILI BIO”容器",
	"url_fr": "/fr-fr/p/kartell/maison/76I-Y8J002?ColorId=UEE1&amp;lvrid=_p_dIJ2_ge"
}, {
	"name_fr": "Meuble Componibili Bio",
	"name_zh": "“COMPONIBILI BIO”容器",
	"url_fr": "/fr-fr/p/kartell/maison/76I-Y8J002?ColorId=Uk81&amp;lvrid=_p_dIJ2_ge"
}, {
	"name_fr": "Meuble Componibili Bio",
	"name_zh": "“COMPONIBILI BIO”容器",
	"url_fr": "/fr-fr/p/kartell/maison/76I-Y8J002?ColorId=VkU1&amp;lvrid=_p_dIJ2_ge"
}, {
	"name_fr": "Tabouret Antique White Dot",
	"name_zh": "Antique White Dot凳子",
	"url_fr": "/fr-fr/p/polspotten/maison/76I-KEG060?ColorId=V0hJVEU1&amp;lvrid=_p_dKEG_ge"
}, {
	"name_fr": "Contenant mat Componibili",
	"name_zh": "Componibili哑光容器",
	"url_fr": "/fr-fr/p/kartell/maison/76I-Y8J008?ColorId=MDMvQklBTkNP0&amp;lvrid=_p_dIJ2_ge"
}, {
	"name_fr": "Tabouret Roman Beige",
	"name_zh": "Roman米黄色凳子",
	"url_fr": "/fr-fr/p/polspotten/maison/75I-KEG023?ColorId=QkVJR0U1&amp;lvrid=_p_dKEG_ge"
}, {
	"name_fr": "Table d'appoint DLM",
	"name_zh": "DLM边桌",
	"url_fr": "/fr-fr/p/hay/maison/76I-KEZ004?ColorId=QkxBQ0s1&amp;lvrid=_p_dKEZ_ge"
}, {
	"name_fr": "Table d'appoint DLM",
	"name_zh": "DLM边桌",
	"url_fr": "/fr-fr/p/hay/maison/76I-KEZ003?ColorId=V0hJVEU1&amp;lvrid=_p_dKEZ_ge"
}, {
	"name_fr": "Table à finition miroir",
	"name_zh": "镜面小桌",
	"url_fr": "/fr-fr/p/hay/maison/76I-KEZ008?ColorId=QlJBU1M1&amp;lvrid=_p_dKEZ_ge"
}, {
	"name_fr": "Table d'appoint DLM",
	"name_zh": "DLM边桌",
	"url_fr": "/fr-fr/p/hay/maison/76I-KEZ002?ColorId=REVFUCBCTFVF0&amp;lvrid=_p_dKEZ_ge"
}, {
	"name_fr": "Table plateau",
	"name_zh": "杂物盘小桌",
	"url_fr": "/fr-fr/p/hay/maison/76I-KEZ006?ColorId=V0hJVEU1&amp;lvrid=_p_dKEZ_ge"
}, {
	"name_fr": "Contenant à 3 compartiments Componibili",
	"name_zh": "3-Compartment Componibili容器",
	"url_fr": "/fr-fr/p/kartell/maison/76I-Y8J026?ColorId=MTg1&amp;lvrid=_p_dIJ2_ge"
}, {
	"name_fr": "Tabouret Ecru Cross",
	"name_zh": "Ecru Cross凳子",
	"url_fr": "/fr-fr/p/polspotten/maison/76I-KEG083?ColorId=REFSSyBHUkVFTg2&amp;lvrid=_p_dKEG_ge"
}, {
	"name_fr": "Tabouret Ecru Cross",
	"name_zh": "Ecru Cross凳子",
	"url_fr": "/fr-fr/p/polspotten/maison/76I-KEG082?ColorId=RUNSVQ2&amp;lvrid=_p_dKEG_ge"
}, {
	"name_fr": "Table d'appoint effet marbre",
	"name_zh": "大理石效果边桌",
	"url_fr": "/fr-fr/p/polspotten/maison/76I-KEG062?ColorId=QkxBQ0s1&amp;lvrid=_p_dKEG_ge"
}, {
	"name_fr": "Contenant Componibili",
	"name_zh": "Componibili容器",
	"url_fr": "/fr-fr/p/kartell/maison/76I-Y8J004?ColorId=R0cvT1JP0&amp;lvrid=_p_dIJ2_ge"
}, {
	"name_fr": "Contenant mat Componibili",
	"name_zh": "Componibili哑光容器",
	"url_fr": "/fr-fr/p/kartell/maison/76I-Y8J007?ColorId=MDMvQklBTkNP0&amp;lvrid=_p_dIJ2_ge"
}, {
	"name_fr": "Contenant Componibili",
	"name_zh": "Componibili容器",
	"url_fr": "/fr-fr/p/kartell/maison/76I-Y8J023?ColorId=MTAvUkVE0&amp;lvrid=_p_dIJ2_ge"
}, {
	"name_fr": "Table Tip Top",
	"name_zh": "Tip Top桌子",
	"url_fr": "/fr-fr/p/kartell/maison/76I-Y8J035?ColorId=MDkvTkVSTyBMVUNJRE81&amp;lvrid=_p_dIJ2_ge"
}, {
	"name_fr": "Tabouret Butterfly",
	"name_zh": "Butterfly凳子",
	"url_fr": "/fr-fr/p/vitra/maison/75I-VRP035?ColorId=UEFMSVNTQU5EUk81&amp;lvrid=_p_dVRP_ge"
}, {
	"name_fr": "Tabouret TriAngle",
	"name_zh": "TriAngle凳子",
	"url_fr": "/fr-fr/p/karakter/maison/75I-YWU025?ColorId=TkFUVVJBTA2&amp;lvrid=_p_dYHA_ge"
}, {
	"name_fr": "Meuble Componibili Bio",
	"name_zh": "“COMPONIBILI BIO”容器",
	"url_fr": "/fr-fr/p/kartell/maison/74I-VNN027?ColorId=UEE1&amp;lvrid=_p_dIJ2_ge"
}, {
	"name_fr": "Meuble Componibili Bio",
	"name_zh": "“COMPONIBILI BIO”容器",
	"url_fr": "/fr-fr/p/kartell/maison/74I-VNN027?ColorId=R0k1&amp;lvrid=_p_dIJ2_ge"
}, {
	"name_fr": "Meuble de rangement Comodo",
	"name_zh": "Comodo小柜子",
	"url_fr": "/fr-fr/p/karakter/maison/75I-YWU002?ColorId=TkVSTw2&amp;lvrid=_p_dYHA_ge"
}, {
	"name_fr": "Tabouret en bouclé bleu Clover",
	"name_zh": "Clover Blue Boucle矮凳",
	"url_fr": "/fr-fr/p/polspotten/maison/75I-KEG037?ColorId=QkxVRQ2&amp;lvrid=_p_dKEG_ge"
}, {
	"name_fr": "Contenant mat Componibili",
	"name_zh": "Componibili哑光容器",
	"url_fr": "/fr-fr/p/kartell/maison/75I-Y8J037?ColorId=MDkvTkVSTw2&amp;lvrid=_p_dIJ2_ge"
}, {
	"name_fr": "Contenant mat Componibili",
	"name_zh": "Componibili哑光容器",
	"url_fr": "/fr-fr/p/kartell/maison/75I-Y8J037?ColorId=MDMvQklBTkNP0&amp;lvrid=_p_dIJ2_ge"
}, {
	"name_fr": "Tabouret LC14 Maison du Brésil Tabouret",
	"name_zh": "LC14 Maison du Brésil Tabouret凳子",
	"url_fr": "/fr-fr/p/cassina/maison/75I-YWT003?ColorId=Uk9WRVJFIE5BVFVSQUxF0&amp;lvrid=_p_dYDM_ge"
}, {
	"name_fr": "Tabouret Roman Olive",
	"name_zh": "Roman橄榄色凳子",
	"url_fr": "/fr-fr/p/polspotten/maison/75I-KEG022?ColorId=T0xJVkU1&amp;lvrid=_p_dKEG_ge"
}, {
	"name_fr": "Contenant Componibili",
	"name_zh": "Componibili容器",
	"url_fr": "/fr-fr/p/kartell/maison/75I-Y8J034?ColorId=R0cvT1JP0&amp;lvrid=_p_dIJ2_ge"
}, {
	"name_fr": "Tabouret noir Zig Zag",
	"name_zh": "Zig Zag黑色矮凳",
	"url_fr": "/fr-fr/p/polspotten/maison/75I-KEG089?ColorId=QkxBQ0s1&amp;lvrid=_p_dKEG_ge"
}, {
	"name_fr": "Contenant Componibili",
	"name_zh": "Componibili容器",
	"url_fr": "/fr-fr/p/kartell/maison/75I-Y8J030?ColorId=MDkvTkVSTw2&amp;lvrid=_p_dIJ2_ge"
}, {
	"name_fr": "Contenant Componibili",
	"name_zh": "Componibili容器",
	"url_fr": "/fr-fr/p/kartell/maison/75I-Y8J030?ColorId=MDMvV0hJVEU1&amp;lvrid=_p_dIJ2_ge"
}, {
	"name_fr": "Contenant Componibili",
	"name_zh": "Componibili容器",
	"url_fr": "/fr-fr/p/kartell/maison/75I-Y8J030?ColorId=MTUvQkxV0&amp;lvrid=_p_dIJ2_ge"
}, {
	"name_fr": "Tabouret zig zag",
	"name_zh": "Zig Zag凳子",
	"url_fr": "/fr-fr/p/polspotten/maison/75I-KEG020?ColorId=QlJPV041&amp;lvrid=_p_dKEG_ge"
}, {
	"name_fr": "Tabouret en liège Family Model D",
	"name_zh": "Cork Family Model D凳子",
	"url_fr": "/fr-fr/p/vitra/maison/75I-VRP023?ColorId=Q09SSw2&amp;lvrid=_p_dVRP_ge"
}, {
	"name_fr": "Tabouret en liège Family Model C",
	"name_zh": "Cork Family Model C凳子",
	"url_fr": "/fr-fr/p/vitra/maison/75I-VRP010?ColorId=Q09SSw2&amp;lvrid=_p_dVRP_ge"
}, {
	"name_fr": "Tabouret en bouclé vert Clover",
	"name_zh": "Clover Green Boucle矮凳",
	"url_fr": "/fr-fr/p/polspotten/maison/75I-KEG035?ColorId=R1JFRU41&amp;lvrid=_p_dKEG_ge"
}, {
	"name_fr": "Tabouret Tam Tam",
	"name_zh": "Tam Tam凳子",
	"url_fr": "/fr-fr/p/polspotten/maison/75I-KEG019?ColorId=QlJPV041&amp;lvrid=_p_dKEG_ge"
}, {
	"name_fr": "Tabouret blanc Chubby",
	"name_zh": "Chubby白色凳子",
	"url_fr": "/fr-fr/p/polspotten/maison/75I-KEG008?ColorId=V0hJVEU1&amp;lvrid=_p_dKEG_ge"
}, {
	"name_fr": "Tabouret Desert",
	"name_zh": "Desert凳子",
	"url_fr": "/fr-fr/p/ferm-living/maison/75I-0VR002?ColorId=QkxBQ0svQkxPQ0s1&amp;lvrid=_p_d0VS_ge"
}, {
	"name_fr": "Récipient Componibili",
	"name_zh": "Componibili容器",
	"url_fr": "/fr-fr/p/kartell/maison/65I-VNN014?ColorId=U0kvU0lMVkVS0&amp;lvrid=_p_dIJ2_ge"
}, {
	"name_fr": "Tabouret Desert",
	"name_zh": "Desert凳子",
	"url_fr": "/fr-fr/p/ferm-living/maison/75I-0VR010?ColorId=Q0FTSE1FUkUvU0hBUEU1&amp;lvrid=_p_d0VS_ge"
}, {
	"name_fr": "Tabouret Desert",
	"name_zh": "Desert凳子",
	"url_fr": "/fr-fr/p/ferm-living/maison/75I-0VR003?ColorId=QkxBQ0svT0xJVkU1&amp;lvrid=_p_d0VS_ge"
}, {
	"name_fr": "Contenant Componibili",
	"name_zh": "Componibili容器",
	"url_fr": "/fr-fr/p/kartell/maison/75I-Y8J043?ColorId=MTAvUkVE0&amp;lvrid=_p_dIJ2_ge"
}, {
	"name_fr": "Contenant Componibili",
	"name_zh": "Componibili容器",
	"url_fr": "/fr-fr/p/kartell/maison/75I-Y8J042?ColorId=MTgvVkVSREU1&amp;lvrid=_p_dIJ2_ge"
}, {
	"name_fr": "Table d'appoint Next 141",
	"name_zh": "Next 141小边桌",
	"url_fr": "/fr-fr/p/gervasoni/maison/75I-WHA021?ColorId=TkVSTw2&amp;lvrid=_p_dWHA_ge"
}, {
	"name_fr": "Fauteuil &amp; coussin Ghost 05",
	"name_zh": "Ghost 05扶手椅&amp;抱枕",
	"url_fr": "/fr-fr/p/gervasoni/maison/75I-WHA005?ColorId=QklBTkNP0&amp;lvrid=_p_dWHA_ge"
}, {
	"name_fr": "Table d'appoint Next 142",
	"name_zh": "Next 142小边桌",
	"url_fr": "/fr-fr/p/gervasoni/maison/75I-WHA022?ColorId=TkVSTw2&amp;lvrid=_p_dWHA_ge"
}, {
	"name_fr": "Table d'appoint Next 144",
	"name_zh": "Next 144小边桌",
	"url_fr": "/fr-fr/p/gervasoni/maison/75I-WHA023?ColorId=TkVSTw2&amp;lvrid=_p_dWHA_ge"
}, {
	"name_fr": "Pouf Loll 08",
	"name_zh": "Loll 08矮凳",
	"url_fr": "/fr-fr/p/gervasoni/maison/75I-WHA020?ColorId=UE9MQVIgQkVBUg2&amp;lvrid=_p_dWHA_ge"
}, {
	"name_fr": "Tabouret en rotin Bolla 13",
	"name_zh": "Bolla 13藤编凳子",
	"url_fr": "/fr-fr/p/gervasoni/maison/75I-WHA002?ColorId=R1JJR0lP0&amp;lvrid=_p_dWHA_ge"
}, {
	"name_fr": "Table d'appoint ED021",
	"name_zh": "ED021小桌",
	"url_fr": "/fr-fr/p/edizioni/maison/75I-X2U003?ColorId=QkxBQ0svQlJBU1M1&amp;lvrid=_p_dPBQ_ge"
}, {
	"name_fr": "Grand tabouret en bois Trunk",
	"name_zh": "Trunk大号木凳",
	"url_fr": "/fr-fr/p/gervasoni/maison/75I-WHA007?ColorId=QlJPV041&amp;lvrid=_p_dWHA_ge"
}, {
	"name_fr": "Tabouret en rotin Bolla 13",
	"name_zh": "Bolla 13藤编凳子",
	"url_fr": "/fr-fr/p/gervasoni/maison/75I-WHA001?ColorId=TkFUVVJBTEU1&amp;lvrid=_p_dWHA_ge"
}, {
	"name_fr": "Tabouret moyen en bois Trunk",
	"name_zh": "Trunk中号木凳",
	"url_fr": "/fr-fr/p/gervasoni/maison/75I-WHA008?ColorId=QlJPV041&amp;lvrid=_p_dWHA_ge"
}, {
	"name_fr": "Pouf effet velours La Mora",
	"name_zh": "La Mora天鹅绒效果矮凳",
	"url_fr": "/fr-fr/p/millesimi-design/maison/75I-YS4022?ColorId=Uk9TU081&amp;lvrid=_p_dYS4_ge"
}, {
	"name_fr": "Pouf effet velours Il Moro",
	"name_zh": "Il Moro天鹅绒效果矮凳",
	"url_fr": "/fr-fr/p/millesimi-design/maison/75I-YS4021?ColorId=TkVSTw2&amp;lvrid=_p_dYS4_ge"
}, {
	"name_fr": "Table basse M'Afrique Banjooli",
	"name_zh": "M'Afrique Banjooli咖啡桌",
	"url_fr": "/fr-fr/p/moroso/maison/75I-W2S001?ColorId=VFVSUVVPSVNFLVJFRA2&amp;lvrid=_p_dW25_ge"
}, {
	"name_fr": "Table basse en ciment Inout 41",
	"name_zh": "Inout 41水泥咖啡桌",
	"url_fr": "/fr-fr/p/gervasoni/maison/75I-WHA031?ColorId=R1JJR0lP0&amp;lvrid=_p_dWHA_ge"
}, {
	"name_fr": "Grand tabouret laqué Log",
	"name_zh": "Log大号涂漆凳子",
	"url_fr": "/fr-fr/p/gervasoni/maison/75I-WHA028?ColorId=TkVSTw2&amp;lvrid=_p_dWHA_ge"
}, {
	"name_fr": "Table basse en ciment Inout 42",
	"name_zh": "Inout 42水泥咖啡桌",
	"url_fr": "/fr-fr/p/gervasoni/maison/75I-WHA032?ColorId=R1JJR0lP0&amp;lvrid=_p_dWHA_ge"
}, {
	"name_fr": "Pouf La Marmora",
	"name_zh": "La Marmora矮凳",
	"url_fr": "/fr-fr/p/millesimi-design/maison/75I-YS4011?ColorId=MQ2&amp;lvrid=_p_dYS4_ge"
}, {
	"name_fr": "Pouf Il Marmoro",
	"name_zh": "Il Marmoro矮凳",
	"url_fr": "/fr-fr/p/millesimi-design/maison/75I-YS4010?ColorId=Mg2&amp;lvrid=_p_dYS4_ge"
}, {
	"name_fr": "Pouf Il Marmoro",
	"name_zh": "Il Marmoro矮凳",
	"url_fr": "/fr-fr/p/millesimi-design/maison/75I-YS4009?ColorId=MQ2&amp;lvrid=_p_dYS4_ge"
}, {
	"name_fr": "Table basse en ciment Inout 43",
	"name_zh": "Inout 43水泥咖啡桌",
	"url_fr": "/fr-fr/p/gervasoni/maison/75I-WHA033?ColorId=R1JJR0lP0&amp;lvrid=_p_dWHA_ge"
}, {
	"name_fr": "Petit tabouret en bois Trunk",
	"name_zh": "Trunk小号木凳",
	"url_fr": "/fr-fr/p/gervasoni/maison/75I-WHA009?ColorId=QlJPV041&amp;lvrid=_p_dWHA_ge"
}, {
	"name_fr": "Tabouret moyen laqué en bois",
	"name_zh": "Log中号涂漆凳子",
	"url_fr": "/fr-fr/p/gervasoni/maison/75I-WHA029?ColorId=TkVSTw2&amp;lvrid=_p_dWHA_ge"
}, {
	"name_fr": "Pouf Il Moro",
	"name_zh": "Il Moro矮凳",
	"url_fr": "/fr-fr/p/millesimi-design/maison/75I-YS4020?ColorId=T1JP0&amp;lvrid=_p_dYS4_ge"
}, {
	"name_fr": "Pouf Il Moro",
	"name_zh": "Il Moro矮凳",
	"url_fr": "/fr-fr/p/millesimi-design/maison/75I-YS4018?ColorId=QkVJR0UgVE9SVE9SQQ2&amp;lvrid=_p_dYS4_ge"
}, {
	"name_fr": "Pouf Il Moro",
	"name_zh": "Il Moro矮凳",
	"url_fr": "/fr-fr/p/millesimi-design/maison/75I-YS4017?ColorId=QklBTkNP0&amp;lvrid=_p_dYS4_ge"
}, {
	"name_fr": "Pouf La Mora",
	"name_zh": "La Mora矮凳",
	"url_fr": "/fr-fr/p/millesimi-design/maison/75I-YS4016?ColorId=T1JP0&amp;lvrid=_p_dYS4_ge"
}, {
	"name_fr": "Pouf La Mora",
	"name_zh": "La Mora矮凳",
	"url_fr": "/fr-fr/p/millesimi-design/maison/75I-YS4015?ColorId=TkVSTw2&amp;lvrid=_p_dYS4_ge"
}, {
	"name_fr": "Pouf La Mora",
	"name_zh": "La Mora矮凳",
	"url_fr": "/fr-fr/p/millesimi-design/maison/75I-YS4014?ColorId=QkVJR0UgVE9SVE9SQQ2&amp;lvrid=_p_dYS4_ge"
}, {
	"name_fr": "Pouf La Mora",
	"name_zh": "La Mora矮凳",
	"url_fr": "/fr-fr/p/millesimi-design/maison/75I-YS4013?ColorId=QklBTkNP0&amp;lvrid=_p_dYS4_ge"
}, {
	"name_fr": "Pouf La Mora",
	"name_zh": "La Mora矮凳",
	"url_fr": "/fr-fr/p/millesimi-design/maison/75I-YS4008?ColorId=NA2&amp;lvrid=_p_dYS4_ge"
}, {
	"name_fr": "Pouf La Mora",
	"name_zh": "La Mora矮凳",
	"url_fr": "/fr-fr/p/millesimi-design/maison/75I-YS4007?ColorId=Mw2&amp;lvrid=_p_dYS4_ge"
}, {
	"name_fr": "Pouf La Mora",
	"name_zh": "La Mora矮凳",
	"url_fr": "/fr-fr/p/millesimi-design/maison/75I-YS4006?ColorId=Mg2&amp;lvrid=_p_dYS4_ge"
}, {
	"name_fr": "Pouf Il Moro",
	"name_zh": "Il Moro矮凳",
	"url_fr": "/fr-fr/p/millesimi-design/maison/75I-YS4004?ColorId=NA2&amp;lvrid=_p_dYS4_ge"
}, {
	"name_fr": "Pouf Il Moro",
	"name_zh": "Il Moro矮凳",
	"url_fr": "/fr-fr/p/millesimi-design/maison/75I-YS4002?ColorId=Mg2&amp;lvrid=_p_dYS4_ge"
}, {
	"name_fr": "Pouf Il Moro",
	"name_zh": "Il Moro矮凳",
	"url_fr": "/fr-fr/p/millesimi-design/maison/75I-YS4001?ColorId=MQ2&amp;lvrid=_p_dYS4_ge"
}, {
	"name_fr": "Petite table d'appoint laquée Log",
	"name_zh": "Log小号涂漆小边桌",
	"url_fr": "/fr-fr/p/gervasoni/maison/75I-WHA030?ColorId=TkVSTw2&amp;lvrid=_p_dWHA_ge"
}, {
	"name_fr": "Petit tabouret en bois Trunk",
	"name_zh": "Trunk超小木凳",
	"url_fr": "/fr-fr/p/gervasoni/maison/75I-WHA006?ColorId=QlJPV041&amp;lvrid=_p_dWHA_ge"
}, {
	"name_fr": "FAUTEUIL \"MADAME PUCCI\"",
	"name_zh": "“MADAME PUCCI”扶手椅",
	"url_fr": "/fr-fr/p/kartell/maison/74I-VOA017?ColorId=Uk8vUk9NQQ2&amp;lvrid=_p_dIJ2_ge"
}, {
	"name_fr": "RÉCIPIENT \"COMPONIBILI\"",
	"name_zh": "“COMPONIBILI”容器",
	"url_fr": "/fr-fr/p/kartell/maison/74I-VNN015?ColorId=R0cvT1JP0&amp;lvrid=_p_dIJ2_ge"
}, {
	"name_fr": "FAUTEUIL \"MADAME PUCCI\"",
	"name_zh": "“MADAME PUCCI”扶手椅",
	"url_fr": "/fr-fr/p/kartell/maison/74I-VOA017?ColorId=TUkvTUlMQU5P0&amp;lvrid=_p_dIJ2_ge"
}, {
	"name_fr": "FAUTEUIL \"MADAME PUCCI\"",
	"name_zh": "“MADAME PUCCI”扶手椅",
	"url_fr": "/fr-fr/p/kartell/maison/74I-VOA017?ColorId=TlkvQ1JZU1RBTCBOWQ2&amp;lvrid=_p_dIJ2_ge"
}, {
	"name_fr": "FAUTEUIL \"MADAME PUCCI\"",
	"name_zh": "“MADAME PUCCI”扶手椅",
	"url_fr": "/fr-fr/p/kartell/maison/74I-VOA017?ColorId=UEEvUEFSSUdJ0&amp;lvrid=_p_dIJ2_ge"
}, {
	"name_fr": "FAUTEUIL \"MADAME PUCCI\"",
	"name_zh": "“MADAME PUCCI”扶手椅",
	"url_fr": "/fr-fr/p/kartell/maison/74I-VOA017?ColorId=U0gvQkxBQ0sgU0hBTkdI0&amp;lvrid=_p_dIJ2_ge"
}, {
	"name_fr": "Fauteuil Minima",
	"name_zh": "Minima扶手椅",
	"url_fr": "/fr-fr/p/mingardo/maison/74I-PBK023?ColorId=Uk9TU08gQlJVQ0lBVE81&amp;lvrid=_p_dVUX_ge"
}, {
	"name_fr": "Table d'appoint Constantin",
	"name_zh": "Constantin边桌",
	"url_fr": "/fr-fr/p/cassina/maison/74I-YDM030?ColorId=TEVHTk8gUk9WRVJF0&amp;lvrid=_p_dYDM_ge"
}, {
	"name_fr": "Tabouret Bon",
	"name_zh": "Bon凳子",
	"url_fr": "/fr-fr/p/karakter/maison/74I-YH3009?ColorId=TUFSUk9ORS1WRVJERQ2&amp;lvrid=_p_dYHA_ge"
}, {
	"name_fr": "Fauteuil Mademoiselle Kravitz",
	"name_zh": "“MADEMOISELLE KRAVITZ”扶手椅",
	"url_fr": "/fr-fr/p/kartell/maison/74I-VOA013?ColorId=MDc1&amp;lvrid=_p_dIJ2_ge"
}, {
	"name_fr": "Fauteuil Mademoiselle Kravitz",
	"name_zh": "“MADEMOISELLE KRAVITZ”扶手椅",
	"url_fr": "/fr-fr/p/kartell/maison/74I-VOA013?ColorId=MDk1&amp;lvrid=_p_dIJ2_ge"
}, {
	"name_fr": "Table Shirudo",
	"name_zh": "Shirudo桌子",
	"url_fr": "/fr-fr/p/mingardo/maison/74I-PBK015?ColorId=QUNDLUJST05aTw2&amp;lvrid=_p_dVUX_ge"
}, {
	"name_fr": "LOT DE 2 CHAISES \"MASTERS\"",
	"name_zh": "Masters椅子2把套装",
	"url_fr": "/fr-fr/p/kartell/maison/74I-VOA015?ColorId=MTQ1&amp;lvrid=_p_dIJ2_ge"
}, {
	"name_fr": "LOT DE 2 CHAISES \"MASTERS\"",
	"name_zh": "Masters椅子2把套装",
	"url_fr": "/fr-fr/p/kartell/maison/74I-VOA015?ColorId=MDkvTkVSTw2&amp;lvrid=_p_dIJ2_ge"
}, {
	"name_fr": "LOT DE 2 CHAISES \"MASTERS\"",
	"name_zh": "Masters椅子2把套装",
	"url_fr": "/fr-fr/p/kartell/maison/74I-VOA015?ColorId=MDc1&amp;lvrid=_p_dIJ2_ge"
}, {
	"name_fr": "MEUBLE À ROULETTES MAT",
	"name_zh": "“MOBIL MATT”滚轮小柜子",
	"url_fr": "/fr-fr/p/kartell/maison/74I-VOA012?ColorId=MDk1&amp;lvrid=_p_dIJ2_ge"
}, {
	"name_fr": "MEUBLE À ROULETTES MAT",
	"name_zh": "“MOBIL MATT”滚轮小柜子",
	"url_fr": "/fr-fr/p/kartell/maison/74I-VOA012?ColorId=MDM1&amp;lvrid=_p_dIJ2_ge"
}, {
	"name_fr": "Lot de 2 chaises Re-Chair",
	"name_zh": "Re-Chair椅子2把套装",
	"url_fr": "/fr-fr/p/kartell/maison/74I-VOA021?ColorId=MDk1&amp;lvrid=_p_dIJ2_ge"
}, {
	"name_fr": "Lot de 2 chaises Re-Chair",
	"name_zh": "Re-Chair椅子2把套装",
	"url_fr": "/fr-fr/p/kartell/maison/74I-VOA021?ColorId=VE81&amp;lvrid=_p_dIJ2_ge"
}, {
	"name_fr": "Lot de 2 chaises Re-Chair",
	"name_zh": "Re-Chair椅子2把套装",
	"url_fr": "/fr-fr/p/kartell/maison/74I-VOA021?ColorId=MDM1&amp;lvrid=_p_dIJ2_ge"
}, {
	"name_fr": "Lot de 2 chaises Re-Chair",
	"name_zh": "Re-Chair椅子2把套装",
	"url_fr": "/fr-fr/p/kartell/maison/74I-VOA021?ColorId=R0c1&amp;lvrid=_p_dIJ2_ge"
}, {
	"name_fr": "Chaise Brugola",
	"name_zh": "Brugola椅子",
	"url_fr": "/fr-fr/p/mingardo/maison/74I-PBK018?ColorId=RkVSUk8gQlJVTklUTyBP0&amp;lvrid=_p_dVUX_ge"
}, {
	"name_fr": "Table Satin",
	"name_zh": "Satin桌子",
	"url_fr": "/fr-fr/p/mingardo/maison/74I-PBK019?ColorId=T1RUT05F0&amp;lvrid=_p_dVUX_ge"
}, {
	"name_fr": "Table basse",
	"name_zh": "Center桌子",
	"url_fr": "/fr-fr/p/mingardo/maison/74I-PBK026?ColorId=UkFMIDkwMDU1&amp;lvrid=_p_dVUX_ge"
}, {
	"name_fr": "Lot de 2 chaises en métal Ai",
	"name_zh": "AI金属椅子2把套装",
	"url_fr": "/fr-fr/p/kartell/maison/74I-VOA002?ColorId=T1k1&amp;lvrid=_p_dIJ2_ge"
}, {
	"name_fr": "CHAISE D'EXTÉRIEUR \"CARA\"",
	"name_zh": "“CARA”户外扶手椅",
	"url_fr": "/fr-fr/p/kartell/maison/74I-VOA023?ColorId=MUk1&amp;lvrid=_p_dIJ2_ge"
}, {
	"name_fr": "LOT DE 2 CHAISES \"VENICE\"",
	"name_zh": "“VENICE”椅子两把套装",
	"url_fr": "/fr-fr/p/kartell/maison/74I-VOA008?ColorId=Qkk1&amp;lvrid=_p_dIJ2_ge"
}, {
	"name_fr": "LOT DE 2 CHAISES \"VENICE\"",
	"name_zh": "“VENICE”椅子两把套装",
	"url_fr": "/fr-fr/p/kartell/maison/74I-VOA008?ColorId=TkU1&amp;lvrid=_p_dIJ2_ge"
}, {
	"name_fr": "Lot de 2 chaises A.I",
	"name_zh": "“A.I.”椅子2把套装",
	"url_fr": "/fr-fr/p/kartell/maison/74I-VOA016?ColorId=TkU1&amp;lvrid=_p_dIJ2_ge"
}, {
	"name_fr": "Lot de 2 chaises A.I",
	"name_zh": "“A.I.”椅子2把套装",
	"url_fr": "/fr-fr/p/kartell/maison/74I-VOA016?ColorId=Qkk1&amp;lvrid=_p_dIJ2_ge"
}, {
	"name_fr": "Banc Factory",
	"name_zh": "Factory长凳",
	"url_fr": "/fr-fr/p/mingardo/maison/74I-PBK025?ColorId=RkVSUk81&amp;lvrid=_p_dVUX_ge"
}, {
	"name_fr": "Tabouret Stam",
	"name_zh": "Stam凳子",
	"url_fr": "/fr-fr/p/mingardo/maison/74I-PBK020?ColorId=T1RUT05F0&amp;lvrid=_p_dVUX_ge"
}, {
	"name_fr": "Petit table d'appoint Ghost Buster",
	"name_zh": "Ghost Buster小号柜子",
	"url_fr": "/fr-fr/p/kartell/maison/74I-VOA014?ColorId=QjQvQ1JJU1RBTExP0&amp;lvrid=_p_dIJ2_ge"
}, {
	"name_fr": "Petit table d'appoint Ghost Buster",
	"name_zh": "Ghost Buster小号柜子",
	"url_fr": "/fr-fr/p/kartell/maison/74I-VOA014?ColorId=VjkvRlVNRQ2&amp;lvrid=_p_dIJ2_ge"
}, {
	"name_fr": "LOT DE 2 CHAISES \"LOUIS GHOST\"",
	"name_zh": "“LOUIS GHOST”椅子2把套装",
	"url_fr": "/fr-fr/p/kartell/maison/74I-VOA018?ColorId=QjQ1&amp;lvrid=_p_dIJ2_ge"
}, {
	"name_fr": "Étagère Bendy",
	"name_zh": "Bendy架子",
	"url_fr": "/fr-fr/p/mingardo/maison/74I-PBK014?ColorId=QUNDSUFJTw2&amp;lvrid=_p_dVUX_ge"
}, {
	"name_fr": "Fauteuil Clap",
	"name_zh": "Clap椅子",
	"url_fr": "/fr-fr/p/kartell/maison/74I-VOA005?ColorId=RzY1&amp;lvrid=_p_dIJ2_ge"
}, {
	"name_fr": "Lot de 2 chaises Victoria Ghost",
	"name_zh": "Victoria Ghost椅子2把套装",
	"url_fr": "/fr-fr/p/kartell/maison/74I-VOA003?ColorId=WjQ1&amp;lvrid=_p_dIJ2_ge"
}, {
	"name_fr": "Étagère Bendy",
	"name_zh": "Bendy架子",
	"url_fr": "/fr-fr/p/mingardo/maison/74I-PBK013?ColorId=QUNDSUFP0&amp;lvrid=_p_dVUX_ge"
}, {
	"name_fr": "Lot de 2 tabourets Charles Ghost",
	"name_zh": "Charles Ghost凳子2个套装",
	"url_fr": "/fr-fr/p/kartell/maison/74I-VOA020?ColorId=WjQ1&amp;lvrid=_p_dIJ2_ge"
}, {
	"name_fr": "TABLE CARRÉE \"PALM\"",
	"name_zh": "“PALM”方形小桌",
	"url_fr": "/fr-fr/p/marioni/maison/73I-VVS009?ColorId=TjQvMDA1&amp;lvrid=_p_dE74_ge"
}, {
	"name_fr": "TABLE BASSE EN VERRE ET MARBRE \"GARY\"",
	"name_zh": "“GARY ”大理石&amp;玻璃茶几",
	"url_fr": "/fr-fr/p/marioni/maison/73I-VVS001?ColorId=VFMvSVM1&amp;lvrid=_p_dE74_ge"
}, {
	"name_fr": "TABLE \"GUY\"",
	"name_zh": "“GUY”桌子",
	"url_fr": "/fr-fr/p/marioni/maison/73I-VVS008?ColorId=VFMvSUM1&amp;lvrid=_p_dE74_ge"
}, {
	"name_fr": "TABLE \"CAGE 05\"",
	"name_zh": "“CAGE 05”桌子",
	"url_fr": "/fr-fr/p/il-bronzetto/maison/73I-Y7R018?ColorId=R09MRA2&amp;lvrid=_p_dY7R_ge"
}, {
	"name_fr": "TABLE BASSE AVEC SPHÈRES \"PINS\"",
	"name_zh": "“PINS”小桌",
	"url_fr": "/fr-fr/p/marioni/maison/73I-VVS003?ColorId=VFMvMTI1&amp;lvrid=_p_dE74_ge"
}, {
	"name_fr": "Table ronde Edith",
	"name_zh": "Edith圆形桌子",
	"url_fr": "/fr-fr/p/marioni/maison/73I-VVS031?ColorId=R0cvMDI1&amp;lvrid=_p_dE74_ge"
}, {
	"name_fr": "Table hexagonale Kelly",
	"name_zh": "Kelly六边形桌子",
	"url_fr": "/fr-fr/p/marioni/maison/73I-VVS030?ColorId=R0cvMDI1&amp;lvrid=_p_dE74_ge"
}, {
	"name_fr": "Table ronde Cyl",
	"name_zh": "CYL圆形桌子",
	"url_fr": "/fr-fr/p/marioni/maison/73I-VVS028?ColorId=R0cvMDI1&amp;lvrid=_p_dE74_ge"
}, {
	"name_fr": "TABLE BASSE \"PINS\"",
	"name_zh": "“PINS”咖啡桌",
	"url_fr": "/fr-fr/p/marioni/maison/73I-VVS007?ColorId=VFMvMjY1&amp;lvrid=_p_dE74_ge"
}, {
	"name_fr": "TABLE BASSE \"PINS\"",
	"name_zh": "“PINS”咖啡桌",
	"url_fr": "/fr-fr/p/marioni/maison/73I-VVS006?ColorId=VFMvMTI1&amp;lvrid=_p_dE74_ge"
}, {
	"name_fr": "TABOURET \"B' FLOAT 05\"",
	"name_zh": "“B' FLOAT 05”凳子",
	"url_fr": "/fr-fr/p/il-bronzetto/maison/73I-Y7R016?ColorId=QkxBQ0s1&amp;lvrid=_p_dY7R_ge"
}, {
	"name_fr": "TABLE \"URBAN 04\"",
	"name_zh": "“URBAN 04”桌子",
	"url_fr": "/fr-fr/p/il-bronzetto/maison/73I-Y7R039?ColorId=QlJPV041&amp;lvrid=_p_dY7R_ge"
}, {
	"name_fr": "TABLE CARRÉE \"URBAN 05\"",
	"name_zh": "“URBAN 05”方桌",
	"url_fr": "/fr-fr/p/il-bronzetto/maison/73I-Y7R038?ColorId=QlJPV041&amp;lvrid=_p_dY7R_ge"
}, {
	"name_fr": "TABOURET \"B' FLOAT 04\"",
	"name_zh": "“B' FLOAT 04”凳子",
	"url_fr": "/fr-fr/p/il-bronzetto/maison/73I-Y7R015?ColorId=QkxBQ0stQkxVRQ2&amp;lvrid=_p_dY7R_ge"
}, {
	"name_fr": "Rocking chair Piña",
	"name_zh": "PIÑA摇椅",
	"url_fr": "/fr-fr/p/magis/maison/73I-W1R008?ColorId=QkxBQ0s1&amp;lvrid=_p_dW1R_ge"
}, {
	"name_fr": "PETIT TABOURET \"CAGE 08\"",
	"name_zh": "“CAGE 08”小凳子",
	"url_fr": "/fr-fr/p/il-bronzetto/maison/73I-Y7R020?ColorId=R09MRC1NVUxUSUNPTE9S0&amp;lvrid=_p_dY7R_ge"
}, {
	"name_fr": "Chaise élégante noire polie Cyborg",
	"name_zh": "Cyborg Elegant黑色抛光椅子",
	"url_fr": "/fr-fr/p/magis/maison/73I-W1R030?ColorId=QkxBQ0s1&amp;lvrid=_p_dW1R_ge"
}, {
	"name_fr": "Fauteuil Cyborg Club",
	"name_zh": "Cyborg Club扶手椅",
	"url_fr": "/fr-fr/p/magis/maison/73I-W1R009?ColorId=QklBTkNPL05BVFVSQUxF0&amp;lvrid=_p_dW1R_ge"
}, {
	"name_fr": "Rocking chair Voido",
	"name_zh": "Voido摇椅",
	"url_fr": "/fr-fr/p/magis/maison/73I-W1R010?ColorId=TUFSUk9ORQ2&amp;lvrid=_p_dW1R_ge"
}, {
	"name_fr": "Tabouret Bureaurama",
	"name_zh": "Bureaurama凳子",
	"url_fr": "/fr-fr/p/magis/maison/73I-W1R024?ColorId=QkxBQ0sgU1BMQVQuIFdI0&amp;lvrid=_p_dW1R_ge"
}, {
	"name_fr": "Chaise Stanley",
	"name_zh": "Stanley椅子",
	"url_fr": "/fr-fr/p/magis/maison/73I-W1R028?ColorId=QkU1&amp;lvrid=_p_dW1R_ge"
}, {
	"name_fr": "Fauteuil en acier et bois",
	"name_zh": "钢&amp;木头扶手椅",
	"url_fr": "/fr-fr/p/magis/maison/73I-W1R012?ColorId=QklBTkNPLU1BUlJPTkU1&amp;lvrid=_p_dW1R_ge"
}, {
	"name_fr": "Fauteuil Spun",
	"name_zh": "Spun凳子",
	"url_fr": "/fr-fr/p/magis/maison/73I-W1R017?ColorId=Uk9TU081&amp;lvrid=_p_dW1R_ge"
}, {
	"name_fr": "Tabouret Tom",
	"name_zh": "Tom凳子",
	"url_fr": "/fr-fr/p/magis/maison/73I-W1R016?ColorId=QklBTkNPL01BUlJPTkU1&amp;lvrid=_p_dW1R_ge"
}, {
	"name_fr": "Chaise Déjà-Vu",
	"name_zh": "DÉJÀ-VU椅子",
	"url_fr": "/fr-fr/p/magis/maison/73I-W1R006?ColorId=QUxMVU1JTklP0&amp;lvrid=_p_dW1R_ge"
}, {
	"name_fr": "Table basse en acier et frêne noir Piña",
	"name_zh": "Piña钢&amp;黑蜡木小矮桌",
	"url_fr": "/fr-fr/p/magis/maison/73I-W1R026?ColorId=U1RFRUwgQkxBQ0s1&amp;lvrid=_p_dW1R_ge"
}, {
	"name_fr": "Tabouret de bar peint en acier et bois",
	"name_zh": "涂漆钢&amp;木头吧台凳",
	"url_fr": "/fr-fr/p/magis/maison/73I-W1R011?ColorId=QklBTkNPL05BVFVSQUxF0&amp;lvrid=_p_dW1R_ge"
}, {
	"name_fr": "Tabouret Jerry The Wild Bunch",
	"name_zh": "Jerry The Wild Bunch凳子",
	"url_fr": "/fr-fr/p/magis/maison/73I-W1R003?ColorId=QkxBQ0s1&amp;lvrid=_p_dW1R_ge"
}, {
	"name_fr": "Chaise Chair_One",
	"name_zh": "Chair_One椅子",
	"url_fr": "/fr-fr/p/magis/maison/73I-W1R002?ColorId=TkVSTw2&amp;lvrid=_p_dW1R_ge"
}, {
	"name_fr": "Chaise Flux",
	"name_zh": "Flux椅子",
	"url_fr": "/fr-fr/p/magis/maison/73I-W1R021?ColorId=QVo1&amp;lvrid=_p_dW1R_ge"
}, {
	"name_fr": "Fauteuil Air",
	"name_zh": "Air扶手椅",
	"url_fr": "/fr-fr/p/magis/maison/73I-W1R022?ColorId=QkU1&amp;lvrid=_p_dW1R_ge"
}, {
	"name_fr": "Fauteuil Air",
	"name_zh": "Air扶手椅",
	"url_fr": "/fr-fr/p/magis/maison/73I-W1R022?ColorId=QQ2&amp;lvrid=_p_dW1R_ge"
}, {
	"name_fr": "Set d'étagères Spike",
	"name_zh": "Spike置物架",
	"url_fr": "/fr-fr/p/magis/maison/73I-W1R004?ColorId=TkVSTy9CSUFOQ081&amp;lvrid=_p_dW1R_ge"
}, {
	"name_fr": "BOÎTE OPTIQUE",
	"name_zh": "\"OPTIC\"容器",
	"url_fr": "/fr-fr/p/kartell/maison/72I-VOA045?ColorId=QjQ1&amp;lvrid=_p_dIJ2_ge"
}, {
	"name_fr": "LOT DE 2 CHAISES \"CATWALK\"",
	"name_zh": "“CATWALK”椅子两把套装",
	"url_fr": "/fr-fr/p/kartell/maison/72I-VOA001?ColorId=MDc1&amp;lvrid=_p_dIJ2_ge"
}, {
	"name_fr": "BOÎTE OPTIQUE",
	"name_zh": "\"OPTIC\"容器",
	"url_fr": "/fr-fr/p/kartell/maison/72I-VOA045?ColorId=Vjk1&amp;lvrid=_p_dIJ2_ge"
}, {
	"name_fr": "FAUTEUIL \"JOE COLOMBO\"",
	"name_zh": "“JOE COLOMBO”扶手椅",
	"url_fr": "/fr-fr/p/kartell/maison/72I-VOA013?ColorId=QjQ1&amp;lvrid=_p_dIJ2_ge"
}, {
	"name_fr": "FAUTEUIL \"JOE COLOMBO\"",
	"name_zh": "“JOE COLOMBO”扶手椅",
	"url_fr": "/fr-fr/p/kartell/maison/72I-VOA013?ColorId=MDk1&amp;lvrid=_p_dIJ2_ge"
}, {
	"name_fr": "FAUTEUIL \"JOE COLOMBO\"",
	"name_zh": "“JOE COLOMBO”扶手椅",
	"url_fr": "/fr-fr/p/kartell/maison/72I-VOA013?ColorId=MDM1&amp;lvrid=_p_dIJ2_ge"
}, {
	"name_fr": "POUF \"COUTURE GEOMETRIC\"",
	"name_zh": "“COUTURE GEOMETRIC”矮凳",
	"url_fr": "/fr-fr/p/lorenza-bozzoli/maison/72I-WGL014?ColorId=QkVJR0U1&amp;lvrid=_p_dWGL_ge"
}, {
	"name_fr": "POUF \"COUTURE GEOMETRIC\"",
	"name_zh": "“COUTURE GEOMETRIC”矮凳",
	"url_fr": "/fr-fr/p/lorenza-bozzoli/maison/72I-WGL012?ColorId=Uk9TU081&amp;lvrid=_p_dWGL_ge"
}, {
	"name_fr": "POUF \"COUTURE GEOMETRIC DECO\"",
	"name_zh": "“COUTURE GEOMETRIC DECO”矮凳",
	"url_fr": "/fr-fr/p/lorenza-bozzoli/maison/72I-WGL006?ColorId=TElHSFQgR1JFRU41&amp;lvrid=_p_dWGL_ge"
}, {
	"name_fr": "POUF \"COUTURE GEOMETRIC DECO\"",
	"name_zh": "“COUTURE GEOMETRIC DECO”矮凳",
	"url_fr": "/fr-fr/p/lorenza-bozzoli/maison/72I-WGL005?ColorId=QkxVRQ2&amp;lvrid=_p_dWGL_ge"
}, {
	"name_fr": "MEUBLE À ROULETTES",
	"name_zh": "“MOBIL”滚轮小柜子",
	"url_fr": "/fr-fr/p/kartell/maison/72I-VOA047?ColorId=TDgvRlVNRSBMVUNJRE81&amp;lvrid=_p_dIJ2_ge"
}, {
	"name_fr": "MEUBLE À ROULETTES",
	"name_zh": "“MOBIL”滚轮小柜子",
	"url_fr": "/fr-fr/p/kartell/maison/72I-VOA047?ColorId=TDE1&amp;lvrid=_p_dIJ2_ge"
}, {
	"name_fr": "POUF \"COUTURE PLAIN\"",
	"name_zh": "\"COUTURE PLAIN\"矮凳",
	"url_fr": "/fr-fr/p/lorenza-bozzoli/maison/72I-WGL007?ColorId=UElOSw2&amp;lvrid=_p_dWGL_ge"
}, {
	"name_fr": "POUF \"COUTURE PLAIN\"",
	"name_zh": "\"COUTURE PLAIN\"矮凳",
	"url_fr": "/fr-fr/p/lorenza-bozzoli/maison/72I-WGL001?ColorId=T1JBTkdF0&amp;lvrid=_p_dWGL_ge"
}, {
	"name_fr": "POUF EN LUREX \"COUTURE\"",
	"name_zh": "“COUTURE LUREX”矮凳",
	"url_fr": "/fr-fr/p/lorenza-bozzoli/maison/72I-WGL013?ColorId=QVpaVVJSTy9BUkdFTlRP0&amp;lvrid=_p_dWGL_ge"
}, {
	"name_fr": "POUF BEIGE",
	"name_zh": "“PLAIN BEIGE”矮凳",
	"url_fr": "/fr-fr/p/lorenza-bozzoli/maison/72I-WGL010?ColorId=Q09HTkFD0&amp;lvrid=_p_dWGL_ge"
}, {
	"name_fr": "POUF VERT",
	"name_zh": "“PLAIN GREEN”矮凳",
	"url_fr": "/fr-fr/p/lorenza-bozzoli/maison/72I-WGL008?ColorId=R1JFRU41&amp;lvrid=_p_dWGL_ge"
}, {
	"name_fr": "POUF \"COUTURE PLAIN\"",
	"name_zh": "\"COUTURE PLAIN\"矮凳",
	"url_fr": "/fr-fr/p/lorenza-bozzoli/maison/72I-WGL002?ColorId=WUVMTE9X0&amp;lvrid=_p_dWGL_ge"
}, {
	"name_fr": "FAUTEUIL \"Q/WOOD\"",
	"name_zh": "“Q/WOOD”扶手椅",
	"url_fr": "/fr-fr/p/kartell/maison/72I-VOA030?ColorId=U0M1&amp;lvrid=_p_dIJ2_ge"
}, {
	"name_fr": "FAUTEUIL \"Q/WOOD\"",
	"name_zh": "“Q/WOOD”扶手椅",
	"url_fr": "/fr-fr/p/kartell/maison/72I-VOA030?ColorId=Q0M1&amp;lvrid=_p_dIJ2_ge"
}, {
	"name_fr": "POUF \"COUTURE PLAIN\"",
	"name_zh": "\"COUTURE PLAIN\"矮凳",
	"url_fr": "/fr-fr/p/lorenza-bozzoli/maison/72I-WGL004?ColorId=UElOSw2&amp;lvrid=_p_dWGL_ge"
}, {
	"name_fr": "CHAISE \"P/WOOD\"",
	"name_zh": "“P/WOOD”椅子",
	"url_fr": "/fr-fr/p/kartell/maison/72I-VOA029?ColorId=U0M1&amp;lvrid=_p_dIJ2_ge"
}, {
	"name_fr": "CHAISE \"P/WOOD\"",
	"name_zh": "“P/WOOD”椅子",
	"url_fr": "/fr-fr/p/kartell/maison/72I-VOA029?ColorId=Q0M1&amp;lvrid=_p_dIJ2_ge"
}, {
	"name_fr": "FAUTEUIL \"MADEMOISELLE KRAVITZ\"",
	"name_zh": "“MADEMOISELLE KRAVITZ”扶手椅",
	"url_fr": "/fr-fr/p/kartell/maison/72I-VOA044?ColorId=ODE1&amp;lvrid=_p_dIJ2_ge"
}, {
	"name_fr": "LOT DE DEUX CHAISES \"AUDREY\"",
	"name_zh": "“AUDREY”椅子两把套装",
	"url_fr": "/fr-fr/p/kartell/maison/72I-VOA034?ColorId=TjI1&amp;lvrid=_p_dIJ2_ge"
}, {
	"name_fr": "LOT DE DEUX CHAUSES D'EXTÉRIEUR \"AUDREY\"",
	"name_zh": "“AUDREY”户外椅子两把套装",
	"url_fr": "/fr-fr/p/kartell/maison/72I-VOA033?ColorId=TjM1&amp;lvrid=_p_dIJ2_ge"
}, {
	"name_fr": "CHAISE PIVOTANTE \"ERO|S|\"",
	"name_zh": "“ERO|S|”旋转椅",
	"url_fr": "/fr-fr/p/kartell/maison/72I-VOA041?ColorId=QjQ1&amp;lvrid=_p_dIJ2_ge"
}, {
	"name_fr": "LOT DE 2 CHAISES \"VICTORIA GHOST\"",
	"name_zh": "“VICTORIA GHOST”椅子2把套装",
	"url_fr": "/fr-fr/p/kartell/maison/72I-VOA020?ColorId=QjQ1&amp;lvrid=_p_dIJ2_ge"
}, {
	"name_fr": "CHAISE \"MR. IMPOSSIBLE\"",
	"name_zh": "“MR. IMPOSSIBLE”椅子",
	"url_fr": "/fr-fr/p/kartell/maison/72I-VOA021?ColorId=QjQ1&amp;lvrid=_p_dIJ2_ge"
}, {
	"name_fr": "TABLE \"IRONY\"",
	"name_zh": "“SLIM IRONY”小边桌",
	"url_fr": "/fr-fr/p/zeus/maison/71I-XK7006?ColorId=VkVUUk81&amp;lvrid=_p_dXK7_ge"
}, {
	"name_fr": "TABOURET \"GOLIA\"",
	"name_zh": "“GOLIA”凳子",
	"url_fr": "/fr-fr/p/zeus/maison/71I-XK7015?ColorId=QkxBQ0s1&amp;lvrid=_p_dXK7_ge"
}, {
	"name_fr": "FAUTEUIL EN MÉTAL \"GINGER\"",
	"name_zh": "”GINGER”金属扶手椅",
	"url_fr": "/fr-fr/p/zeus/maison/71I-XK7007?ColorId=TkVSTw2&amp;lvrid=_p_dXK7_ge"
}, {
	"name_fr": "FAUTEUIL EN MÉTAL \"POLTRONCINA\"",
	"name_zh": "“POLTRONCINA”金属扶手椅",
	"url_fr": "/fr-fr/p/zeus/maison/71I-XK7001?ColorId=QkxBQ0s1&amp;lvrid=_p_dXK7_ge"
}, {
	"name_fr": "FAUTEUIL EN MÉTAL \"SAVONAROLA\"",
	"name_zh": "“SAVONAROLA“金属扶手椅",
	"url_fr": "/fr-fr/p/zeus/maison/71I-XK7002?ColorId=QkxBQ0s1&amp;lvrid=_p_dXK7_ge"
}, {
	"name_fr": "TABOURET EN MÉTAL",
	"name_zh": "金属高凳",
	"url_fr": "/fr-fr/p/zeus/maison/71I-XK7003?ColorId=QkxBQ0s1&amp;lvrid=_p_dXK7_ge"
}, {
	"name_fr": "CHAISE EMPILABLE \"GINGER\"",
	"name_zh": "“GINGER”椅子",
	"url_fr": "/fr-fr/p/zeus/maison/71I-XK7013?ColorId=R1JFWQ2&amp;lvrid=_p_dXK7_ge"
}, {
	"name_fr": "CHAISE EMPILABLE \"GINGER\"",
	"name_zh": "“GINGER”椅子",
	"url_fr": "/fr-fr/p/zeus/maison/71I-XK7011?ColorId=TkVSTw2&amp;lvrid=_p_dXK7_ge"
}, {
	"name_fr": "TABOURET EN MÉTAL INDUSTRIEL",
	"name_zh": "“INDUSTRIAL”金属吧凳",
	"url_fr": "/fr-fr/p/zeus/maison/71I-XK7012?ColorId=R1JFWQ2&amp;lvrid=_p_dXK7_ge"
}, {
	"name_fr": "CHAISE \"SISSI\"",
	"name_zh": "“SLIM SISSI”椅子",
	"url_fr": "/fr-fr/p/zeus/maison/71I-XK7010?ColorId=V0hJVEU1&amp;lvrid=_p_dXK7_ge"
}, {
	"name_fr": "TABOURET EN MÉTAL",
	"name_zh": "金属矮凳",
	"url_fr": "/fr-fr/p/zeus/maison/71I-XK7004?ColorId=QkxBQ0s1&amp;lvrid=_p_dXK7_ge"
}, {
	"name_fr": "CHAISE \"SISSI\"",
	"name_zh": "“SLIM SISSI”椅子",
	"url_fr": "/fr-fr/p/zeus/maison/71I-XK7005?ColorId=QkxBQ0s1&amp;lvrid=_p_dXK7_ge"
}, {
	"name_fr": "FAUTEUIL EN MÉTAL \"GINGER\"",
	"name_zh": "”GINGER”金属扶手椅",
	"url_fr": "/fr-fr/p/zeus/maison/71I-XK7014?ColorId=R1JFWQ2&amp;lvrid=_p_dXK7_ge"
}, {
	"name_fr": "CHAISE \"RAINBOW\"",
	"name_zh": "\"RAINBOW\"椅子",
	"url_fr": "/fr-fr/p/cappellini/maison/69I-KEL013?ColorId=TVVMVElDT0xPUg2&amp;lvrid=_p_dKEJ_ge"
}, {
	"name_fr": "CHAISE EN BOIS AVEC BRODERIES - ÉDITION LIMITÉE",
	"name_zh": "限量版刺绣木质椅子",
	"url_fr": "/fr-fr/p/cappellini/maison/69I-KEL007?ColorId=RVNUQVRF0&amp;lvrid=_p_dKEJ_ge"
}, {
	"name_fr": "TABLE BASSE EN LAITON OXYDÉ \"043\"",
	"name_zh": "“043”氧化黄铜茶几",
	"url_fr": "/fr-fr/p/dimoremilano/maison/69I-WU8023?ColorId=QlJBU1M1&amp;lvrid=_p_dDIM_ge"
}, {
	"name_fr": "TABLE EN LAITON OXYDÉ \"ALICUDI\"",
	"name_zh": "“ALICUDI”氧化黄铜桌子",
	"url_fr": "/fr-fr/p/dimoremilano/maison/69I-WU8022?ColorId=QlJBU1M1&amp;lvrid=_p_dDIM_ge"
}, {
	"name_fr": "CHAISE EN ALUMINIUM ET PLASTIQUE \"FELT\"",
	"name_zh": "“FELT”塑料&amp;铝椅子",
	"url_fr": "/fr-fr/p/cappellini/maison/69I-KEL032?ColorId=Uk9TU081&amp;lvrid=_p_dKEJ_ge"
}, {
	"name_fr": "CONSOLE NE VERRE \"LIQUFEY\"",
	"name_zh": "“LIQUFEY”玻璃桌",
	"url_fr": "/fr-fr/p/glas-italia/maison/69I-WTA016?ColorId=V0hJU0tFWQ2&amp;lvrid=_p_dWTA_ge"
}, {
	"name_fr": "CONSOLE NE VERRE \"LIQUFEY\"",
	"name_zh": "“LIQUFEY”玻璃桌",
	"url_fr": "/fr-fr/p/glas-italia/maison/69I-WTA007?ColorId=R1JJR0lPIEFOVFJJQ0lU0&amp;lvrid=_p_dWTA_ge"
}, {
	"name_fr": "GRANDE TABLE BASSE EN VERRE COLORÉ \"LUCE\"",
	"name_zh": "\"LUCA\"大号彩色玻璃桌",
	"url_fr": "/fr-fr/p/cappellini/maison/69I-KEL028?ColorId=Q09MT1JBVE81&amp;lvrid=_p_dKEJ_ge"
}, {
	"name_fr": "TABLE BASSE EN VERRE \"ORG\"",
	"name_zh": "“ORG”玻璃小桌",
	"url_fr": "/fr-fr/p/cappellini/maison/69I-KEL005?ColorId=Uk9TU0E1&amp;lvrid=_p_dKEJ_ge"
}, {
	"name_fr": "TABOURET EN MÉTAL \"ALICUDI\"",
	"name_zh": "“ALICUDI”金属凳子",
	"url_fr": "/fr-fr/p/dimoremilano/maison/69I-WU8021?ColorId=UkVE0&amp;lvrid=_p_dDIM_ge"
}, {
	"name_fr": "TABOURET EN MÉTAL \"ALICUDI\"",
	"name_zh": "“ALICUDI”凳子",
	"url_fr": "/fr-fr/p/dimoremilano/maison/69I-WU8020?ColorId=V0hJVEU1&amp;lvrid=_p_dDIM_ge"
}, {
	"name_fr": "TABLE MOYENNE EN VERRE COLORÉ \"LUCE\"",
	"name_zh": "\"LUCE\"中号彩色玻璃桌",
	"url_fr": "/fr-fr/p/cappellini/maison/69I-KEL027?ColorId=Q09MT1JBVE81&amp;lvrid=_p_dKEJ_ge"
}, {
	"name_fr": "GRANDE TABLE EN LAITON ET SCAGLIOLA",
	"name_zh": "大号SCAGLIOLA&amp;黄铜桌子",
	"url_fr": "/fr-fr/p/sara-ricciardi/maison/69I-X4U001?ColorId=TVVMVElDT0xPUg2&amp;lvrid=_p_dVWV_ge"
}, {
	"name_fr": "TABLE BASSE EN VERRE COLORÉ \"LUCE\"",
	"name_zh": "\"LUCE\"彩色玻璃桌",
	"url_fr": "/fr-fr/p/cappellini/maison/69I-KEL016?ColorId=Q09MT1JBVE81&amp;lvrid=_p_dKEJ_ge"
}, {
	"name_fr": "TABLE BASSE LUMINEUSE EN VERRE \"CRACK\"",
	"name_zh": "带有灯光裂纹玻璃小桌",
	"url_fr": "/fr-fr/p/glas-italia/maison/69I-WTA001?ColorId=QklBTkNP0&amp;lvrid=_p_dWTA_ge"
}, {
	"name_fr": "POUF \"042\"",
	"name_zh": "“042”矮凳",
	"url_fr": "/fr-fr/p/dimoremilano/maison/69I-WU8017?ColorId=UFVTSCBJVCBUV081&amp;lvrid=_p_dDIM_ge"
}, {
	"name_fr": "POUF MULTICOLORE",
	"name_zh": "彩色矮凳",
	"url_fr": "/fr-fr/p/dimoremilano/maison/69I-WU8009?ColorId=TVVMVElDT0xPUg2&amp;lvrid=_p_dDIM_ge"
}, {
	"name_fr": "CHAISE \"S\"",
	"name_zh": "\"S\"椅子",
	"url_fr": "/fr-fr/p/cappellini/maison/69I-KEL029?ColorId=RS04MDU1&amp;lvrid=_p_dKEJ_ge"
}, {
	"name_fr": "GRAND TABOURET EN LAITON ET SCAGLIOLA",
	"name_zh": "大号SCAGLIOLA&amp;黄铜凳子",
	"url_fr": "/fr-fr/p/sara-ricciardi/maison/69I-X4U002?ColorId=TVVMVElDT0xPUg2&amp;lvrid=_p_dVWV_ge"
}, {
	"name_fr": "TABOURET MOYEN EN LAITON ET SCAGLIOLA",
	"name_zh": "中号SCAGLIOLA&amp;黄铜凳子",
	"url_fr": "/fr-fr/p/sara-ricciardi/maison/69I-X4U003?ColorId=TVVMVElDT0xPUg2&amp;lvrid=_p_dVWV_ge"
}, {
	"name_fr": "CHAISE \"S\"",
	"name_zh": "\"S\"椅子",
	"url_fr": "/fr-fr/p/cappellini/maison/69I-KEL012?ColorId=UEFHTElB0&amp;lvrid=_p_dKEJ_ge"
}, {
	"name_fr": "PETIT TABOURET EN LAITON ET SCAGLIOLA",
	"name_zh": "小号SCAGLIOLA&amp;黄铜凳子",
	"url_fr": "/fr-fr/p/sara-ricciardi/maison/69I-X4U004?ColorId=TVVMVElDT0xPUg2&amp;lvrid=_p_dVWV_ge"
}, {
	"name_fr": "TABLE EN VERRE \"LIQUEFY\"",
	"name_zh": "“LIQUEFY”玻璃桌",
	"url_fr": "/fr-fr/p/glas-italia/maison/69I-WTA006?ColorId=VkVSREU1&amp;lvrid=_p_dWTA_ge"
}, {
	"name_fr": "TABLE EN VERRE IRISÉ \"SHIMMER\"",
	"name_zh": "“SHIMMER”彩虹玻璃桌",
	"url_fr": "/fr-fr/p/glas-italia/maison/69I-WTA009?ColorId=Q1JJU1RBTExPIFRSQVNQ0&amp;lvrid=_p_dWTA_ge"
}, {
	"name_fr": "CHAISE \"SEDIA 033\"",
	"name_zh": "“SEDIA 033”椅子",
	"url_fr": "/fr-fr/p/dimoremilano/maison/69I-WU8019?ColorId=TVVMVElDT0xPUg2&amp;lvrid=_p_dDIM_ge"
}, {
	"name_fr": "TABLE BASSE EN CÉRAMIQUE \"BOTTLE\"",
	"name_zh": "“MINI BOTTLE”陶瓷小桌",
	"url_fr": "/fr-fr/p/cappellini/maison/69I-KEL020?ColorId=QklBTkNP0&amp;lvrid=_p_dKEJ_ge"
}, {
	"name_fr": "TABLE BASSE EN CÉRAMIQUE \"BOTTLE\"",
	"name_zh": "“MINI BOTTLE”陶瓷小桌",
	"url_fr": "/fr-fr/p/cappellini/maison/69I-KEL019?ColorId=TkVSTw2&amp;lvrid=_p_dKEJ_ge"
}, {
	"name_fr": "TABLE BASSE EN VERRE \"FOUNTAIN\"",
	"name_zh": "\"FOUNTAIN\"玻璃桌",
	"url_fr": "/fr-fr/p/glas-italia/maison/69I-WTA002?ColorId=VFJBU1BBUkVOVEU1&amp;lvrid=_p_dWTA_ge"
}, {
	"name_fr": "TABLE EN VERRE \"NESTING\"",
	"name_zh": "“NESTING”玻璃桌",
	"url_fr": "/fr-fr/p/glas-italia/maison/69I-WTA015?ColorId=VFJBU1BBUkVOVEU1&amp;lvrid=_p_dWTA_ge"
}, {
	"name_fr": "TABLE EN VERRE \"NESTING\"",
	"name_zh": "“NESTING”玻璃桌",
	"url_fr": "/fr-fr/p/glas-italia/maison/69I-WTA008?ColorId=QU1CUkE1&amp;lvrid=_p_dWTA_ge"
}, {
	"name_fr": "TABLE BASSE EN VERRE \"FOUNTAIN\"",
	"name_zh": "\"FOUNTAIN\"玻璃桌",
	"url_fr": "/fr-fr/p/glas-italia/maison/69I-WTA003?ColorId=VFJBU1BBUkVOVEU1&amp;lvrid=_p_dWTA_ge"
}, {
	"name_fr": "TABLE BASSE EN VERRE \"HAROLD &amp; MAUDE\"",
	"name_zh": "“HAROLD &amp; MAUDE”玻璃边桌",
	"url_fr": "/fr-fr/p/glas-italia/maison/69I-WTA005?ColorId=VFJBU1BBUkVOVEU1&amp;lvrid=_p_dWTA_ge"
}, {
	"name_fr": "TABLE BASSE EN VERRE \"HAROLD &amp; MAUDE\"",
	"name_zh": "“HAROLD &amp; MAUDE”玻璃茶几",
	"url_fr": "/fr-fr/p/glas-italia/maison/69I-WTA004?ColorId=VFJBU1BBUkVOVEU1&amp;lvrid=_p_dWTA_ge"
}, {
	"name_fr": "TABLE BASSE EN VERRE ET RÉSINE \"MT. ETNA\"",
	"name_zh": "“MT. ETNA”树脂&amp;玻璃小桌",
	"url_fr": "/fr-fr/p/cappellini/maison/69I-KEL004?ColorId=TEFWQSBWVUxDQU5JQ0E1&amp;lvrid=_p_dKEJ_ge"
}, {
	"name_fr": "TABLE BASSE EN VERRE ET LAITON \"071\"",
	"name_zh": "“071”黄铜&amp;玻璃边桌",
	"url_fr": "/fr-fr/p/dimoremilano/maison/69I-WU8024?ColorId=QlJBU1M1&amp;lvrid=_p_dDIM_ge"
}, {
	"name_fr": "TABLE BASSE EN RÉSINE ET VERRE \"BONG\"",
	"name_zh": "“BONG”树脂&amp;玻璃小桌",
	"url_fr": "/fr-fr/p/cappellini/maison/69I-KEL003?ColorId=RklOVE8gTUFSTU81&amp;lvrid=_p_dKEJ_ge"
}, {
	"name_fr": "TABLE BASSE EN CÉRAMIQUE AVEC FRANGES",
	"name_zh": "流苏装饰陶瓷桌子",
	"url_fr": "/fr-fr/p/ceramiche-pugi/maison/69I-0S5002?ColorId=QVJBTkNJT05F0&amp;lvrid=_p_d0S5_ge"
}, {
	"name_fr": "POUF \"OTTOMAN\" EN CÉRAMIQUE AVEC FRANGES",
	"name_zh": "流苏陶瓷搁脚凳",
	"url_fr": "/fr-fr/p/ceramiche-pugi/maison/69I-0S5003?ColorId=VkVSREU1&amp;lvrid=_p_d0S5_ge"
}, {
	"name_fr": "POUF EN CÉRAMIQUE AVEC FRANGES",
	"name_zh": "流苏装饰搁脚凳",
	"url_fr": "/fr-fr/p/ceramiche-pugi/maison/69I-0S5005?ColorId=Uk9TU081&amp;lvrid=_p_d0S5_ge"
}, {
	"name_fr": "POUF \"BIG REVOLUTION\"",
	"name_zh": "\"BIG REVOLUTION\"座椅",
	"url_fr": "/fr-fr/p/millim-studio/maison/68I-WTH002?ColorId=QkxBQ0svR09MRA2&amp;lvrid=_p_dWTH_ge"
}, {
	"name_fr": "TABLE À CAFÉ \"DISCOVER\"",
	"name_zh": "\"DISCOVER\"咖啡桌",
	"url_fr": "/fr-fr/p/millim-studio/maison/68I-WTH003?ColorId=QkxBQ0svR09MRA2&amp;lvrid=_p_dWTH_ge"
}, {
	"name_fr": "POUF \"SMALL REVOLUTION\"",
	"name_zh": "小号\"REVOLUTION\"座椅",
	"url_fr": "/fr-fr/p/millim-studio/maison/68I-WTH001?ColorId=UkVELyBHT0xE0&amp;lvrid=_p_dWTH_ge"
}, {
	"name_fr": "FAUTEUIL \"400 ARMCHAIR TANK\"",
	"name_zh": "\"400 ARMCHAIR 'TANK'\"椅子",
	"url_fr": "/fr-fr/p/artek/maison/67I-VRX023?ColorId=WkVCUkE1&amp;lvrid=_p_dVRX_ge"
}, {
	"name_fr": "FAUTEUIL \"41 PAIMIO\"",
	"name_zh": "\"ARMCHAIR 41 'PAIMIO' \"扶手椅",
	"url_fr": "/fr-fr/p/artek/maison/67I-VRX022?ColorId=QkxBQ0s1&amp;lvrid=_p_dVRX_ge"
}, {
	"name_fr": "FAUTEUIL \"41 PAIMIO\"",
	"name_zh": "\"ARMCHAIR 41 'PAIMIO' \"扶手椅",
	"url_fr": "/fr-fr/p/artek/maison/67I-VRX021?ColorId=V0hJVEU1&amp;lvrid=_p_dVRX_ge"
}, {
	"name_fr": "CHARIOT \"TEA TROLLEY 901\"",
	"name_zh": "\"TEA TROLLEY 901”桌子",
	"url_fr": "/fr-fr/p/artek/maison/67I-VRX031?ColorId=QkxBQ0s1&amp;lvrid=_p_dVRX_ge"
}, {
	"name_fr": "CHARIOT \"TEA TROLLEY 901\"",
	"name_zh": "\"TEA TROLLEY 901”桌子",
	"url_fr": "/fr-fr/p/artek/maison/67I-VRX030?ColorId=V0hJVEU1&amp;lvrid=_p_dVRX_ge"
}, {
	"name_fr": "FAUTEUIL IMPRIMÉ CHATON",
	"name_zh": "针织印图扶手椅",
	"url_fr": "/fr-fr/p/seletti/maison/67I-W58002?ColorId=TVVMVEk1&amp;lvrid=_p_d0QQ_ge"
}, {
	"name_fr": "TABOURET DE BAR \"STOOL 64\"",
	"name_zh": "\"BAR STOOL 64”凳子",
	"url_fr": "/fr-fr/p/artek/maison/67I-VRX008?ColorId=QkxBQ0s1&amp;lvrid=_p_dVRX_ge"
}, {
	"name_fr": "TABOURET DE BAR \"STOOL 64\"",
	"name_zh": "\"BAR STOOL 64”凳子",
	"url_fr": "/fr-fr/p/artek/maison/67I-VRX007?ColorId=V0hJVEU1&amp;lvrid=_p_dVRX_ge"
}, {
	"name_fr": "TABOURET DE BAR \"STOOL 64\"",
	"name_zh": "\"BAR STOOL 64”凳子",
	"url_fr": "/fr-fr/p/artek/maison/67I-VRX009?ColorId=QklSQ0g1&amp;lvrid=_p_dVRX_ge"
}, {
	"name_fr": "CHAISES HAUTES \"K65\"",
	"name_zh": "\"HIGH CHAIR K65\"凳子",
	"url_fr": "/fr-fr/p/artek/maison/67I-VRX014?ColorId=V0hJVEU1&amp;lvrid=_p_dVRX_ge"
}, {
	"name_fr": "FAUTEUIL IMPRIMÉ ROUGES À LÈVRE",
	"name_zh": "口红印图扶手椅",
	"url_fr": "/fr-fr/p/seletti/maison/67I-W58003?ColorId=TVVMVEk1&amp;lvrid=_p_d0QQ_ge"
}, {
	"name_fr": "CHAISES HAUTES \"K65\"",
	"name_zh": "\"HIGH CHAIR K65\"凳子",
	"url_fr": "/fr-fr/p/artek/maison/67I-VRX013?ColorId=QklSQ0g1&amp;lvrid=_p_dVRX_ge"
}, {
	"name_fr": "CHAISE \"66\"",
	"name_zh": "\"CHAIR 66”椅子",
	"url_fr": "/fr-fr/p/artek/maison/67I-VRX016?ColorId=QkxBQ0s1&amp;lvrid=_p_dVRX_ge"
}, {
	"name_fr": "FAUTEUIL IMPRIMÉ FLEURS AVEC TROUS",
	"name_zh": "打孔花朵印图扶手椅",
	"url_fr": "/fr-fr/p/seletti/maison/67I-W58001?ColorId=TVVMVEk1&amp;lvrid=_p_d0QQ_ge"
}, {
	"name_fr": "TABOURET \"STOOL E60 CONFIGURABLE\"",
	"name_zh": "\"STOOL E60 CONFIGURABLE\"凳子",
	"url_fr": "/fr-fr/p/artek/maison/67I-VRX048?ColorId=WkVCUkE1&amp;lvrid=_p_dVRX_ge"
}, {
	"name_fr": "TABOURET \"STOOL 60 CONFIGURABLE\"",
	"name_zh": "\"STOOL 60 CONFIGURABLE\"凳子",
	"url_fr": "/fr-fr/p/artek/maison/67I-VRX045?ColorId=WkVCUkE1&amp;lvrid=_p_dVRX_ge"
}, {
	"name_fr": "CHAISE \"66\"",
	"name_zh": "\"CHAIR 66”椅子",
	"url_fr": "/fr-fr/p/artek/maison/67I-VRX015?ColorId=QklSQ0g1&amp;lvrid=_p_dVRX_ge"
}, {
	"name_fr": "TABOURET \"E60 STOOL\"",
	"name_zh": "\"E60 STOOL\"凳子",
	"url_fr": "/fr-fr/p/artek/maison/67I-VRX006?ColorId=QkxBQ0s1&amp;lvrid=_p_dVRX_ge"
}, {
	"name_fr": "TABOURET \"E60 STOOL\"",
	"name_zh": "\"E60 STOOL\"凳子",
	"url_fr": "/fr-fr/p/artek/maison/67I-VRX005?ColorId=V0hJVEU1&amp;lvrid=_p_dVRX_ge"
}, {
	"name_fr": "TABOURET \"STOOL 60\"",
	"name_zh": "\"STOOL 60\"凳子",
	"url_fr": "/fr-fr/p/artek/maison/67I-VRX043?ColorId=V0hJVEU1&amp;lvrid=_p_dVRX_ge"
}, {
	"name_fr": "TABOURET \"E60 STOOL\"",
	"name_zh": "\"E60 STOOL\"凳子",
	"url_fr": "/fr-fr/p/artek/maison/67I-VRX044?ColorId=QklSQ0g1&amp;lvrid=_p_dVRX_ge"
}, {
	"name_fr": "TABOURET \"STOOL 60\"",
	"name_zh": "\"STOOL 60\"凳子",
	"url_fr": "/fr-fr/p/artek/maison/67I-VRX001?ColorId=QklSQ0g1&amp;lvrid=_p_dVRX_ge"
}, {
	"name_fr": "TABLE BASSE \"CORDULA\"",
	"name_zh": "\"CORDULA\"咖啡桌",
	"url_fr": "/fr-fr/p/missoni-home-collection/maison/66I-WGH001?ColorId=NjAx0&amp;lvrid=_p_d9MW_ge"
}, {
	"name_fr": "FAUTEUIL ROND \"CORDULA\"",
	"name_zh": "\"CORDULA\"圆形扶手椅",
	"url_fr": "/fr-fr/p/missoni-home-collection/maison/66I-WGH002?ColorId=NjAx0&amp;lvrid=_p_d9MW_ge"
}, {
	"name_fr": "FAUTEUIL \"CONTROPAKKO\"",
	"name_zh": "\"CONTROPAKKO\"椅子",
	"url_fr": "/fr-fr/p/mogg/maison/66I-WFJ006?ColorId=QlJPV041&amp;lvrid=_p_dWFJ_ge"
}, {
	"name_fr": "POUF \"PALLINA\"",
	"name_zh": "\"PALLINA\"矮凳",
	"url_fr": "/fr-fr/p/missoni-home-collection/maison/66I-WGH009?ColorId=QzA0OQ2&amp;lvrid=_p_d9MW_ge"
}, {
	"name_fr": "FAUTEUIL \"MISS\"",
	"name_zh": "\"MISS\"扶手椅",
	"url_fr": "/fr-fr/p/missoni-home-collection/maison/66I-WGH006?ColorId=QzA0OQ2&amp;lvrid=_p_d9MW_ge"
}, {
	"name_fr": "CHAISE \"MISS\"",
	"name_zh": "\"MISS\"椅子",
	"url_fr": "/fr-fr/p/missoni-home-collection/maison/66I-WGH005?ColorId=QzA0OQ2&amp;lvrid=_p_d9MW_ge"
}, {
	"name_fr": "POUF \"CHE PAKKO\"",
	"name_zh": "\"CHE PAKKO\"矮凳",
	"url_fr": "/fr-fr/p/mogg/maison/66I-WFJ005?ColorId=Qi9TQUJCSUE1&amp;lvrid=_p_dWFJ_ge"
}, {
	"name_fr": "FAUTEUIL \"ANTIBODI\" AVEC FLEURS",
	"name_zh": "\"ANTIBODI\"花朵装饰扶手椅",
	"url_fr": "/fr-fr/p/moroso/maison/64I-W2S038?ColorId=TVVMVElDT0xPUg2&amp;lvrid=_p_dW25_ge"
}, {
	"name_fr": "TABOURET \"GIANCARLO\" EN MARBRE",
	"name_zh": "\"GIANCARLO\"大理石凳子",
	"url_fr": "/fr-fr/p/bloc-studios/maison/64I-PBA004?ColorId=QVJBQkVTQ0FUTw2&amp;lvrid=_p_dPBA_ge"
}, {
	"name_fr": "FAUTEUIL \"TROPICALIA\"",
	"name_zh": "\"TROPICALIA\"扶手椅",
	"url_fr": "/fr-fr/p/moroso/maison/64I-W2S050?ColorId=QS1NRUxBTkdF0&amp;lvrid=_p_dW25_ge"
}, {
	"name_fr": "FAUTEUIL \"TROPICALIA\"",
	"name_zh": "\"TROPICALIA\"扶手椅",
	"url_fr": "/fr-fr/p/moroso/maison/64I-W2S049?ColorId=QS1DQVJOSVZBTEU1&amp;lvrid=_p_dW25_ge"
}, {
	"name_fr": "FAUTEUIL \"TROPICALIA\"",
	"name_zh": "\"TROPICALIA\"扶手椅",
	"url_fr": "/fr-fr/p/moroso/maison/64I-W2S037?ColorId=QS1CTEFDSyBRVUFSVFo1&amp;lvrid=_p_dW25_ge"
}, {
	"name_fr": "LOT DE 4 CHAISES \"SUPERNATURAL\" ÉDITION LIMITÉE",
	"name_zh": "限量版\"SUPERNATURAL\"椅子4件套",
	"url_fr": "/fr-fr/p/moroso/maison/64I-W2S042?ColorId=QkxBQ0stRkxVT0dSRUVO0&amp;lvrid=_p_dW25_ge"
}, {
	"name_fr": "LOT DE 4 CHAISES \"SUPERNATURAL\" ÉDITION LIMITÉE",
	"name_zh": "限量版\"SUPERNATURAL\"椅子4件套",
	"url_fr": "/fr-fr/p/moroso/maison/64I-W2S032?ColorId=V0hJVEUtRkxVTw2&amp;lvrid=_p_dW25_ge"
}, {
	"name_fr": "FAUTEUIL \"M'AFRIQUE IMBA\"",
	"name_zh": "\"M'AFRIQUE IMBA\"扶手椅",
	"url_fr": "/fr-fr/p/moroso/maison/64I-W2S022?ColorId=UkVE0&amp;lvrid=_p_dW25_ge"
}, {
	"name_fr": "CHAISE \"TROPICALIA\" AVEC ACCOUDOIRS",
	"name_zh": "\"TROPICALIA\"扶手椅",
	"url_fr": "/fr-fr/p/moroso/maison/64I-W2S051?ColorId=QS1XSElURVFVQVJUWg2&amp;lvrid=_p_dW25_ge"
}, {
	"name_fr": "CHAISE \"TROPICALIA\" AVEC ACCOUDOIRS",
	"name_zh": "\"TROPICALIA\"扶手椅",
	"url_fr": "/fr-fr/p/moroso/maison/64I-W2S048?ColorId=QS1NRUxBTkdF0&amp;lvrid=_p_dW25_ge"
}, {
	"name_fr": "CHAISE \"TROPICALIA\" AVEC ACCOUDOIRS",
	"name_zh": "\"TROPICALIA\"扶手椅",
	"url_fr": "/fr-fr/p/moroso/maison/64I-W2S047?ColorId=QS1CTEFDSyBRVUFSVFo1&amp;lvrid=_p_dW25_ge"
}, {
	"name_fr": "CHAISE \"TROPICALIA\" AVEC ACCOUDOIRS",
	"name_zh": "\"TROPICALIA\"扶手椅",
	"url_fr": "/fr-fr/p/moroso/maison/64I-W2S036?ColorId=QS1KVU5HTEU1&amp;lvrid=_p_dW25_ge"
}, {
	"name_fr": "LOT DE 4 CHAISES SUPERNATURAL\"",
	"name_zh": "\"SUPERNATURAL\"椅子4件套",
	"url_fr": "/fr-fr/p/moroso/maison/64I-W2S045?ColorId=VFVSUVVPSVNF0&amp;lvrid=_p_dW25_ge"
}, {
	"name_fr": "LOT DE 4 CHAISES SUPERNATURAL\"",
	"name_zh": "\"SUPERNATURAL\"椅子4件套",
	"url_fr": "/fr-fr/p/moroso/maison/64I-W2S044?ColorId=Q0FSQU1FTA2&amp;lvrid=_p_dW25_ge"
}, {
	"name_fr": "LOT DE DEUX CHAISES \"RIPPLE\"",
	"name_zh": "\"RIPPLE\"椅子2件套",
	"url_fr": "/fr-fr/p/moroso/maison/64I-W2S046?ColorId=TkVSTw2&amp;lvrid=_p_dW25_ge"
}, {
	"name_fr": "LOT DE DEUX CHAISES \"RIPPLE\"",
	"name_zh": "\"RIPPLE\"椅子2件套",
	"url_fr": "/fr-fr/p/moroso/maison/64I-W2S034?ColorId=QklBTkNP0&amp;lvrid=_p_dW25_ge"
}, {
	"name_fr": "TABLE BASSE \"M'AFRIQUE BANJOOLI\"",
	"name_zh": "\"M'AFRIQUE BANJOOLI\"小桌",
	"url_fr": "/fr-fr/p/moroso/maison/64I-W2S052?ColorId=VklPTEVULUJST1dO0&amp;lvrid=_p_dW25_ge"
}]